6,13,42,69,420,1234567890,473129,log Second Peak
-3.6790047,-1.9107157,-3.0787864,-3.981708,-2.6261208,-3.476075,-3.6590936,-5.0
-3.5007875,-3.7617054,-3.9242454,-3.981708,-4.109161,-4.227373,-2.425868,-5.0
-3.0182297,-3.6816895,-3.8283517,-3.9529996,-4.2376895,-2.8762314,-3.6322746,-5.0
1.3058676,0.55622095,-0.66332144,0.19968688,-0.7113731,-1.1194551,-2.5123224,2.081196034627009
0.74822193,0.9158547,1.2074851,1.665538,1.1960281,1.6206977,1.1281942,2.2342995755425905
1.4838629,1.6518408,1.5787362,1.6844225,1.929776,1.8718971,1.4518744,2.271850896158683
1.4401736,1.6518408,1.5787362,1.6844225,1.9361585,1.8718971,1.507993,2.356480958246542
1.5343158,1.5140406,1.6518968,1.6844225,2.047835,2.0069685,1.4518744,2.7944307454251596
1.4401736,1.5299922,1.6173482,1.7129402,1.9886727,1.9573692,1.3690307,2.94775551653169
1.474321,1.542306,1.6895552,1.7695996,1.9886727,1.9909471,1.4606042,2.9232440186302764
1.4517566,1.542306,1.6891031,1.6844225,1.9886727,2.0317621,1.3690307,2.174725428905192
1.4401736,1.6036453,1.6891031,1.6844225,2.0040214,2.0069685,1.507993,2.8926510338773004
1.4401736,1.5140406,1.6173482,1.6844225,2.047835,2.0317621,1.3690307,2.725149889598494
1.4517566,1.542306,1.5910443,1.7129402,1.978845,1.9071977,1.4303693,2.874736047334872
1.4401736,1.4618626,1.5922295,1.8001105,1.978845,1.9071977,1.3690307,2.582063362911709
1.474321,1.3829856,1.0797737,1.0153034,1.7666662,0.78492296,1.1727732,2.5301883208402947
-2.8638341,1.6036453,1.6518968,-2.427231,1.9886727,-3.4952574,-2.7333856,2.406540180433955
0.7612747,0.9714674,1.0797737,1.0153034,1.2860043,1.3330913,1.4518744,2.3043224646560634
1.479297,1.5140406,1.5787362,1.6844225,1.9246004,1.8718971,1.507993,2.3541084391474008
1.4838629,1.5248959,1.5153733,1.7353483,1.933574,1.9073942,1.4606042,2.3502480183341627
1.479297,1.5248959,1.5910443,1.6904712,1.9361585,1.8718971,1.4518744,2.3344537511509307
1.4401736,1.5248959,1.5910443,1.6722602,1.9246004,1.8968252,1.4303693,2.3242824552976926
1.4838629,1.6036453,1.5153733,1.6904712,1.8917489,1.879815,1.4518744,2.2810333672477277
1.4401736,1.6278273,1.5941341,1.6844225,1.840724,1.8094327,1.3690307,2.187520720836463
1.474321,1.6036453,0.19931972,1.6731713,1.3103904,1.8296435,1.3690307,1.9912260756924949
1.4401736,1.6036453,-3.0177264,-3.1720939,1.8176751,1.8094327,1.4518744,1.6989700043360187
1.474321,1.6036453,1.4692608,1.464183,1.7021316,1.8094327,1.4518744,-5.0
1.4330201,1.4152633,1.5697739,1.6448866,1.8416566,1.8583956,1.4004052,1.8941276798384612
1.3560625,1.50142,1.5697739,1.6102937,1.7766113,1.8352832,1.4004052,1.7600000472927297
1.4749378,1.4152633,1.5177698,1.651216,1.7956768,1.5708947,1.3947177,2.3663006394855355
1.3560625,1.4152633,1.5695128,1.6448866,1.8416566,1.5708947,1.3263615,2.435568864596029
1.4150287,1.4316798,1.5177698,1.5629017,1.7766113,1.5708947,1.3309368,2.4588704175266467
1.3560625,1.50142,1.5697739,1.6102937,1.7956768,1.5708947,1.3263615,2.5774274524609693
-3.1747632,-2.531888,-3.087278,-2.9955838,-4.0779376,-2.8323596,-3.6235068,-5.0
-3.7188523,-2.549039,-3.0658727,-2.7954483,-3.371857,-3.3358605,-2.7691886,-5.0
-2.25546,-2.549039,-2.8339179,-2.7954483,-3.1266782,-2.8323596,-3.6235068,-5.0
-3.1747632,-3.9096186,-2.8037026,-2.9955838,-3.1266782,-4.1514273,-2.7906482,-5.0
-2.25546,-2.531888,-3.9026601,-3.1769464,-2.8799694,-4.1514273,-2.839458,-5.0
-3.7188523,-3.9096186,-3.9026601,-4.0466967,-4.0779376,-4.1514273,-3.6235068,1.7293349090581291
-1.8889816,-3.9096186,-2.9961748,-0.9420706,-2.9556248,-1.5660816,-1.9252541,-5.0
-3.31281,-3.9096186,-0.56425625,-2.0136833,-2.9556248,-2.7582016,-2.7906482,-5.0
-3.31281,-1.9524138,-0.56425625,-0.9420706,-1.4403659,-1.5660816,-2.023283,-5.0
-3.31281,-3.9096186,-2.9961748,-3.055431,-3.206059,-2.7582016,-2.4893005,1.6454222693490919
-3.31281,-3.9096186,-3.0658727,-3.1769464,-2.9556248,-3.3358605,-2.7906482,1.831024668733123
-1.9756962,-2.0085788,-0.56425625,-0.9420706,-1.4403659,-2.7582016,-2.4893005,-5.0
-0.13192587,0.05075804,0.08727193,1.2714206,-0.05735741,0.17095748,-0.19083324,-5.0
-0.9287502,-0.94873327,-0.9398457,-0.9483696,-0.05735741,-1.9783169,-1.3627951,1.6530194510996135
-1.3915381,-2.2770793,-0.9079686,-1.0876467,-0.9437338,-0.12130126,-0.19083324,1.639386869017684
-0.28391695,-2.2770793,-0.6286812,-0.9276877,-0.9858357,-1.9783169,-0.2878677,1.6530194510996135
-1.3915381,-2.2770793,-0.6286812,-0.9176319,-0.12538087,-0.96114814,-1.3627951,1.710540447933297
-0.28391695,0.102179594,-0.6286812,1.2714206,-0.12538087,-0.12130126,-0.2878677,-5.0
0.9263562,1.0596039,1.0512561,1.2714206,1.2357045,1.2612687,0.8385173,-5.0
-0.014952134,-0.07707591,-0.6053997,0.101812266,1.2357045,1.2612687,0.029838149,1.6856521841155243
-0.25324905,-0.21409582,-0.6053997,-0.5688248,0.108235694,1.2612687,-0.23445317,1.6980135039391817
-0.06543704,-0.21409582,-0.6053997,-0.5688248,1.2357045,0.17697911,-0.23445317,1.7109631189952756
0.9263562,-0.07707591,-0.21840979,-0.5688248,0.19644813,-0.31028,0.8385173,1.710540447933297
-0.25324905,0.022627791,-0.21840979,0.064319916,0.13066359,-0.31028,-0.036286455,1.8748875108461125
-3.4005892,-3.754642,-3.839787,-4.0466967,-4.2145014,-4.215456,-3.584321,-5.0
-3.7368174,-3.8710473,-3.909774,-4.0466967,-4.2146273,-4.0858088,-3.6256788,-5.0
-3.6384037,-3.754642,-3.8858259,-4.081274,-4.376094,-4.3163342,-3.6544049,-5.0
-3.728233,-3.9096186,-3.8858259,-3.8843489,-4.2852674,-4.175622,-3.6256788,-5.0
-3.6384037,-3.8710473,-3.8467362,-4.0466967,-4.247694,-4.215456,-3.532173,-5.0
-3.539102,-3.8484292,-3.8467362,-3.8843489,-4.2145014,-4.175622,-3.6612604,-5.0
-3.539102,-3.9096186,-3.8664086,-3.8843489,-4.376094,-4.215456,-3.532173,-5.0
-3.7368174,-3.9096186,-3.8467362,-3.9752178,-4.2852674,-4.177111,-3.6544049,-5.0
-1.8687384,-1.103962,-1.9259316,-1.8591417,-2.1076674,-2.1218493,-2.9193513,2.44933489630968
-1.8780876,-1.1090503,-1.9292794,-1.0046337,-0.98419744,-2.1310258,-2.9193513,2.455030728743977
-0.30638987,-1.1090503,1.2984607,-1.0046337,-0.98419744,-0.11663047,-2.9193513,-5.0
-0.40674546,-1.103962,1.2984607,-0.15169163,-0.20223579,-0.18514928,-0.2656415,-5.0
1.2235076,-1.08688,-0.16664244,-0.7446322,-0.18744323,-1.1243335,1.1596103,2.692511158286732
-0.40674546,-0.12910415,1.3815314,1.211621,-0.43073183,-1.1243335,-0.19485015,2.6992877916008178
-0.22091861,-1.08688,-0.18826774,-0.1351938,-0.1274873,-0.35318166,-0.22547981,2.568502104994132
1.2235076,1.4978015,1.3815314,1.211621,1.9040176,1.9629238,1.1596103,-5.0
-2.8584304,-2.044862,-3.0377407,-2.103427,-4.3512278,-4.072713,-1.9520879,2.562499848658272
-0.27824154,-1.0270395,-0.30344304,-0.31327796,-0.23809864,-0.20509976,-0.09608996,-5.0
-2.8584304,-1.0270395,-3.0377407,-1.9348359,-4.3512278,-4.072713,-1.7901036,2.076389186432606
-0.30598852,-0.37035564,-3.0377407,0.049547072,-4.3512278,-0.24545504,-0.31542107,-5.0
-1.6942245,-0.3391945,0.9950961,-1.7803767,-1.7087003,-0.66448057,-0.3715412,-5.0
-1.1742412,-2.1889265,0.9950961,-2.420401,-1.7087003,-1.1680785,-1.2123345,2.0593740590659575
-1.1742412,-1.3497906,0.9950961,-0.40669563,-0.23748757,-1.1680785,-1.2123345,-5.0
-1.6942245,-1.3497906,-2.3163962,-1.7803767,-2.47232,-2.5659308,-1.946419,2.581851848655016
-2.9775467,-3.467304,-2.9812622,-3.4813223,-3.4376445,-3.7978282,-2.7385175,-5.0
-2.9028447,-3.3659759,-3.1152978,-3.1571178,-3.3134105,-4.186448,-2.7385175,-5.0
-3.025183,-3.384555,-2.5281913,-2.9690893,-4.097602,-4.018401,-0.40967053,-5.0
-3.6447542,-3.7148411,-3.823754,-2.9690893,-4.291649,-4.227373,-3.591192,-5.0
-3.6757178,-3.7617054,-3.8780599,-3.9339104,-4.1329303,-4.227373,-3.6349964,-5.0
-3.6447542,-3.7148411,-3.8283517,-3.9529996,-4.298376,-4.2360716,-3.5590963,-5.0
-3.3302813,-3.573973,-1.1501806,-3.5503933,-3.8739638,-4.2524676,-3.2628324,-5.0
-3.052348,-2.2580433,-0.51690114,-1.91782,-4.097602,-3.4537911,-3.1385887,-5.0
0.5496593,-1.1612886,-1.1514869,-0.31327796,-3.9316957,-1.4897044,-1.0299836,-5.0
1.143537,1.2871845,1.3606217,1.6046978,1.1666235,1.6603165,1.2792015,1.7358303552894891
1.1742265,0.8311838,1.257654,1.246195,1.1666235,1.3749443,1.2792015,2.364406519164995
1.406909,1.4391382,1.3828064,1.6739042,1.8358946,1.8537529,1.2897357,2.156149198245543
1.3833379,1.5200503,1.4312508,1.5779184,1.7067128,1.752214,1.2897357,2.33706971917569
1.345721,1.4100904,1.2717354,1.5957928,1.7314461,1.6244683,1.2132266,2.1760912590556813
1.3178236,1.4962459,1.5442344,1.6869079,1.8349875,1.9053828,1.3619006,2.3979400086720375
0.10940342,-2.5114698,1.6024156,0.6254856,0.7091888,-2.118304,1.2132266,2.6020599913279625
1.4749378,-0.37201214,-0.6508977,1.481328,1.8349875,1.3934151,1.3947177,-5.0
0.14668569,1.4962459,1.5442344,1.5900257,-0.44036937,1.2165254,1.2132266,2.03342375548695
1.1711165,0.94807214,1.1986626,1.3953848,-0.9239882,1.0208094,1.2430434,2.1271047983648077
0.14668569,0.94807214,1.5442344,0.8846802,-0.9239882,0.7531527,1.3947177,2.1398790864012365
1.4005961,1.3206701,1.506988,1.2639809,1.8349875,1.9053828,1.3947177,2.187520720836463
1.4749378,1.4100904,1.5235788,1.5513096,1.7751021,1.6212047,1.3601029,2.1958996524092336
1.3178236,1.4100904,1.6024156,1.6671786,1.6044508,1.8395659,1.3947177,2.2764618041732443
0.3134994,-0.37376654,-0.7452217,-1.920959,1.0616622,0.908612,0.19283178,-5.0
-1.825912,-3.3353796,-3.844856,-0.78212756,-2.6902547,0.759459,0.19283178,2.645422269349092
-0.4119271,1.1516944,1.2638223,1.4723356,-3.7884507,1.7548308,1.3601029,2.1818435879447726
1.3892162,1.3835016,1.5610328,1.4723356,1.1680505,1.7721196,1.3947177,2.2430380486862944
1.3892162,1.4962459,1.4980512,1.0005119,1.7959194,1.7137133,1.2392828,2.367355921026019
1.3406987,0.92419916,1.4980512,1.0718975,1.9392146,1.8372506,1.3601029,2.499687082618404
-0.958109,-0.48881078,-2.435573,-1.124864,-0.18182032,1.7259833,1.2614702,2.1522883443830563
1.3799797,1.1696432,-2.2960596,1.6099539,1.4792577,1.8719007,1.1785586,2.2833012287035497
1.270681,0.6822839,1.2788174,1.4988292,1.6337551,1.9427981,1.066095,2.3636119798921444
-3.6552217,-2.0860074,-3.1968703,-2.23672,-4.120801,-2.067451,-3.6444595,-5.0
-0.9649446,-2.9804888,-0.7925196,-2.7631502,-2.215605,-4.071238,-2.7472,-5.0
-3.676873,-3.6048582,-4.031426,-3.637451,-3.6101236,-3.4869308,-3.5868516,-5.0
-3.6878848,-3.3873062,-3.8952637,-3.7781987,-2.7238617,-0.61531055,-2.1724648,-5.0
1.1751671,1.3617626,1.3316939,0.48977578,-0.21854113,1.4595143,1.1986407,1.8778433988783796
-1.1974041,0.78396124,1.2399228,-2.0920377,-0.8438908,0.77657306,1.1492207,2.079293424299716
0.8270934,1.205137,1.2399228,1.3186302,-0.84624386,1.4265769,-2.47708,1.9698956079747902
1.205177,1.2623335,1.5124394,1.4163412,0.90338534,1.1594718,1.2501892,1.7076382953799996
-0.23977996,-1.770034,0.14612426,-2.8481352,0.62272847,0.5680075,-3.320394,-5.0
-3.1699164,-2.9829593,-1.2357848,-1.2551484,-2.7759023,-3.6708887,-0.485928,1.6881527555915663
0.18128207,1.3946962,1.3232545,0.6905551,1.7265089,1.5218287,0.8244061,1.7311857076340005
-0.5516904,0.3940837,1.2968713,1.418504,1.5000627,1.6471484,0.23399265,2.7393784903572698
-0.5516904,0.3940837,1.3232545,1.1975243,1.6887774,0.9625296,0.23399265,2.6847726740473794
-1.1229575,-2.2075288,-3.4855707,-2.9563322,-3.7618928,-0.90689135,-3.0500236,-5.0
0.2386442,-3.4030704,-3.1786802,-0.020586874,-2.3186798,0.3552836,0.022396706,-5.0
1.2961239,1.462242,1.4407535,1.6046978,1.7239252,-2.0407205,1.2792015,-5.0
-0.90700084,-2.833788,-2.9891376,-3.191306,-3.011877,-3.9058943,-3.6135523,-5.0
1.0739325,1.1256738,-2.9614234,1.4346184,1.9112405,1.6382645,1.2611815,2.4724536536918156
1.0863626,1.402006,1.5199811,-0.5822208,1.6428596,1.6382645,0.7339727,2.2785249647370174
0.6743501,0.8353195,1.2601014,1.1542516,-3.469812,1.694557,1.2792015,2.3896107868719514
1.0863626,1.4604039,1.3660828,1.5331801,1.4286118,1.432384,1.2611815,2.4637676075331436
-1.1316519,0.88055587,-2.9614234,1.0104162,-2.9669266,1.7875075,-0.30312812,2.0121958507472315
1.0756767,-0.32009414,1.3803582,1.0104162,-2.932167,0.5791926,-1.0155469,2.426259069636315
1.2961239,-0.11473885,1.4407535,-1.4855292,-3.469812,1.6941935,-1.3124169,1.926831010291032
1.1536928,0.97119457,1.5274241,0.8780781,-2.9422529,1.5533814,-0.30312812,2.3340297318857552
-0.9005108,-2.1350944,-1.8919818,-3.6750052,-3.9600627,-3.4656258,-3.7436702,-5.0
-3.2453485,-2.1350944,-3.751844,-4.1350975,-4.0326514,-3.4656258,-3.6296484,-5.0
-3.7589195,-3.8991647,-3.9625106,-3.6750052,-3.990866,-4.1216955,-3.6061003,-5.0
0.6282403,0.79533046,1.1815858,0.8805711,1.152222,1.4658505,1.0254831,-5.0
-0.14487001,1.3373377,1.3762796,1.5109125,1.3855832,1.5158325,1.2257651,-5.0
0.5446412,0.969182,-2.6145856,0.85971874,0.09161392,0.8003311,0.5420875,-5.0
-2.9388492,-3.4005752,-2.6145856,-3.692284,-3.9919653,-3.9668024,-3.670551,1.9756110041782469
-0.14487001,-2.9491236,-3.461904,-3.233837,-2.4358928,-2.9407063,-3.2292788,2.8604518067654974
-1.0089169,0.79533046,-1.9003754,-1.1893675,-1.3041747,-1.2553351,-3.5052278,2.269888703182173
-1.9687071,0.79533046,-2.939964,-2.6511142,-2.8592215,-4.38284,-3.5052278,1.7477379889113938
-3.6880393,-3.8465142,-3.41271,-3.5449452,-3.990866,-4.38284,-3.629944,1.6797548572145484
-3.7860677,-3.1320987,-4.0029993,-3.8912427,-3.9600627,-3.6310732,-3.629944,-5.0
-2.0198045,-2.8439364,1.057245,0.07334138,0.45576075,-1.986835,1.2906413,1.6324572921847242
1.0004896,1.4671801,1.4869812,1.7016138,1.7378609,0.5468189,1.2906413,1.9493900066449128
1.3821609,1.4448246,1.6167144,1.7016138,1.7006471,1.7495909,1.2906413,1.99563519459755
1.3774809,1.3980485,1.4537907,0.95800674,1.6599257,1.5210816,1.3059864,2.0187212977123385
1.1681501,1.2823765,1.3407552,1.3790894,1.5804404,1.5210816,1.1624874,1.9420080530223132
1.2088897,1.3022978,1.4537907,0.95800674,1.5849451,1.5646518,1.1624874,1.7832959993528459
1.2088897,1.3980485,1.3407552,0.95800674,1.6154609,1.6889642,1.3059864,1.6916560434981467
-3.3978524,-2.6448119,-0.30344304,-2.0781183,-3.4708104,-3.630453,-3.5590963,-5.0
-0.81599516,-3.4459867,0.33888423,-1.4147685,-3.0616932,0.19772057,-1.895814,1.9670703641516833
0.5118144,-3.4459867,0.46800008,0.21052313,1.662697,0.21951807,-1.8755631,1.9558800862253753
-3.7761908,-3.9465513,-4.0186434,-4.2162952,-4.4403815,-4.400365,-3.7745538,-5.0
-3.8255434,-3.8805237,-4.0186434,-4.205484,-4.450062,-4.398781,-3.7636325,-5.0
-3.8194203,-3.9729514,-4.031426,-4.238657,-4.473491,-4.398781,-3.7880359,-5.0
-3.6480966,-3.9729514,-3.5691473,-2.9671175,-4.4382067,-4.151319,-3.7674122,-5.0
-3.1126103,-2.8932197,-3.368906,-3.1313694,-2.8422265,-4.194277,-3.0395653,-5.0
-2.8629112,-3.9728723,-3.7114403,-3.1313694,-2.8422265,-2.4649808,-3.1885285,-5.0
-3.8347204,-3.9465513,-4.0186434,-4.182683,-4.444219,-4.456843,-3.7745538,-5.0
-3.8861105,-4.0243244,-4.037573,-4.159683,-4.476512,-4.4320173,-3.8162062,-5.0
-3.8347204,-3.9206824,-4.0273523,-4.159683,-4.44051,-4.400365,-3.8162062,-5.0
-2.482614,-3.578739,-3.844856,-0.032759033,-3.3584025,-4.456843,0.83866334,-5.0
-3.8861105,-3.8805237,-4.031426,-4.1258283,-4.3693223,-4.2914867,-3.7340434,-5.0
-3.827031,-3.919199,-4.031426,-4.1022716,-4.467892,-4.398781,-3.7880359,-5.0
-3.7528863,-3.8805237,-3.9906797,-4.147528,-4.4422626,-4.4147096,-3.7745538,-5.0
-3.7528863,-3.9465513,-4.0273523,-4.213226,-4.3693223,-4.400365,-3.7340434,-5.0
-3.827031,-3.919199,-4.0186434,-4.1022716,-4.4403815,-4.2914867,-3.7340434,-5.0
-3.7844677,-3.919199,-4.0273523,-4.1022716,-4.4422626,-4.2914867,-3.7745538,-5.0
-3.7528863,-3.9465513,-3.9906797,-4.1728563,-4.3693223,-4.433674,-3.7745538,-5.0
-3.7844677,-3.9729514,-4.0273523,-4.1022716,-4.400404,-4.4288726,-3.771177,-5.0
-3.827031,-3.919199,-4.031426,-4.1258283,-4.44051,-4.400365,-3.7674122,-5.0
-3.7844677,-3.9465513,-4.010415,-4.1258283,-4.444219,-4.398781,-3.8127375,-5.0
-3.7844677,-3.9465513,-3.9906797,-4.1150956,-4.44051,-4.342634,-3.771177,-5.0
-3.7844677,-3.8805237,-4.0273523,-4.2427497,-4.444219,-4.4288726,-3.8127375,-5.0
-3.8861105,-3.8954892,-4.037573,-4.2162952,-4.4422626,-4.433674,-3.7674122,-5.0
-3.8194203,-3.9729514,-4.037573,-4.22153,-4.473491,-4.4290032,-3.7636325,-5.0
-3.7761908,-3.8954892,-4.0273523,-4.1660976,-4.473491,-4.400365,-3.7880359,-5.0
-3.627827,-3.9729514,-3.9568765,-3.9829721,-4.0438986,-4.4020157,-3.7674122,-5.0
-2.8629112,-3.8208227,-3.9003575,-4.1388187,-2.8422265,-4.4433303,-3.0395653,-5.0
-3.7867572,-3.8805237,-4.0186434,-4.1996965,-4.4422626,-4.441158,-3.7880359,-5.0
-3.8347204,-3.9206824,-4.0186434,-4.1801233,-4.4422626,-4.441158,-3.8007662,-5.0
-3.7867572,-3.9206824,-4.0186434,-4.1263237,-4.44051,-4.398781,-3.7880359,-5.0
-3.770633,-3.8169138,-3.101604,-4.1436763,-4.493675,-4.42485,-3.8162062,-5.0
-0.55487007,0.99206406,0.58360046,0.1149562,-0.687772,-0.7573103,0.5371806,2.3950239419207384
-0.55487007,0.56297743,0.69234896,0.1149562,1.7632986,0.41571102,1.3379611,1.7443242824979845
1.4369887,0.63978595,0.8973404,0.49475256,0.43755272,1.774845,0.7021779,-5.0
-0.11479365,-1.5645351,-3.9787753,-2.6747255,-1.3956714,-3.7311373,-2.6722329,2.4058788683316576
-2.965641,-0.17724267,-3.9787753,-2.0630484,-0.11793347,-0.89979637,-2.7324579,2.4087367446825323
-2.965641,1.2959111,0.6175358,0.4353736,0.87414026,1.5420867,0.80564517,-5.0
-0.773162,1.2959111,-1.1843969,-1.7427547,1.2720807,1.7035285,-1.328954,-5.0
0.13533653,0.63978595,0.5698813,0.04639276,-0.011364562,-0.24580441,0.37440276,2.9367378690564405
1.2115308,0.56297743,1.4028114,0.1149562,-0.011364562,-0.24580441,0.5371806,2.243903293481164
1.2115308,1.2966814,1.4028114,1.1354684,1.7632986,1.7632792,1.3379611,-5.0
0.21187864,0.27405062,0.58360046,0.09882716,0.5329899,-0.013855905,0.5881276,2.2560438987020315
-0.55487007,0.27405062,0.69234896,0.30890185,0.5329899,1.7632792,0.7021779,1.9474680327367904
0.6811295,0.27405062,0.7550883,0.04639276,1.7632986,1.7632792,1.3379611,1.700348869552902
0.21187864,0.27405062,0.7550883,1.1354684,0.5329899,-0.24580441,0.37440276,2.097562701210251
0.79832375,0.6988868,0.8162183,-1.6468141,-2.4660394,-3.2775862,0.6970914,1.935174616002774
1.1560925,1.1730951,1.1448835,0.7248241,1.1277615,1.2029166,0.89920527,2.0011883395976144
0.79832375,0.9907461,0.9196671,1.07291,0.4944021,1.3668857,0.89920527,1.9363764830191357
1.2115308,1.1730951,1.28616,-2.7994304,-2.308542,-3.2791035,-3.17577,1.819142356550309
1.2115308,1.1730951,1.28616,0.8096112,1.2378922,1.3668857,1.1125026,-5.0
1.2115308,-2.8439364,-1.0387716,0.6342211,-0.6532308,-1.4635104,-0.8116858,-5.0
-0.32703918,0.27405062,0.69234896,1.1354684,1.7632986,1.7632792,1.3379611,-5.0
1.2580421,0.7394812,0.71043533,1.3912534,0.9634574,1.4175247,0.7084319,2.4771212547196626
-3.3661942,1.0203185,1.1055337,1.130239,1.2788587,1.4316987,0.9356651,1.9294189257142926
-3.3661942,-3.0717857,-2.7367995,-2.3703263,-2.7476254,-1.278649,-3.3636403,1.6989700043360187
1.2420626,1.2857815,1.1055337,1.3873777,1.4965376,1.4175247,1.2428794,-5.0
1.3110976,1.3916563,1.183602,1.5178044,-1.2288052,0.55887645,1.3059864,-5.0
0.06671842,0.47329,0.4005857,-2.2751746,1.3559606,0.71947175,-0.092488766,-5.0
1.273358,-0.77058023,0.029679688,1.5750363,1.9142269,1.7294447,1.427686,-5.0
-2.788585,-2.8439364,-2.9789088,-1.8015566,-3.596027,-3.02156,-3.7750356,2.325517715789687
1.1731001,1.343927,1.4097056,1.5750363,1.6144246,1.8752897,1.2590029,2.9419321068899937
-0.5049591,1.2472683,-3.2392077,0.6988556,1.7654423,-3.3598511,1.2292079,2.8701878749222516
-3.6790047,-3.7617054,-3.6138628,-3.9529996,-3.4496496,-3.762983,-2.4648297,-5.0
-3.1125693,-2.8439364,-3.188798,-3.6446018,-2.6924224,-3.600184,-2.8134284,-5.0
0.22878128,-0.24668953,0.27739003,-0.46635646,-0.483731,-1.1146603,-1.0671773,-5.0
0.22878128,-1.0689143,-1.0936183,-0.52049315,-1.1108077,0.287425,0.19283178,-5.0
-1.027609,-0.24668953,0.27739003,-0.92271984,-0.48481727,0.287425,0.19283178,-5.0
-1.5812244,-0.24668953,-2.4648356,-1.7554216,-2.8152297,-1.1146603,-1.524099,2.4852130328713433
-1.4610276,-1.0689143,-1.0936183,-0.92271984,-2.8152297,-1.7895817,-1.0671773,2.458193508479987
-1.027609,-1.632504,-2.4648356,-1.70836,-1.1108077,-1.8371414,-1.5974826,2.6922686497140713
-3.5149906,-3.704397,-3.9319239,-0.28628537,-4.1277504,-4.3337684,-3.2922385,-5.0
-3.7593179,-3.7798479,-3.5891879,-2.6769843,-4.1297307,-4.042502,-3.2763526,-5.0
-3.5149906,-3.858224,-3.9793494,-3.4420729,-4.130105,-4.042502,-3.4371288,-5.0
-3.1324797,-1.5190238,-1.5510285,-3.015778,-4.119722,-1.4278475,-2.7407808,-5.0
-0.11034092,1.3616222,1.4675894,0.36745915,0.8527935,1.0262922,-0.172165,2.6633654187444646
1.4838629,1.3397166,1.5910443,1.2418172,1.1557363,-0.33541638,1.2394556,1.85666244247226
-3.3094232,-3.6349277,-3.4232907,-3.61635,-4.046489,-4.0269623,-3.2401905,-5.0
-3.4122417,0.7389801,-3.431784,-1.56741,-3.9303792,-3.580695,-3.1721323,-5.0
-3.5251284,-2.5499034,-3.4256296,-3.769929,-3.890552,-4.1470394,-3.17577,-5.0
1.375528,1.4558012,1.4308023,1.5444874,1.7088672,1.7568496,1.2874504,1.8455862859524603
1.331505,1.3779384,1.5543734,1.5444874,1.5989534,1.7568496,1.370068,1.7826870045041745
1.375528,1.4400731,1.4391142,1.5143911,1.5875297,1.6980073,1.3276205,1.7826870045041745
1.3833379,1.3779384,1.5116674,1.1588616,1.5875297,1.6980073,1.3140692,1.7882908814895369
0.7939571,0.7380995,0.8595749,1.1324419,1.3559606,1.1234001,0.9487857,1.7882908814895369
1.331505,1.4558012,1.4572507,1.5575694,1.7334051,1.4881374,1.3140692,2.256031762275278
1.331505,1.496525,1.5216936,1.572674,1.6076608,1.574081,1.3140692,2.3441291451626407
1.326396,1.4166391,1.4572507,1.6805803,1.792586,1.6689721,1.3276205,2.333946840865871
1.3833379,1.4569837,1.3472842,1.4510683,1.740361,1.3863614,1.3140692,2.3623221501600833
-3.059828,-1.5660636,-0.31322843,-2.9707432,-3.9010634,-3.2436943,-0.79437286,-5.0
-2.8414261,-3.7249346,-3.251846,-2.9707432,-3.50593,-4.2291565,-3.2396972,-5.0
1.1366252,-3.0486102,-0.87442553,0.6540897,-2.1656444,-3.037557,1.1870898,-5.0
0.7135595,-2.3123515,-1.6740568,0.38196775,0.16736478,0.42251536,0.20740798,2.7337981183400184
-0.30758584,1.4154079,-1.1981404,0.6641373,1.6245712,1.5773079,1.1231532,1.9980805257764211
-0.30758584,0.7424194,0.5765484,-0.9782834,0.77959764,-0.5029139,1.1870898,1.9360611166099886
0.330602,0.7731972,0.92309284,-3.3185818,-0.017595021,-2.2993753,0.745186,-5.0
-3.6661754,-3.8329124,-3.9787753,-4.0818176,-4.2363467,-4.355505,-3.605993,2.2821687783046416
-1.0790645,-3.7402372,-2.0951295,-0.20134947,-3.1783552,0.44412044,-1.6895298,-5.0
-1.2725726,0.3230624,0.20684694,-0.12154513,-2.7498274,-2.8408022,1.2637318,-5.0
-1.690257,-2.548711,-3.5198505,-2.756201,-3.93232,-3.036851,-3.4201536,2.802631547875135
-1.9210916,1.3434689,-2.1320813,-1.4855043,1.5960768,0.47902855,1.1231532,-5.0
-2.3588176,-2.9491236,-2.9679623,-3.1281023,-3.4208329,-3.6153293,-2.7333856,2.2605483726369795
1.3241067,1.3346525,1.3011134,1.4113504,1.3028604,1.4095579,1.1001716,-5.0
-1.7683628,1.3346525,-2.9767985,-1.8202242,-2.6413112,-3.4070165,1.1001716,2.093750783675318
-1.4446441,1.1364799,1.0526975,1.0628178,1.3028604,1.643554,1.1001716,2.3041327768736997
1.2837287,-2.4375384,0.92941886,-0.19801107,-0.83852965,0.0312875,0.7603579,2.2580647093021717
-1.6129344,1.1364799,-1.3149251,-0.9891882,0.89959997,1.6319952,-2.6867547,2.0624729269002615
1.2837287,1.3576494,1.2009046,-0.15329213,1.0964532,1.5436808,0.99832165,-5.0
1.3172077,-1.8841844,1.3474786,1.5188142,1.7460515,1.6296209,1.3712654,1.7993405494535817
1.2663149,-1.8841844,1.3474786,1.560253,1.7203873,1.6882815,1.3287362,1.9912260756924949
1.3278967,-1.8841844,1.4192544,1.418987,1.6572994,1.6216725,1.2416942,2.12057393120585
-3.3944297,-2.6396751,-3.5273652,-2.8767793,-3.7543516,-3.9282012,-2.7389672,-5.0
-3.1510973,-3.3148324,-3.659484,-3.7289007,-3.653505,-3.9225464,-3.1279008,-5.0
-2.0690608,-3.4231935,-1.3006517,-3.425978,-3.7742927,-1.3453968,-3.5539718,-5.0
-2.8022168,-3.3188615,-3.5273652,-4.106013,-4.2652836,-2.829615,-3.1147416,-5.0
1.331505,1.4314085,1.4725641,1.6101326,1.7235892,1.7682241,1.3777467,2.34964656951508
1.331505,1.4563475,1.4725641,1.5058417,1.7211132,1.7384157,1.3777467,2.177161199726047
1.3910645,1.4563475,1.497676,1.5058417,1.7235892,1.7718745,1.2906413,1.934750874663579
1.331505,1.4569422,1.5453151,1.5058417,1.728755,1.7718745,1.3777467,1.8181598863971853
1.4326243,1.4558012,1.5453151,1.6101326,1.7211132,1.7682241,1.370068,1.6131015169669127
1.4326243,1.4563475,1.5067745,1.5058417,1.728755,1.7718745,1.3318185,2.2652495425442947
1.3910645,1.4558012,1.5453151,1.5531822,1.7211132,1.6910919,1.370068,2.2688680286405956
1.3916421,1.4563475,1.5453151,1.5531822,1.7403337,1.6910919,1.3515311,2.3049168576726062
1.4326243,1.4569422,1.5067745,1.5058417,1.7235892,1.6910919,1.2906413,2.144642693095504
1.3910645,1.4563475,1.4725641,1.5531822,1.7235892,1.7384157,1.3777467,2.0468540016041943
1.3916421,1.4314085,1.4725641,1.5683081,1.7403337,1.7384157,1.3777467,1.93478115561709
1.375528,1.4563475,1.4725641,1.5058417,1.7209342,1.7682241,1.3318185,1.789587762342296
1.331505,1.3358309,1.5216936,1.5034949,1.6673636,1.738233,1.3515311,1.8600923360816437
1.3910645,1.5271324,1.5067745,1.5683081,1.6315475,1.7561449,1.2906413,1.8512583487190752
1.375528,1.4045526,1.5414051,1.5727048,1.708549,1.8399901,1.4035814,2.1841489336587214
1.4326243,1.4512558,1.5088956,1.5727048,1.9137443,1.8399901,1.4035814,1.8114208307748791
1.4326243,1.4558012,1.5081487,1.5425931,1.7705576,1.8231416,1.3777467,2.644206115698947
1.3910645,1.4971441,1.4851198,1.6993657,1.8859872,1.8231416,1.3777467,1.994369951220781
1.375528,1.4314607,1.4329561,1.1473387,1.7892538,1.6821157,1.125066,2.944588271832463
1.331505,1.4314607,1.497676,1.1473387,1.806728,1.8673172,1.125066,2.229794432066269
1.027548,0.9697253,1.5093366,1.578673,1.77017,1.6984426,1.1986407,2.2364566425016603
1.1751671,0.9697253,1.232599,1.426029,1.7521096,1.7698274,1.2501892,2.285287197369397
0.849608,1.3819504,1.3790358,1.324403,1.332372,1.2871019,1.1206458,2.1601592826060827
-3.2522144,-1.5337262,1.3507239,1.1440136,-2.0050776,-0.62650007,0.8830268,2.480081715702261
1.406909,1.4781873,1.6005198,1.6101571,1.6140432,1.7528647,1.2897357,2.277932236740448
-3.2522144,-3.4899597,-3.4440703,-3.6222632,-3.999483,-3.9781976,-3.28526,-5.0
-3.4452372,-3.4717007,-2.884323,-2.5997562,-2.8274674,-3.6495237,-1.546913,-5.0
-3.2522144,-3.5704324,-3.5154567,-2.5997562,-2.8274674,-3.866014,-3.3636403,-5.0
-3.223853,-3.4989989,-3.4761605,-3.2553194,-3.0167825,-3.9143054,-3.5534675,-5.0
-3.4351757,-3.5359647,-3.7277842,-3.2553194,-4.0495634,-3.9934666,-1.8176237,-5.0
-3.5468414,-3.4989989,-3.721038,-3.2076993,-4.221667,-3.9178894,-3.1771092,-5.0
1.2450471,1.383509,1.3384961,1.4683993,1.7214895,1.7737814,1.1691942,1.734399742520567
1.2795042,1.2781839,1.3883215,1.485493,1.5946493,1.5640887,0.8830268,1.7147487607250598
1.2961239,1.2781839,1.3795583,1.485493,1.4836214,1.3504335,1.1810038,1.746478509930031
-2.8638341,1.3161253,1.3883215,-3.1799037,-3.4147735,1.5767618,-2.728867,1.7184186418296556
1.2383559,1.3161253,1.3883215,1.4704386,1.588587,1.5767618,1.2712843,-5.0
1.2961239,1.3378344,1.3609374,1.4897566,1.7214895,1.6512382,1.3106416,2.039612381896724
1.2915297,1.3557793,1.3609374,1.4311162,1.7214895,1.6849165,1.1683073,2.1470576710283598
1.2450471,1.3568264,1.3609374,1.3993379,1.7214895,1.6404235,1.1683073,2.2246884174572874
1.2450471,1.3378344,1.3883215,1.4311162,1.6685501,1.7513357,1.1118569,2.234618505860634
1.2899868,1.383509,1.3715985,1.4311162,1.6822349,1.6512382,1.1683073,2.2487332298048046
1.2915297,1.383509,1.3883215,1.3993379,1.6685501,1.6512382,1.1118569,2.244326610230636
1.2246927,1.3619308,1.2019042,1.4318072,1.4987363,1.6531278,1.0173347,2.201326101805688
0.5961121,1.3834338,1.1866314,1.4894742,1.2813268,1.6418686,1.2752502,2.192121222131705
1.0598516,1.0775411,-1.7879182,0.09077159,1.589726,1.6887321,1.2408565,2.028733879349335
0.06881311,1.3619308,1.1661816,-1.4039451,0.6101263,0.12998864,1.0173347,2.3217061105487606
1.224984,1.4373797,1.3223765,1.4318072,1.7785739,1.7951201,1.0173347,2.319822002683149
1.224984,1.411603,1.4140542,1.4318072,1.4004582,1.7446723,1.0173347,2.2000046055991174
0.98841727,1.4373797,1.4419353,-3.3036687,1.1079456,0.45098776,0.4501926,2.1563855786765393
1.4185134,1.50142,1.5162948,1.6147254,1.6945642,1.7231987,1.2874504,1.9719712763997566
1.4185134,1.45274,1.5177698,1.5545816,1.7621282,1.7093368,1.3287362,1.9514497213311357
1.3560625,1.4420393,1.4572507,1.5769137,1.7383571,1.7039738,1.4004052,2.0455486750103846
1.4185134,1.45274,1.5162948,1.5545816,1.7810065,1.7548308,1.4004052,2.0398715729912995
1.3560625,1.341203,1.5239097,1.5750363,1.803522,1.7700657,1.4004052,2.3996071880070624
1.3194634,1.341203,1.4023215,1.5545816,1.7814385,1.7548308,1.4004052,2.533806236447545
1.3194634,1.341203,1.5239097,1.2466838,1.7810065,1.7594275,1.2874504,2.4400912566873862
1.3667512,1.4420393,1.4023215,1.5545816,1.6695948,1.7039738,1.3947177,2.033463966077405
1.3892162,1.341203,1.5177698,-3.1169531,1.6695948,1.7039738,1.3287362,2.0571524048154197
-2.3695278,-3.3681479,-3.431784,-3.1169531,1.7198641,-3.66314,-2.7333856,2.04888829904528
-2.657508,1.50142,0.43269345,-3.1799037,1.7810065,-1.3319796,-1.8800689,-5.0
-2.2817147,0.22547929,-1.3230793,-2.1897912,-4.0366716,-4.216194,-2.2551339,-5.0
1.1767061,-1.9798721,-1.0467097,1.4642131,-2.8914297,1.7594275,0.61325955,-5.0
1.0960484,1.2384961,1.3406756,1.014541,0.17775446,1.7594275,-1.722564,1.6608939243090377
-0.27226713,1.2384961,1.3406756,1.4642131,1.4434719,1.4177349,0.8251503,1.8181796896156244
-0.27226713,1.3378527,1.057245,1.2147808,1.3559606,1.4177349,0.7169881,2.0027274726898296
1.3747333,1.4400731,1.4391142,1.504798,1.7546086,1.6433538,0.83735764,2.1313748264810997
0.9498973,1.4805654,1.550158,1.5339136,1.7546086,1.8009853,1.379287,1.9726008363976446
1.2653705,1.2572929,1.6167144,1.609176,1.5874845,1.5896457,1.3515311,2.0673387186043777
1.4002079,1.341203,1.4334956,1.5908202,1.6480495,1.6670345,1.1665459,1.977019019836609
1.0813067,1.4316798,1.4023215,1.5908202,1.7155106,1.4733742,0.9785764,2.1975617244698595
-2.2437918,-2.3588157,-1.0570297,-3.7198663,-1.7927498,-3.817299,-2.9218051,1.954801906348716
1.1753676,1.2218102,1.4023215,1.3689361,1.8351073,1.6995094,1.2906413,2.142204820428158
0.049049105,1.50142,-0.35030735,-0.18471208,1.7572066,0.75053734,1.3690307,-5.0
-1.7653311,-0.7388949,-0.75094455,-4.151773,-3.974365,0.06801097,-1.6673809,-5.0
-3.7552912,-3.9729514,-2.3580916,-4.2004204,-4.4124684,-0.036076233,-3.4270551,1.7185515094682775
-2.3085277,-0.70973176,0.048516184,-2.9045544,-0.27448314,-1.4034268,1.2012578,-5.0
-3.042226,-3.9163508,1.1957259,-3.522839,-2.5925887,-4.137036,-3.6097891,-5.0
1.1051247,1.383509,1.2071472,1.3993379,1.5489571,1.7828113,0.3654195,2.0168913351969917
1.2580421,1.2928445,1.3685312,1.4427912,1.4544873,1.5308732,1.1810038,1.9189210900913358
1.2961239,1.2928445,1.3063579,1.2284434,1.4544873,1.7620331,1.1810038,1.9864850948815944
0.879476,1.3161253,0.88222665,1.0620047,1.0754001,-3.461417,0.5829565,1.9395192526186185
0.75787526,1.0095897,0.81114167,1.0419986,1.0784804,-3.461417,1.2712843,1.9054072692525446
-3.5132613,-1.3800604,-1.9295359,-3.526319,-0.6390703,-2.2757075,1.2906413,1.941933596157502
-2.0874646,0.7589086,0.8591219,-1.4739734,0.5298438,0.7480861,1.0160823,2.047095659597362
1.3110976,1.3022978,1.3407552,0.3590235,1.6154609,1.6572493,0.91495967,2.4170961941959797
1.3544977,1.4400731,1.4391142,1.5686083,1.6552707,1.8009853,1.3276205,2.10064620014548
1.3385152,1.3916563,1.4823165,0.3590235,1.8694651,1.6572493,0.91495967,1.9937491624820158
-3.65573,-2.464417,-2.516043,0.6924888,-3.9525404,-2.8727074,-0.615435,2.220317336168364
0.99385905,1.1254662,1.4097915,1.5501503,1.2572738,1.2287524,1.2342511,1.9048777669634047
0.3520534,-0.6801423,-0.34887737,0.2171141,-0.5684175,-1.1983149,0.5899058,-5.0
-3.7233214,-3.661677,-3.9771483,-0.9968416,-4.3072085,-4.3489804,-3.6097891,-5.0
-3.7233214,-3.9383345,-3.8737829,-4.0445137,-4.347707,-4.1300387,-3.670551,-5.0
-3.921685,-3.9383345,-4.058831,-3.8910608,-4.347707,-4.1170964,-3.8196769,-5.0
0.7734369,0.90549374,1.3394408,1.0472609,0.76328236,-2.1423752,0.46505353,1.9177680024477564
-3.6396914,-3.8998806,-3.9203396,-4.198687,-4.263794,-4.387178,-3.7436702,-5.0
-3.8230414,-3.8060207,-3.9171174,-4.1248765,-4.366188,-4.467336,-3.7659466,-5.0
-3.7871215,-3.9570825,-3.9904327,-4.186511,-4.3956494,-4.3881984,-3.7325344,-5.0
-3.7871215,-3.8060207,-4.061771,-4.1248765,-4.4472227,-4.467336,-3.8179986,-5.0
1.0913854,0.7860764,0.84130615,1.501276,1.5444032,1.0549132,0.69658357,1.8543060418010806
-0.6185427,-0.31816104,-0.03914208,0.2171141,0.59701353,-0.28290978,0.5899058,-5.0
-3.921685,-4.0220265,-3.9425056,-0.9968416,-4.347707,-4.283237,-3.670551,-5.0
-3.921685,-3.661677,-3.8775434,-4.0461264,-4.3072085,-4.1300387,-3.6097891,-5.0
-3.8006258,-3.661677,-3.8737829,-4.0461264,-4.4288006,-4.3489804,-3.670551,-5.0
-2.0495265,-2.4278176,-2.080809,0.13179314,1.5919825,1.7594275,0.39465642,2.5376499261080765
1.2826612,1.4500749,1.3556695,1.5750363,1.6760746,1.6311625,1.1665459,2.3286242074902073
1.2924948,0.736898,1.0099673,1.5083457,1.4887848,-2.1423752,0.7326136,1.8550343166758843
-3.7855368,-3.7798479,-3.8756862,-4.1231112,-4.3822894,-4.2117014,-3.7436702,-5.0
-3.8230414,-3.8060207,-3.9904327,-4.161576,-4.366188,-4.450956,-3.7325344,-5.0
-3.8101363,-3.8060207,-4.053179,-4.186511,-4.4472227,-4.450956,-3.7968376,-5.0
-3.8029451,-3.8060207,-4.053179,-4.1248765,-4.446617,-4.3165674,-3.7659466,-5.0
1.4109467,-0.1812155,-2.2921314,-2.2896109,1.8416566,1.7234287,1.1061518,2.2737746161032137
1.2663149,1.2155423,1.5128125,1.5514461,1.734709,1.6311625,1.3712654,2.014982308585482
1.331505,1.4337062,1.5043255,1.5584236,1.7831994,1.7843534,1.2761246,2.6793158771478907
-3.4370859,-2.7186775,-3.6138628,-2.1877723,-1.810931,-3.4768195,-3.3636403,2.7007123683433525
-3.5838175,-2.7186775,-3.6632814,-2.1300023,-4.1960254,-3.8884916,0.079758264,-5.0
1.1940849,1.4337062,0.9827533,0.5790479,-0.92587477,1.6325955,-3.7217977,-5.0
-2.8138871,-3.3063831,-2.4880304,-3.61635,-4.0039363,-4.245363,0.079758264,-5.0
1.331505,-0.80652934,1.6167144,1.6639273,-0.62801147,0.5199195,1.4035814,1.6080979463252796
1.5212244,1.4821064,1.3223989,1.4697267,1.706761,1.5520523,1.2906413,1.9928626713890276
0.29853705,1.1926544,1.2525172,1.1766639,0.76202106,0.56188244,0.773216,2.0022524799205383
-3.7676523,-3.5520506,-3.9203396,-4.1350975,-4.056072,-4.400818,-3.7436702,2.079362164393046
-0.9005108,-2.9901867,-4.061771,-0.032759033,-3.326252,-1.2977037,-3.7798643,-5.0
-0.9005108,-3.7971876,-2.7587757,-2.6837308,-4.4154797,-4.4025645,-3.7968376,-5.0
-3.6728628,-3.7971876,-3.2893717,-2.6837308,-4.2699227,-3.9602196,-3.7968376,-5.0
1.1501317,1.125988,1.057245,1.5749977,1.3559606,1.6719059,1.2906413,-5.0
0.19587049,0.91870177,1.057245,-1.8186715,0.9030601,-1.014051,0.5242266,1.9569364138441963
-3.701755,-3.8730166,-3.9885278,-3.9382887,-4.263794,-4.2117014,-3.7436702,-5.0
-3.701755,-3.8730166,-3.9203396,-4.1404934,-4.263794,-4.2117014,-3.7436702,-5.0
-3.811852,-3.8606248,-4.033054,-4.198687,-4.3822894,-4.4079347,-3.7436702,-5.0
-3.6396914,-3.7798479,-3.8756862,-3.9382887,-4.3822894,-4.3838134,-3.7338924,-5.0
-3.7855368,-3.7798479,-3.8756862,-4.1404934,-4.276856,-4.387178,-3.7338924,-5.0
-3.6396914,-3.8730166,-3.9203396,-4.198687,-4.263794,-4.2117014,-3.7325344,-5.0
0.3520534,-0.59990054,-0.2955496,-0.30313262,0.59701353,0.03198789,-0.07989849,-5.0
-0.89451236,-0.59990054,-1.7235138,-0.30313262,0.59701353,-1.1983149,-1.6554594,2.2132786299927947
-0.6185427,-0.59990054,-0.2955496,0.2171141,-0.5684175,-0.8202629,-0.7802869,2.2416958681398103
-0.7085182,-0.31816104,-0.34887737,0.2171141,-1.3096294,-1.1983149,-1.6554594,2.296012079112969
-0.6185427,-0.6801423,-1.7235138,-0.6305911,-0.5684175,-0.28290978,-0.84152734,2.329998614334239
0.3520534,-0.6801423,-1.7235138,-0.80423456,-1.3096294,-1.1983149,-1.6554594,2.274873383370373
-1.6465677,1.4754317,1.5128125,1.5629017,1.7766113,1.2884333,1.3287362,2.203726295526122
1.4749378,1.50142,1.5162948,1.651216,1.861108,1.8352832,1.3947177,2.0300732307125178
1.4330201,1.4316798,1.481516,1.651216,1.7766113,1.6258748,1.1513599,2.1578796743891537
1.4330201,1.4316798,1.481516,1.651216,1.7766113,1.8857906,1.1723665,2.0676658819742486
1.4131995,1.341203,1.4023215,1.5750363,1.772788,1.7366587,1.4004052,2.4060118934124675
1.3103502,1.4316798,1.5239097,1.5908202,1.6696138,1.7857667,1.1513599,2.120310642636462
1.2281066,1.4420393,1.4023215,1.5865725,1.7919072,1.7093368,1.1513599,2.0
