6,13,42,69,420,1234567890,473129,log Third Peak
-4.5628753,-3.9653103,-4.5580263,-4.6217866,-4.618366,-4.8403883,-2.4073496,-5.0
-4.679505,-4.3988066,-4.268796,-4.58953,-4.577697,-5.127764,-4.5632305,-5.0
-4.5307503,-3.6361973,-4.2706265,-4.310686,-4.577697,-4.8678565,-4.509604,-5.0
-4.68528,-4.5512643,-4.6141124,-4.6480365,-4.8178124,-5.0004992,-4.5459332,-5.0
-4.7131004,-4.5463924,-4.6734886,-4.671623,-4.701675,-5.008363,-4.5646257,-5.0
-4.743666,-4.5463924,-4.6141124,-4.6480365,-4.8178124,-4.9995317,-4.454145,-5.0
-4.651252,-4.5463924,-4.6141124,-4.6480365,-4.6781015,-5.0005155,-4.5459332,-5.0
-4.4343047,-3.2337503,-4.4118643,-4.6175685,-4.444172,-4.9996305,-4.3503942,-5.0
-4.425481,-4.302532,-4.026789,-4.3636494,-4.669597,-4.999342,-4.6181283,-5.0
-0.8523494,-4.5392284,0.3791927,-1.8457508,-4.669597,0.8206453,-1.493332,-5.0
-4.7131004,-4.5392284,-4.6722403,-4.6175685,-4.669597,-5.0000377,-4.6181283,3.087324174501493
-4.4727054,-4.2413487,-4.6722403,-4.6175685,-4.560451,-4.9995246,-4.4488745,-5.0
-4.4727054,-4.507575,-4.5715976,-4.6175685,-4.6083164,-5.0001183,-4.6181283,-5.0
-4.7131004,-4.5392284,-4.5203815,-4.282463,-4.560451,-4.99985,-4.298613,-5.0
-4.4727054,-4.4518757,-4.5715976,-4.5404925,-4.560451,-4.99985,-4.6181283,-5.0
-4.6403193,-4.4518757,-4.5580263,-4.6175685,-4.4835663,-4.9997253,-4.4488745,-5.0
-4.4727054,-4.2413487,-4.5420084,-4.282463,-4.669597,-4.9997253,-4.3986835,-5.0
-4.7131004,-4.437731,-4.5580263,-4.6175685,-4.617165,-5.000095,-4.451851,-5.0
-4.68528,-4.6009235,-4.6141124,-4.6480365,-4.7042446,-5.0005155,-4.5459332,-5.0
-4.710189,-4.5512643,-4.6462016,-4.63724,-4.702741,-5.0758696,-3.5660975,-5.0
-4.68528,-4.5512643,-3.057686,-4.6211205,-4.6781015,-3.4144595,-3.0922024,-5.0
-4.651252,-4.5512643,-4.6437135,-4.666558,-4.7033505,-5.0004454,-4.5306373,-5.0
-4.709036,-4.434764,-4.6462016,-4.6211205,-4.701675,-5.0001516,-4.484219,-5.0
-4.651252,-4.5403996,-4.6722403,-4.6480365,-4.6924467,-4.999906,-4.6181283,-5.0
-4.7121296,-4.434764,-4.6462016,-4.4858265,-4.7033505,-5.0001516,-4.6181283,-5.0
-4.651252,-4.434764,-4.6462016,-4.6480365,-4.7037244,-5.000209,-4.484219,-5.0
-4.7121296,-4.434764,-4.6141124,-4.666558,-4.701675,-5.000458,-4.484219,-5.0
2.4438412,1.7589611,2.2513266,2.1602092,2.4992213,3.6110451,1.8759761,3.8505338186074742
2.4892156,2.0136464,2.2513266,2.1943424,2.513797,3.6568584,1.8759761,3.653333327345467
2.378368,1.7589611,2.1166916,2.187114,2.4364653,3.6942573,1.9755294,4.138920788220529
2.4892156,1.7589611,2.2754922,2.1602092,2.4992213,3.6942573,2.075134,3.5358418971267085
2.48814,1.9357601,2.1166916,2.2730615,2.513797,3.6942573,1.7980363,3.478920423981698
2.4892156,2.0136464,2.2513266,2.1943424,2.4364653,3.6942573,2.075134,3.278608888210107
-1.0230608,-3.187032,-1.7598165,-1.3245354,-2.8636127,-0.49384478,-2.490678,-5.0
-2.8222578,-1.3773394,-1.864557,-1.6911433,-1.787797,-1.3957162,-1.9111125,-5.0
-2.7765183,-1.3773394,-1.8400903,-1.6911433,-1.1244171,-0.49384478,-2.490678,-5.0
-1.0230608,-2.9061723,-1.8192542,-1.3245354,-1.1244171,-4.9992228,-1.9392846,-5.0
-2.7765183,-3.187032,-4.459409,-3.1244638,-3.147678,-4.9992228,-2.9797566,3.7847235355935087
-2.8222578,-2.9061723,-4.459409,-3.1380012,-2.8636127,-4.9992228,-2.490678,4.239457323366991
-1.7062931,-1.483687,-1.1784965,-2.175894,-2.2641015,-0.42129162,-2.1554062,-5.0
-1.0230608,-1.483687,-2.1257372,-1.7352709,-2.2641015,-1.8975207,-2.9030154,-5.0
-1.0230608,-1.7700138,-2.1257372,-2.175894,-2.7424357,-0.42129162,-1.8778441,-5.0
-1.0230608,-1.483687,-1.1784965,-1.745375,-1.6431688,-1.8975207,-2.535786,-5.0
-1.0230608,-1.483687,-3.3409274,-3.1244638,-2.2641015,-3.1979141,-2.9030154,4.3085588434587
-3.1550744,-3.2004223,-2.1257372,-2.175894,-2.7424357,-1.8975207,-2.535786,4.008051933575667
-3.299168,-3.3076081,-3.2843575,-4.271189,-3.0641983,-3.3608637,-3.001841,-5.0
-3.3303504,-3.2870858,-3.3194752,-3.376208,-3.0641983,-2.951783,-2.9612796,-5.0
-2.9362705,-2.4812727,-3.3000581,-3.239004,-3.2505684,-4.9999785,-3.001841,-5.0
-4.6802044,-2.4812727,-4.4683547,-3.353246,-3.305465,-2.951783,-4.541352,-5.0
-2.9362705,-2.4812727,-4.4683547,-3.284539,-4.571683,-3.3602948,-2.9612796,-5.0
-4.6802044,-4.3198934,-4.4683547,-4.271189,-4.571683,-4.9999785,-4.541352,3.194784269821479
-4.5800433,-4.4721556,-4.5570126,-4.407488,-4.4472036,-5.0001245,-4.541352,-5.0
-4.582103,-4.3979874,-4.4918323,-4.302509,-4.4472036,-5.0001245,-4.5284643,-5.0
-4.7131004,-4.407096,-4.4918323,-4.439101,-4.594109,-5.0001245,-4.1988716,-5.0
-4.671162,-4.407096,-4.4918323,-4.439101,-4.4472036,-4.9996476,-4.1988716,-5.0
-4.5800433,-4.3979874,-4.5579963,-4.439101,-4.6308045,-4.999535,-4.541352,-5.0
-4.7131004,-4.455576,-4.5579963,-4.471718,-4.70567,-4.999535,-4.4829836,-5.0
2.682205,-0.47831142,2.3633604,-2.380006,2.5768151,3.3795445,0.53498065,4.1806249982087085
2.7255301,-0.26898694,1.980673,-2.380006,2.7243543,3.8739078,0.8590672,3.9006250066129415
2.065008,-0.47831142,2.280199,1.8646145,1.8851806,3.793687,1.8323278,3.906198813187722
2.1426861,1.6323075,2.280199,2.2272074,2.6178644,3.796521,1.2673175,3.8635720022857054
1.8196683,1.4603455,2.3709204,1.7992404,2.142442,3.864597,2.0791323,3.7963841316345217
2.682205,1.986167,2.3709204,2.2272074,2.5768151,3.796521,2.092166,3.920000015088359
-4.284564,1.6323075,-4.1576314,-4.2552915,-4.2771926,-4.998705,-4.0956025,3.386077308002503
2.2375839,1.6323075,2.3709204,1.9999794,2.6178644,3.3868241,1.9156781,-5.0
2.6347947,2.2284958,2.5203266,2.3662608,2.5990608,3.7218773,2.22718,3.822242373996526
2.6552725,2.141043,2.4095793,2.3220813,2.6784163,3.724217,2.22718,3.814277102774826
2.7298503,2.141043,2.538944,2.3220813,2.6784163,3.748511,2.22718,3.7421568784358143
2.699519,2.2284958,2.538944,2.3900108,2.6123872,3.7932668,2.2235417,3.6076470354326484
2.6552725,2.141043,2.538944,2.3662608,2.6784163,3.7531974,2.1884475,3.8284655803904575
2.699519,2.151799,2.4640756,2.3220813,2.6878188,3.7531974,2.2172105,3.824137098080121
2.6347947,2.141043,2.5022085,2.3900108,2.5990608,3.7789588,2.22718,3.8201467914445923
2.6552725,1.9519,2.4640756,2.3220813,2.6123872,3.823896,2.1884475,3.686515972691106
2.9725654,2.2284958,2.7672305,2.3900108,2.9600146,4.080568,2.22718,3.909722227393183
2.6347947,2.3960078,2.4095793,2.424103,2.7905936,3.9238384,2.1884475,4.090713065178927
2.9725654,2.3960078,2.7672305,2.4321465,2.9600146,4.080568,2.2235417,3.7916666534117014
2.6762435,2.141043,2.7672305,2.3220813,2.9600146,3.930651,2.1732647,4.071206485531663
2.207257,1.6358498,2.0857873,2.0172114,2.249159,3.2177312,1.9551008,3.2275159827371027
2.217166,1.6373396,2.0857873,2.0806031,2.249159,3.2338526,1.841745,3.214720427323943
2.217166,1.7409978,2.0857873,2.0440264,2.3460503,3.2338526,1.841745,3.1990972054889837
2.207257,1.7409978,2.2517707,2.0172114,2.3431387,3.2138155,1.9247322,3.2404803547282506
2.2388606,1.9804758,2.2964575,2.0519865,2.4687817,3.0656028,1.9789007,3.110832376073348
2.2557232,1.810257,1.9774963,2.3590872,2.5049994,3.1122358,1.9789007,3.0652580758363133
-4.6990714,-4.5279284,-4.539617,-4.647505,-4.4632864,-4.9856715,-4.598742,-5.0
-4.620024,-4.4845586,-4.5663123,-4.6122494,-4.6587524,-5.013867,-4.535673,-5.0
-4.6622796,-4.449349,-4.5994773,-4.5533047,-4.656743,-5.004961,-4.5161204,-5.0
-4.620024,-4.4845586,-4.6211033,-4.5900683,-4.2715344,-4.990369,-4.4777718,-5.0
-2.5687945,-4.325215,-2.5574183,-4.6480045,-4.5749264,-4.9436283,-4.3926506,-5.0
-2.5687945,-0.28943676,-1.0283095,-2.961466,0.7431779,-2.9090571,-1.6802822,-5.0
-4.5370297,-4.3042645,-4.686621,-4.5527925,-4.684973,-5.5867915,-4.3934793,-5.0
2.1202826,0.004431382,1.223919,1.6120222,2.1989746,3.7266831,-1.7581064,3.0329014839502144
1.4019691,1.1843591,1.0729142,0.4873173,2.1989746,3.033536,-1.7581064,3.7269460936843655
2.2447736,0.7202309,2.0237052,1.034528,1.3684343,4.540198,-1.8021744,4.9562631866523965
2.0616598,1.7875048,1.5676876,1.4374416,1.5352137,4.9543333,-1.8021744,4.542614087519237
-4.643943,-4.541802,-4.6574574,-4.6003504,-4.6881623,-4.998215,-4.331837,-5.0
-4.655038,-4.587824,-4.62094,-4.5279093,-4.6892953,-5.0001554,-4.445841,-5.0
0.5364878,1.9478337,1.5504982,1.0201732,2.3864746,3.1639047,1.8906928,-5.0
-4.355524,-3.833505,0.49171266,-4.232343,-4.5053463,-3.0726206,-2.762416,3.8260748027008264
-4.6633563,-4.5090194,-4.501114,-4.4254932,-3.7213984,-4.9412203,-3.9252985,-5.0
-4.68528,-3.8727698,-4.231754,-4.6418314,-0.3308818,-5.001993,-4.8590803,-5.0
-3.6387804,-3.4816842,1.3299316,-2.966458,-0.3308818,2.3347926,-4.5738583,-5.0
-4.739318,-4.441898,-4.602009,-4.6124816,-4.6945896,-5.045702,-4.5738583,-5.0
-4.68528,-4.541802,-4.3468223,-4.657092,-4.676059,-5.001133,-4.5658727,-5.0
-4.655038,-4.4518757,-4.668539,-4.451081,-4.6018076,-5.002574,-4.5499997,-5.0
-4.68528,-4.5485663,-4.6574574,-4.652058,-4.6881623,-4.990049,-4.5738583,4.698970004336019
0.38605672,-2.6774683,-3.7483487,-4.3783903,-1.0009443,-6.1175117,-3.9239562,-5.0
-4.730171,-4.5212297,-4.268796,-4.0004025,-4.715308,-4.632738,-4.5666013,-5.0
-4.68528,-4.5145864,-4.6301084,-4.4718804,-4.702465,-5.0063467,-4.1905518,-5.0
-4.68528,-4.6060443,-4.5873137,-4.598531,-4.6945896,-5.0699677,-4.4927793,-5.0
-4.7347074,-4.396247,-4.5654235,-4.336155,-4.6537,-5.001077,-4.539225,-5.0
-1.7738523,-4.1625576,-4.611662,-4.3448663,-4.684799,-4.7693954,-4.212456,-5.0
-4.68528,-4.5482078,-4.5560365,-4.1623654,-4.6789966,-5.0276375,-4.041148,-5.0
-4.7154865,-4.27006,-4.333868,-4.622239,-4.6909437,-3.9552383,-4.366531,-5.0
-4.595351,-2.7837594,1.8504815,-0.6284363,-3.7529552,-0.27094078,-1.5698687,-5.0
-4.6821,-4.5679054,-4.6105623,-4.670797,-4.686474,-4.8432665,-4.541175,-5.0
-4.707663,-4.542869,-4.6340003,-4.4405136,-4.476242,-4.9997544,-4.5738583,-5.0
-4.7134886,-4.3890576,-4.660477,-4.4405136,-4.686474,-4.998939,-4.512265,-5.0
-4.595351,-4.5493937,-4.673603,-4.623781,-3.7529552,-4.9960093,-4.5738583,3.312132908823658
-4.61864,-2.2838128,-4.6105623,-4.3306518,-4.6606812,-4.3589015,-4.332596,-5.0
-4.6323876,-4.4566894,-4.6105623,-3.251908,-4.2625494,-4.25316,-4.487597,-5.0
-4.5621495,-4.1723137,-4.4733615,-4.552499,-4.2625494,-4.9926577,-4.350701,-5.0
-4.6684904,-4.3557687,-4.4785914,-4.298165,-4.5336165,-4.940638,-4.297725,-5.0
-4.7017255,-4.516652,-4.6945157,-4.205758,-4.0298114,-4.997848,-4.576234,-5.0
-4.69967,-4.2421436,-4.6945157,-4.6151376,-4.596894,-4.9995475,-4.3407407,-5.0
-4.69967,-4.4657855,-4.629879,-4.3396845,-4.0298114,-2.604031,-3.2195256,-5.0
-4.69967,-4.4657855,-4.6945157,-4.6151376,-4.7037888,-5.0317235,-3.0719101,4.048899979417095
-4.5621495,-4.3728113,1.4615418,-4.005077,-4.4663434,-5.183368,-3.840332,-5.0
-4.453412,-3.506919,-4.521531,-4.232057,-3.6391883,2.118694,-4.1681275,-5.0
-1.3064759,-2.4249847,-4.499644,-3.1247973,-3.7288065,-2.5164533,-2.7588828,-5.0
-4.6121135,-4.3654113,-4.5684524,-4.2530994,-4.830597,-5.934849,-4.379083,-5.0
2.8134115,2.3757982,3.1087546,1.644178,3.38613,5.73317,0.56436163,5.126204133317051
2.9851654,1.3086113,0.10950766,1.7646171,1.0234846,4.8692193,2.196826,5.3188168520538515
-4.4217277,-2.1129894,-4.5663123,0.3048547,-4.6700463,2.2873342,-4.516432,5.064935065401374
2.4023964,1.5582129,2.3364482,2.0796905,2.698407,4.1240573,2.4353034,4.886097691359434
1.5430923,0.047221147,-2.358616,-4.6648088,-4.623302,-3.8210754,0.14250256,3.3514882504227397
-4.476042,-3.9053195,-4.2168612,-4.592105,-4.623302,-4.5435395,-4.2585306,3.693445269493706
0.9080637,-1.9259777,0.33770216,-1.4548916,-1.7476916,2.1742892,-3.9793746,3.0277119803026658
1.5430923,0.9916005,-2.9081903,-0.6514317,-4.6227083,3.654003,0.2706929,-5.0
-4.704391,-4.31464,-4.660755,-4.6289835,-4.6556377,-4.486028,-4.578637,-5.0
-4.6080594,-4.34155,-4.64587,-4.590907,-4.6902404,-4.6227527,-4.564868,-5.0
-4.73422,-4.519192,-4.64587,-4.6216707,-4.6881623,-4.9997234,-4.5467124,-5.0
-4.659044,-4.34155,-4.64587,-4.6145015,-4.65677,-4.9997525,-4.564868,-5.0
-4.6844616,-4.5437694,-4.660755,-4.573746,-4.6220636,-5.000296,-4.578637,-5.0
-4.73422,-4.517309,-4.629997,-4.6170025,-4.65677,-5.0399017,-4.4522395,-5.0
-4.6684904,-4.3280096,-4.629997,-4.5806804,-4.6881623,-4.929476,-4.578637,-5.0
-4.6844616,-4.5320477,-4.6574574,-4.6151376,-4.65677,-5.00014,-4.5467124,-5.0
-4.704391,-4.34155,-4.6945157,-4.6216707,-4.6902404,-5.0023255,-4.582482,-5.0
-4.714336,-4.34155,-4.6945157,-4.590907,-4.6864247,-5.0000114,-4.582482,-5.0
-4.704391,-4.519192,-4.6574574,-4.6145015,-4.6881623,-5.0000114,-4.582482,-5.0
-4.714336,-4.34155,-4.5998693,-4.6145015,-4.65677,-4.9997525,-4.582482,-5.0
-4.7160873,-4.2768784,-4.7016907,-4.529579,-4.600365,-5.278143,-4.2440157,-5.0
-4.6177506,-4.4826603,-4.525753,-4.5090113,-4.6305795,-5.2873373,-4.2440157,-5.0
1.5848498,-1.4277282,2.1215816,2.0941148,0.23952001,0.41599104,-0.846035,-5.0
-4.6720076,-4.398386,-4.6484456,-4.6008973,-4.6692133,-5.0000944,-4.565475,-5.0
-4.6716466,-4.4767833,-4.6066647,-4.5732985,-4.704401,-5.0000944,-4.4711084,-5.0
-4.690327,-4.4984016,-4.6484456,-4.6008973,-4.7041044,-5.0000114,-4.4711084,-5.0
-4.690327,-4.398386,-4.6066647,-4.6008973,-4.6789966,-4.999967,-4.565475,-5.0
-0.86341363,1.313657,-4.6152034,-3.4220018,-4.3834515,0.55058926,0.33640727,-5.0
-2.6617258,-3.5887175,0.7279829,-4.4883842,-1.8563057,-4.9051647,-4.3177524,3.4852941601339755
1.413285,-1.9755931,1.2032303,1.6800722,2.1610544,3.1246934,1.5362883,3.058949216259651
-4.68528,-4.401351,-4.4042077,-4.653114,-4.667175,-4.9979777,-4.5274415,-5.0
-4.662354,-4.4243197,-4.4042077,-4.5332403,-4.6881623,-4.9910045,-4.4989767,-5.0
-4.7131004,-4.506838,-4.6495237,-4.536471,-4.702482,-5.0647664,-4.576458,-5.0
-4.54561,-4.200164,-1.3786986,-4.536471,-4.679303,-3.6751068,-4.5738583,-5.0
-2.7394404,-1.1948011,0.37644374,-1.139908,-1.4255525,-3.123018,-0.1957932,-5.0
-4.354538,-4.2094584,-4.4122434,-2.4972863,-3.3338559,-4.8212566,-4.2626777,-5.0
-4.686824,-4.4975176,-4.4534836,-4.648796,-4.6992507,-5.0004706,-4.539182,-5.0
-4.652124,-4.5902286,-4.6722403,-4.5679817,-4.702482,-5.0007205,-4.554563,-5.0
-4.686824,-4.545292,-4.6213217,-4.5679817,-4.635787,-5.0001154,-4.554563,-5.0
-4.1610665,-2.8102136,-2.5724776,-1.3161957,-3.8907812,-4.885737,-3.3300693,-5.0
-4.6811986,-4.528172,-4.6495237,-4.6252832,-4.703076,-5.0010533,-4.5656204,-5.0
-4.7153835,-4.54512,-4.6495237,-4.6093273,-4.704354,-5.000002,-4.539136,-5.0
-4.68528,-4.528172,-4.6574574,-4.665511,-4.711075,-4.9993806,-4.5666013,-5.0
-4.68528,-4.554365,-4.644194,-4.653114,-4.703076,-5.000259,-4.5656204,-5.0
-4.7153835,-4.54512,-4.6160398,-4.6093273,-4.712724,-5.0001006,-4.5656204,-5.0
-4.7131004,-4.54512,-4.644194,-4.6093273,-4.711075,-5.0001006,-4.5666013,-5.0
-4.68528,-4.554365,-4.6574574,-4.6205454,-4.703076,-5.000149,-4.5666013,-5.0
-4.7131004,-4.554195,-4.6213217,-4.5256605,-4.703076,-4.9811263,-4.3124514,-5.0
-4.7298007,-4.5335126,-4.6495237,-4.626867,-4.7254148,-5.0001245,-4.5646825,-5.0
-4.7131004,-4.488009,-4.6722403,-4.626867,-4.6778097,-5.0003543,-4.590942,-5.0
-4.7131004,-4.488009,-4.6574574,-4.50583,-4.7254148,-4.999714,-4.3124514,-5.0
-4.7131004,-4.554782,-4.6213217,-4.635194,-4.6778097,-4.958332,-4.590942,-5.0
-4.6797338,-4.5485663,-4.6752114,-4.6521306,-4.706605,-4.999009,-4.5738583,-5.0
-4.7131004,-4.554195,-4.6752114,-4.602036,-4.706343,-4.9999585,-4.56417,-5.0
-4.6904674,-4.5485663,-4.644194,-4.6093273,-4.706343,-4.9997425,-4.523653,-5.0
-4.1873636,-4.0291348,-4.5381308,-4.3653445,-4.694352,-4.5055823,-4.5738583,-5.0
-4.6528473,-4.517289,-4.5994773,-4.6122494,-4.6536927,-4.998051,-4.535673,-5.0
-4.7131004,-4.558298,-4.6445475,-4.602036,-4.706605,-5.0307093,-4.523653,-5.0
-4.714066,-4.545292,-4.6445475,-4.6471853,-4.706605,-5.0307093,-4.54342,-5.0
-4.7131004,-4.545292,-4.6445475,-4.626867,-4.7254148,-4.9977875,-4.6904926,-5.0
-4.6841707,-3.6305437,-2.7727058,-4.540777,-3.946204,-4.2204227,-4.593684,-5.0
-2.4927495,-1.4745862,-4.1766553,-0.75028527,-2.9330137,-0.5015264,-0.89664245,-5.0
-0.47312343,-1.0389,-1.0816329,-0.75028527,-1.5112946,-1.2678298,-1.7575784,3.379403789557904
-3.257043,-3.614919,-4.6013484,-4.3385615,-4.677633,-5.656207,-1.6396427,3.058256677336559
-4.6959577,-4.53538,1.4082388,-4.5467906,-3.9996068,-1.9669592,-4.534106,-5.0
-4.317431,-4.1514683,-3.8451629,-4.7045074,-4.7071133,-5.1073303,-4.3194256,-5.0
-4.321785,-4.3567915,-4.660477,-4.1871276,-3.9006717,-5.0061913,-4.534106,-5.0
-4.3968334,-3.3035157,-4.34774,-4.615001,-1.6171114,-1.76243,-2.823719,-5.0
-1.6716131,-1.7757835,-1.5309539,-0.9513906,-0.85110307,0.08822643,-1.0277314,4.063262184378454
-0.8843537,-1.0389,-0.7229501,-0.75028527,-0.85110307,0.08822643,-0.4174557,-5.0
-0.8843537,-1.7255025,-0.7229501,-0.9616161,-1.5112946,0.26595294,-1.7575784,3.1736881859113897
-0.9405893,1.3246446,-1.5854074,-1.4778779,0.07977682,-1.3401356,-1.6951214,3.8862537726439688
-0.47312343,1.3246446,-1.0816329,-0.50933045,0.07977682,0.26595294,-0.25427514,-5.0
-0.38056597,1.3246446,0.5726874,-0.9513906,-1.5112946,0.26595294,-1.7575784,-5.0
-0.9405893,1.3246446,0.5726874,-0.9616161,0.07977682,0.08822643,-1.0277314,-5.0
2.4655738,2.0784454,2.5022085,2.3900108,2.5800414,3.3011184,2.151986,-5.0
3.277398,1.9519,2.8424654,2.819711,3.2522643,4.6978493,2.3502843,3.3018489538496953
2.4655738,2.2284958,2.7293983,2.3900108,3.0057735,3.3074157,2.3502843,5.075188809118884
2.0529518,1.9519,2.4671452,2.3900108,2.8061495,5.714169,2.2172105,5.223905988174296
2.0529518,1.9519,2.4671452,2.424103,2.8539903,5.223865,2.2235417,5.714285714350177
1.939308,2.151799,2.538944,2.3220813,2.8061495,5.667454,2.2211347,5.933253728501627
-0.8843537,1.3246446,-1.0816329,-0.9616161,-1.5112946,0.26595294,-1.7575784,6.466983938186399
-4.5389953,-4.3004003,-4.590574,-4.5699854,-4.731791,-4.9994197,-4.5826793,-5.0
-4.6581593,-3.893809,-4.655103,-4.602036,-4.683955,-4.9998865,-4.4907584,-5.0
-4.6581593,-4.3004003,-4.590574,-4.367455,-4.731791,-4.9999385,-4.554777,-5.0
-4.5389953,-4.5792866,-4.655103,-4.5699854,-4.7772574,-4.9998026,-4.267034,-5.0
-4.68528,-4.53538,-4.6330147,-4.626434,-4.6789966,-5.0138845,-4.564868,-5.0
-4.341699,-4.0080967,-4.1335588,-4.2552915,-0.9763437,-5.0813565,-4.043374,-5.0
-4.0433354,-3.6067104,-2.675945,-4.124041,1.5470262,-3.529194,-3.4155219,-5.0
-3.9238834,-4.5531335,-4.177514,-3.0565119,-4.3775268,-5.2696548,-4.4262743,4.767087731514094
2.7945828,1.758082,2.4976594,2.1841245,2.425586,4.8068395,1.9243407,-5.0
-2.4085293,-4.5531335,-4.185354,-2.5201263,-3.5141027,-4.8308516,-1.1313211,5.003581019187787
-4.515027,-4.008782,-4.362579,-3.3882174,-4.699452,-4.9480877,-4.053509,-5.0
-4.5968018,-4.438846,-4.611662,-4.5493155,-4.6270056,-5.030177,-4.570414,-5.0
-4.6549506,-4.538559,-4.6440396,-4.6644087,-4.63531,-4.999975,-4.53307,-5.0
-4.6549506,-4.4966373,-4.6272945,-4.572997,-4.682586,-4.9998584,-4.545933,-5.0
-4.64625,-4.538559,-4.6440396,-4.474605,-4.7137785,-4.9998584,-4.545933,-5.0
-4.705976,-4.538559,-4.6913533,-4.625059,-4.6606812,-4.999975,-4.541175,-5.0
-4.6904674,-4.4966373,-4.6272945,-4.474605,-4.6606812,-4.99989,-4.53307,-5.0
-4.64625,-4.383182,-4.6913533,-4.637831,-4.682586,-4.999879,-4.50509,-5.0
-4.7284317,-4.447676,-0.9292787,-4.6062593,-4.715595,-3.7567027,-4.475623,3.1550322287909704
2.3518283,1.343687,-2.3522,-1.7714256,-1.5147451,1.6092719,1.4416437,3.0523090996473234
1.8320556,1.764724,1.8607769,-1.7714256,2.3511982,0.968346,1.2548884,3.456214155357989
1.9998641,-3.1434414,-2.4869716,-3.9173312,-1.1449348,-2.5287,-1.942536,3.6219029608912305
0.41232586,0.85823244,-2.3968334,1.7763251,-4.656743,-4.1722608,-0.5938044,4.550288880924221
-4.743666,-4.5392284,-4.670969,-4.6050515,-4.66239,-5.042772,-4.467886,-5.0
-4.720634,-4.386679,-4.515854,-4.5417533,-4.7012787,-5.0123415,-4.477696,-5.0
1.4019691,-3.7949772,1.5500934,-4.3410845,-1.7476916,-1.7629012,-4.5551324,-5.0
-4.5621495,-4.578071,-4.6152034,-4.6520505,-4.6610417,-4.9578924,-4.471426,-5.0
-4.7023096,-4.450611,-4.6855597,-4.56349,-4.694006,-5.001805,-4.5637665,-5.0
-4.6034384,-4.447062,-4.6047473,-4.56349,-4.7390504,-5.000757,-4.5175595,-5.0
-4.7023096,-4.4050384,-4.554876,-4.5390415,-4.573087,-5.0004516,-4.5736413,-5.0
-4.6992455,-4.342418,-4.6047473,-4.6539683,-4.553899,-4.9760895,-4.388219,-5.0
-4.691625,-4.2180514,-4.517003,-4.4912415,-4.619443,-5.041355,-4.041148,-5.0
-4.6034384,-4.4359736,-4.6534624,-4.4718833,-4.5766006,-4.953152,-4.33656,-5.0
-4.573506,-4.5463924,-4.362579,-4.6205454,-4.704354,-4.9879656,-4.3049808,-5.0
-4.68528,-4.6121163,-4.6096716,-4.665511,-4.709454,-4.9894214,-4.5605574,-5.0
-4.6109776,-4.555556,-4.6818857,-4.6539683,-4.817257,-3.9089293,-4.33656,-5.0
-4.7131004,-4.535425,-3.475619,-2.112999,-4.701606,-0.34578344,-4.4033327,-5.0
-4.472184,-4.1334376,-4.5739655,-3.3878446,-4.577697,-5.037537,-4.51073,-5.0
-4.71251,-4.414763,-3.488375,-2.372151,-4.6789966,-0.7602225,-2.8059013,-5.0
-4.7068887,-4.414763,-4.401196,-0.97557116,-4.6789966,-4.3178225,-3.7102783,-5.0
-4.4622355,0.8325332,-0.05328136,1.7809368,1.3342551,3.6640027,0.030115385,-5.0
-4.580797,-4.23585,-4.4122434,-4.565703,-4.656743,-4.948452,-4.380459,3.731457812508169
1.5597879,-4.0601315,-3.2495959,-3.1892357,1.2028736,-1.1243763,-0.33023027,-5.0
-4.552935,-4.3791957,-4.5739655,-4.2867246,-4.701606,-5.0227914,-4.51073,3.77821421851844
1.5597879,-1.9871695,1.2056537,0.05903647,1.3572317,0.8805968,-0.5684998,-5.0
-3.8885057,-4.333389,-4.279336,-4.2483397,-4.6789966,-5.007939,-4.3360095,3.0625000057580425
-0.8593285,-1.0218527,1.2654517,0.49791083,-0.22165091,0.840074,-2.1540563,-5.0
-3.4654796,-0.7397776,-0.07263329,-1.2510184,-0.21672466,3.1967468,0.15417716,3.3556677514532107
2.2375839,-2.023662,-4.5747695,1.8040372,-0.38889995,2.9009085,0.7127245,-5.0
-4.4376535,-3.363819,-4.5580263,-4.124041,-3.0244086,-5.0002165,-0.30767435,-5.0
-4.4714746,-3.363819,-4.5801187,-4.556455,-4.611848,-4.999951,-4.2008743,-5.0
-4.4714746,-4.1568685,-4.2037077,-4.314927,-4.2151685,-5.0004654,-4.2008743,-5.0
-4.667429,-4.1790323,-4.2037077,-4.1443315,-4.2151685,-4.9939895,-4.2555413,-5.0
-4.518141,-4.1568685,-4.5580263,-4.3706684,-4.635309,-4.9918656,-4.487398,-5.0
-4.667429,-4.1790323,-4.5801187,-4.5568624,-4.049798,-4.9971695,-4.539225,3.1605393570627105
-4.5737867,-4.5097847,-4.624123,-4.5034504,-4.68609,-4.160136,-4.550495,-5.0
-4.6546955,-4.5097847,-4.624123,-4.5530825,-4.685121,-4.897821,-4.547609,-5.0
-4.704391,-4.5097847,-4.627275,-4.591802,-4.684973,-5.002084,-4.528783,-5.0
-4.68528,-3.7535882,-4.470808,-4.5671334,-4.633698,-4.990904,-4.5738583,-5.0
-4.6843405,-4.49291,-4.6013484,-4.523678,-4.6606812,-5.2444406,-4.5200057,-5.0
-4.6477146,-4.310538,-4.6013484,-4.5671334,-4.121228,-4.997849,-4.499798,-5.0
-4.7424006,-4.5437694,-4.3402343,-4.625059,-4.6606812,-4.7711625,-4.5200057,-5.0
0.27315602,-1.3665982,-0.6334607,-0.41979086,-0.97377646,1.004167,-0.84148484,-5.0
0.27315602,-1.2676858,-0.6334607,-0.029550927,-0.6116055,-0.969375,-0.84148484,-5.0
-1.4093765,-1.2676858,-0.68720335,-0.029550927,-0.97377646,-0.021138856,-1.1600643,-5.0
0.27315602,-1.4950737,-1.1418393,-0.029550927,-1.0962577,-0.021138856,-0.84148484,-5.0
-1.3270872,-1.2629921,-1.1418393,-0.41979086,-0.6116055,1.004167,-1.3099576,-5.0
-1.3270872,-1.2676858,-1.7630385,-0.029550927,-1.0962577,-0.021138856,-1.1944606,4.227527890861573
-1.4093765,-1.2629921,-1.1418393,-2.3523233,-0.6116055,-2.0008337,-1.3099576,4.153246160677947
-1.6757612,-1.2676858,-1.1418393,-2.3523233,-1.6115838,-2.0008337,-1.5800278,3.9820372843642495
-1.3270872,-1.4950737,-1.7630385,-0.029550927,-0.97377646,-2.0008337,-1.1600643,3.910851843072856
-1.4093765,-1.2676858,-0.6334607,-2.3523233,-0.97377646,-0.969375,-0.84148484,3.9172608283418144
-1.6757612,-1.3665982,-0.6334607,-1.4019476,-1.6115838,-0.969375,-0.84148484,3.8467468383445604
-0.66013044,-1.2676858,-0.6334607,-0.029550927,-0.524536,1.004167,-1.1944606,-5.0
-4.536219,-3.1630747,-4.6152034,-4.552479,-4.6789966,-5.001004,-4.0999,3.9292715964096336
1.0342064,-0.06307842,0.4019686,-1.1758126,0.29126486,3.925491,0.28060064,-5.0
-4.5281973,-3.9050252,-4.1699533,-4.147262,-4.3657107,-2.528349,-4.0999,-5.0
-4.427795,-3.4741435,-3.7901204,-4.147262,-3.9787881,-2.528349,-4.0999,-5.0
-4.427795,-4.149046,-4.5330057,-4.5675645,-4.6789966,-4.753397,-3.3228266,-5.0
-4.5612855,-4.43453,-4.3301697,-4.378851,-4.551362,-4.753397,-3.3228266,-5.0
-4.667281,-4.540149,-4.5994773,-4.6122494,-4.670713,-5.0038967,-4.535673,-5.0
-4.620024,-4.540149,-4.579387,-4.6122494,-4.656743,-4.999421,-4.535673,-5.0
-4.6240754,-2.0536706,-4.520996,-4.4190936,-4.6181035,-5.194448,-4.5738583,-5.0
-4.7131004,-0.34822384,-2.6267383,-4.3323784,-4.1376715,-4.9995604,-4.0694633,-5.0
-4.676688,-4.4525156,-4.5481415,-4.6186633,-4.699503,-4.93459,-4.3807125,-5.0
-4.5664554,-4.010331,-3.7547772,-3.3454301,-4.600365,-1.9843299,-4.586336,-5.0
-0.99720037,-0.6865296,1.2332065,-1.6964238,2.3576984,0.10650809,-3.4690728,-5.0
-4.318801,-3.449952,-4.686189,-4.303616,-4.7045407,-5.0055566,-2.6670268,-5.0
-4.562482,-4.3004003,-4.226806,-4.2862735,-4.4507475,-3.276007,-4.593684,-5.0
-4.667281,-4.517289,-4.5663123,-4.5416036,-4.670713,-5.0985518,-4.5161204,-5.0
-4.630932,-3.901111,-3.569069,-3.5418823,-4.684973,-4.262268,-4.0387096,-5.0
-4.7068887,-4.511398,-4.2762995,-3.7868469,-4.152288,-4.9533854,-3.3104758,-5.0
-2.6628199,-0.91477364,-2.4743447,-1.2488545,-0.2295877,3.1828175,-0.673895,-5.0
-4.669433,-4.447576,-4.6702213,-4.607597,-4.690032,-4.999656,-4.5292974,-5.0
-4.703941,-4.582213,-4.5636415,-4.5700006,-4.6997786,-5.0006957,-4.586336,-5.0
-4.3272457,-4.582213,-3.9336152,-4.5700006,-4.690032,-4.1299553,-4.5292974,-5.0
-4.669433,-4.328732,-4.5636415,-4.5892463,-4.7127023,-4.998466,-4.5551324,-5.0
-4.704391,-4.328732,-4.5636415,-4.5700006,-4.6997786,-4.998466,-4.571399,-5.0
-4.7212105,-4.538212,-4.630358,-4.5700006,-4.690032,-4.9996967,-4.571399,-5.0
-4.683106,-4.5610113,-4.630358,-4.602036,-4.690032,-4.9998136,-4.5292974,-5.0
-4.669433,-4.582213,-4.630358,-4.6516504,-4.690032,-4.99985,-4.5292974,-5.0
-4.669433,-4.538212,-4.5636415,-4.602036,-4.6997786,-4.9998765,-4.593684,-5.0
-4.704391,-4.447576,-4.6666756,-4.602036,-4.689651,-4.9996967,-4.5292974,-5.0
-4.683106,-4.447576,-4.5636415,-4.6516504,-4.6997786,-4.9996967,-4.593684,-5.0
-4.679994,-4.496609,-4.399701,-4.283384,-4.6682124,-5.0145106,-4.4754944,-5.0
-4.7007747,-4.3872,-4.6484456,-4.5708294,-4.6682124,-4.9995456,-4.565475,-5.0
-4.714452,-4.54897,-4.6484456,-4.662333,-4.7035785,-4.9081445,-4.4113274,-5.0
-4.719445,-4.5391455,-4.6334248,-4.5707917,-4.738873,-5.0612707,-4.3855553,-5.0
-4.7079005,-4.5522757,-4.6754875,-4.4449363,-4.7600884,-5.002841,-4.4343953,-5.0
-4.7079005,-4.4450088,-4.6301084,-4.450102,-4.6967564,-4.99798,-4.4343953,-5.0
-4.719445,-4.5522757,-4.6484456,-4.602036,-4.684973,-4.9999647,-4.5666013,-5.0
-4.724428,-4.5463924,-4.6752114,-4.665511,-4.704354,-4.9992003,-4.5935965,-5.0
-4.724428,-4.5997157,-4.6344457,-4.6515107,-4.684973,-4.999548,-4.5450797,-5.0
-4.7131004,-4.554195,-4.6570168,-4.617214,-4.7104692,-4.999714,-4.5490565,-5.0
-4.724428,-4.5997157,-4.6752114,-4.6515107,-4.702741,-4.9997582,-4.5490565,-5.0
-4.7131004,-4.4329677,-4.6495237,-4.6285286,-4.704354,-5.002696,-4.5490565,-5.0
-4.6793003,-4.4329677,-4.6681914,-4.6515107,-4.7060223,-4.9939494,-4.5490565,-5.0
-4.6793003,-4.4329677,-0.46241885,-4.233995,-4.702741,-2.0033529,-2.823719,-5.0
-4.7153835,-4.554195,-4.6591773,-4.6515107,-4.7060223,-4.999714,-4.585725,-5.0
-4.68528,-4.405101,-4.6344457,-4.617214,-4.696138,-4.9946146,-4.5605574,-5.0
-4.7153835,-4.4428897,-4.6752114,-4.617214,-4.7037244,-4.983908,-4.585725,-5.0
-4.739318,-4.3847194,-4.610368,-4.124041,-3.0244086,-4.9966645,-0.30767435,-5.0
-4.6622796,-4.4898243,-4.6211033,-4.6122494,-4.6700463,-4.356411,-4.4996657,-5.0
-4.6622796,-4.540149,-4.5994773,-4.561952,-4.656743,-5.131949,-4.516432,-5.0
-4.6622796,-4.4898243,-4.5663123,-4.5416036,-4.6536927,-5.005892,-4.4996657,-5.0
-4.67526,-4.4898243,-4.5663123,-4.561952,-4.6536927,-4.9736433,-4.4777718,-5.0
-4.67526,-4.449349,-4.6211033,-4.5533047,-4.6212406,-4.980305,-4.4777718,-5.0
-4.711401,-4.53538,-4.576283,-4.5520062,-4.6789966,-5.0004883,-4.538193,-5.0
-4.6716466,-4.54512,-4.62825,-4.6037593,-4.6789966,-4.9998775,-4.5196037,-5.0
-4.703941,-3.8911097,-1.4708933,-3.3192139,-4.468355,-4.3611126,-4.0508895,-5.0
-4.552341,-4.5215406,-4.5730615,-4.5849013,-4.688648,-5.0128384,-4.459788,-5.0
-4.704391,-4.545292,-4.632781,-4.593053,-4.6899676,-5.0640306,-4.556804,-5.0
-4.7209783,-4.5497513,-4.632781,-4.6245036,-4.6305795,-5.0729866,-4.5677943,-5.0
-4.704816,-4.54897,-4.632781,-4.5969872,-4.7021413,-4.9996896,-4.5792856,-5.0
-4.6941752,-4.53538,-4.643991,-4.662333,-4.6899676,-4.771031,-4.5719376,-5.0
-4.399372,-4.529102,-4.478106,-4.50698,-4.6789966,-4.651263,-4.5453978,-5.0
-4.6684904,-4.504125,-4.624852,-4.6366005,-4.6881623,-4.8624926,-4.550495,-5.0
-3.926125,-4.529102,-3.3638566,-4.1934175,-4.131104,-4.9726796,-4.3565288,-5.0
-2.57719,-4.5485735,-3.8968155,-4.304362,-4.104724,-4.009004,-4.136271,-5.0
-4.683106,-4.4497547,-4.6666756,-4.6516504,-4.7056327,-5.008296,-4.593684,-5.0
-4.669433,-4.568314,-4.6666756,-4.5843396,-4.6881623,-5.00052,-4.5292974,-5.0
-4.3272457,-4.568314,-4.6658206,-4.6516504,-4.6881623,-4.1298857,-4.5292974,-5.0
-4.720328,-4.4497547,-4.6658206,-4.594273,-4.690032,-5.00052,-4.5292974,-5.0
-4.683106,-4.520656,-4.6666756,-4.595441,-4.689651,-4.8802476,-4.571399,-5.0
-4.709969,-4.470007,-4.6340594,-3.2887342,-4.6710615,-0.54516953,-4.2529917,-5.0
-4.704391,-4.5485663,-4.6159134,-4.620598,-4.3853884,-4.7029023,-4.4735727,-5.0
-4.666536,-4.4984016,-4.6066647,-4.6008973,-4.6789966,-5.2192926,-4.5085382,-5.0
-4.6720076,-4.53538,-4.576283,-4.6008973,-4.7013235,-5.003768,-4.5095825,-5.0
-4.6716466,-4.53538,-4.6484456,-4.6008973,-4.7013235,-5.2192926,-4.5085382,-5.0
2.3964338,1.2274234,1.7023102,2.224026,2.435729,2.2781188,0.60294986,-5.0
-4.607253,-4.317573,-4.3410378,-4.3394713,-4.628227,-4.995378,-4.4017334,-5.0
-3.414415,-4.1481633,-3.9972107,-4.6248784,-4.700911,-2.9802055,-3.9982963,-5.0
-4.6986203,-4.541802,-4.6456947,-4.625059,-4.686958,-4.9986563,-4.564868,-5.0
-4.6986203,-4.43465,-4.642619,-4.600256,-4.6789966,-5.0115333,-4.5196037,-5.0
-4.6024036,-4.3868194,-4.610964,-4.6210346,-4.6789966,-4.9993453,-4.5038743,-5.0
-4.6546955,-4.5449333,-4.6422205,-4.4984612,-4.712017,-4.833985,-4.547093,-5.0
-4.6242266,-4.4025836,-4.629879,-4.530049,-4.552633,-4.9997473,-4.3220215,-5.0
-4.704391,-4.5531335,-4.6833577,-4.6373496,-4.6789966,-5.001517,-4.549839,-5.0
-4.68528,-4.5482078,-4.644374,-4.6644087,-4.6789966,-4.999977,-4.564868,-5.0
-4.68528,-4.5531335,-4.6429048,-4.6373496,-4.68609,-5.0016384,-4.5103183,-5.0
-4.570399,-4.53538,-4.2062654,-4.387778,-4.594213,-4.999942,-4.281975,-5.0
-4.73422,-4.1878834,-3.8477676,-4.6248784,-3.4098501,-3.6551034,-3.9982963,-5.0
-4.6024036,-4.5003247,-4.642619,-4.625059,-4.6789966,-4.9996386,-4.4571824,-5.0
-4.626686,-4.541802,-4.6330147,-4.652804,-4.686958,-5.0115333,-4.564868,-5.0
-4.68528,-4.541802,-4.633537,-4.652804,-4.669996,-4.999873,-4.4571824,-5.0
-4.6684904,-4.48323,-4.5730615,-4.499795,-4.628227,-4.8826303,-4.504946,-5.0
-4.73422,-4.438438,-4.6570168,-4.5434284,-4.684973,-4.890327,-4.4317665,-5.0
-4.6602387,-4.415896,-4.6296787,-4.573057,-4.685121,-4.833985,-4.564868,-5.0
-4.683423,-4.5531335,-4.648062,-4.5403147,-4.689288,-4.999395,-4.3220215,-5.0
-4.704391,-4.5531335,-4.644374,-4.625059,-4.6789966,-5.0010138,-4.564868,-5.0
-4.727469,-4.5531335,-4.648887,-4.6644087,-4.68609,-5.0007086,-4.597293,-5.0
-4.7217894,-4.5531335,-4.6337686,-4.6373496,-4.689288,-4.9989915,-4.549839,-5.0
-4.7195797,-4.4764533,-4.632284,-4.578475,-4.685121,-5.021733,-4.564868,-5.0
-4.6546955,-4.4764533,-4.627275,-4.5838237,-4.715595,-5.0046425,-4.564868,-5.0
-4.555784,-4.5472865,-4.492109,-4.242412,-4.0238485,-2.7246356,-4.5292974,-5.0
-4.7212105,-4.538212,-4.630358,-4.6516504,1.2279798,-5.3116126,-4.349361,-5.0
-4.669433,-4.560616,-4.035964,-4.563566,-4.690032,-5.0562816,-4.5551324,-5.0
-4.703941,-4.560616,-4.6702213,-4.602036,-4.6789966,-5.028482,-4.5843296,-5.0
-4.69248,-4.520656,-4.455317,-4.533549,-4.726963,-4.9373264,-4.5551324,-5.0
-4.6829977,-4.561848,-4.630358,-4.6510916,-4.684973,-4.809269,-4.5665584,-5.0
-4.3056746,-4.5610113,-4.624123,-4.4978805,-4.884948,-4.991253,-3.3127477,-5.0
-4.7196593,-4.496455,-4.642268,-4.5162506,-4.6440063,-5.037153,-4.123382,-5.0
-4.683423,-4.4873805,-4.629879,-4.530049,-3.6002252,-4.2964077,-4.3220215,-5.0
-4.704391,-4.180743,-4.6429048,-4.5196385,-4.6789966,-4.998979,-4.1230526,-5.0
-4.704391,-4.5482078,-4.652594,-4.5952377,-4.68609,-5.003615,-4.5890102,-5.0
-4.68528,-4.5482078,-4.652594,-4.576853,-4.696801,-4.999217,-4.401399,-5.0
-4.6571455,-4.4873805,-4.7045326,-4.6568565,-4.7013235,-5.1068625,-4.5580916,-5.0
-4.704391,-4.571488,-4.7045326,-4.5943713,-4.68609,-4.9758196,-4.5673428,-5.0
-4.727469,-4.2593236,-4.644374,-4.5993733,-4.552633,-4.999395,-4.3220215,-5.0
-4.727469,-4.2593236,-4.629879,-4.4800763,-4.552633,-4.999395,-4.3220215,-5.0
-4.704391,-4.531397,-4.518713,-4.530049,-4.689288,-4.9991117,-4.3220215,-5.0
-4.6242266,-4.5531335,-4.648062,-4.5993733,-4.689288,-5.0000477,-4.516126,-5.0
-4.683423,-4.5531335,-4.648062,-4.4800763,-4.700911,-4.9997473,-4.516126,-5.0
-4.6242266,-4.2593236,-4.629879,-4.530049,-4.552633,-4.999395,-4.564868,-5.0
-3.414415,-4.5531335,-4.6456947,-4.1088896,-3.4098501,-3.8460145,-3.9119067,-5.0
-3.8111658,-4.5531335,-3.4994767,-4.1088896,-3.4098501,-2.9802055,-3.6064627,-5.0
-4.73422,-4.5531335,-4.6456947,-4.6248784,-4.700911,-4.999991,-4.564868,3.080568769534266
-3.8943117,-4.1878834,-3.9972107,-4.6248784,-3.7046826,-2.9802055,-3.6064627,-5.0
-4.73422,-4.1481633,-3.4994767,-3.8877556,-4.700911,-3.6551034,-4.1872745,-5.0
-3.414415,-4.1481633,-3.4994767,-4.222431,-3.7046826,-2.9802055,-3.6064627,-5.0
1.2959229,1.6622875,2.1459944,2.3565207,1.8770005,4.2322164,-1.4124947,3.9398495901119186
2.378368,2.0136464,2.4986465,2.187114,2.4906936,3.6568584,1.9755294,3.5789473465806276
-4.7223296,-4.4905963,-4.6574574,-4.366959,-4.1486297,0.9034933,-0.8402842,3.375939646081096
-4.7223296,-4.5335126,-4.6574574,-4.366959,-4.2638283,2.948337,-2.1041956,3.2481204598836033
-4.730648,-4.5495963,-1.0379126,0.017728984,-4.573206,-2.9572887,-2.6457007,-5.0
-3.8177743,-4.5335126,-4.6495237,-4.4993486,-4.031109,-4.6162906,-4.2454834,-5.0
-4.5134726,-4.0601315,-4.2133884,-4.4993486,-4.699073,-4.975351,-4.2454834,-5.0
