6,13,42,69,420,1234567890,473129,log Third Peak (e-5 place holder)
-4.944151,-3.817274,-4.6628814,-4.577911,-4.738144,-4.7032037,-4.3811226,-5.0
-4.590365,-4.5452304,-4.611574,-4.57689,-4.736349,-4.747691,-4.5573583,-5.0
-4.8481464,-3.7766647,-4.6680136,-4.6151752,-4.7058897,-4.5545125,-4.5673532,-5.0
-4.945532,-4.222955,-4.6382327,-4.6155314,-4.7611156,-4.7789106,-4.531524,-5.0
-4.951576,-4.5934925,-4.6653824,-4.6395054,-4.745619,-4.776208,-4.564039,-5.0
-4.9224772,-4.5934925,-4.6382327,-4.6155314,-4.7611156,-4.6840844,-4.5472646,-5.0
-4.9669333,-4.5934925,-4.636561,-4.6155314,-4.7378297,-4.6840844,-4.5322556,-5.0
-4.4540467,-4.395208,-4.372699,-4.567743,-4.530376,-4.583903,-4.1023617,-5.0
-4.096186,-4.5218563,-4.45138,-4.5071654,-4.745619,-3.9518628,-4.5812793,-5.0
-1.59142,-4.600619,0.41533023,-0.92864347,-4.745619,-2.3790686,-2.0165746,-5.0
-4.9308863,-4.600619,-4.6691036,-4.567743,-4.745619,-4.7549186,-4.5812793,3.087324174501493
-4.598746,-4.4501204,-4.6691036,-4.567743,-4.4414225,-4.701143,-4.4246807,-5.0
-4.598746,-4.5602565,-4.5458193,-4.567743,-4.6965795,-4.7549186,-4.5812793,-5.0
-4.9308863,-4.600619,-4.535644,-4.529424,-4.4414225,-4.6179442,-4.3706927,-5.0
-4.607594,-4.553849,-4.5458193,-4.6042633,-4.4414225,-4.6179442,-4.5812793,-5.0
-4.879245,-4.553849,-4.5633945,-4.567743,-4.624263,-4.6621923,-4.4246807,-5.0
-4.607594,-4.4501204,-4.54812,-4.529424,-4.745619,-4.6621923,-4.481978,-5.0
-4.9308863,-4.5303526,-4.5633945,-4.567743,-4.6158295,-4.718468,-4.5043354,-5.0
-4.945532,-4.644152,-4.636561,-4.6155314,-4.7375803,-4.6840844,-4.5322556,-5.0
-4.938072,-4.5959196,-4.62134,-4.601182,-4.76154,-4.7789106,-4.56408,-5.0
-3.904905,-1.9351732,-3.0838811,-1.5153711,-4.3798337,-2.1888173,-1.3009588,-5.0
-4.898284,-4.59591,-4.6295834,-4.6349864,-4.7191033,-4.776208,-4.5603127,-5.0
-4.94182,-4.564094,-4.667654,-4.555927,-4.745619,-4.780042,-4.524314,-5.0
-4.9071326,-4.5800786,-4.6691036,-4.6155314,-4.780171,-4.7549186,-4.591003,-5.0
-4.951923,-4.564094,-4.667654,-4.5725675,-4.7191033,-4.780042,-4.591003,-5.0
-4.9071326,-4.564094,-4.667654,-4.6155314,-4.76154,-4.7549186,-4.524314,-5.0
-4.951923,-4.564094,-4.6342497,-4.6349864,-4.745619,-4.7549186,-4.524314,-5.0
3.3717613,1.9861741,2.2930276,2.1003604,2.6505344,2.8290467,1.9582454,3.8505338186074742
3.490993,2.2063835,2.2930276,2.1384912,2.6851146,2.7509813,1.9582454,3.653333327345467
3.2793727,1.9861741,2.2845101,2.1633277,2.6314476,2.705486,2.1463728,4.138920788220529
3.490993,1.9861741,2.3170118,2.1003604,2.6505344,2.705486,2.0883012,3.5358418971267085
3.3934069,2.1621757,2.2845101,2.2079492,2.6851146,2.705486,1.8277061,3.478920423981698
3.490993,2.2063835,2.2930276,2.1384912,2.6314476,2.705486,2.0883012,3.278608888210107
-0.64499974,-2.852994,-1.745582,-1.3521061,-2.8561347,-0.85329145,-2.4201214,-5.0
-2.809508,-1.2824206,-1.7788689,-1.2607286,-1.7186064,-1.7035661,-1.9062746,-5.0
-2.7159016,-1.2824206,-1.8329659,-1.2607286,-1.0469385,-0.85329145,-2.4201214,-5.0
-0.64499974,-2.8791902,-1.8123065,-1.3521061,-1.0469385,-4.7507377,-1.934,-5.0
-2.7159016,-2.852994,-4.5360093,-3.1273887,-3.1514406,-4.7507377,-3.1098554,3.7847235355935087
-2.809508,-2.8791902,-4.5360093,-3.2263541,-2.8561347,-4.7507377,-2.4201214,4.239457323366991
-1.4415917,-1.3946338,-1.1355343,-2.2112544,-2.2328818,-0.85329145,-1.8214316,-5.0
-0.64499974,-1.3946338,-2.123036,-1.7120472,-2.2328818,-2.1704652,-2.901526,-5.0
-0.64499974,-1.7206829,-2.123036,-2.2112544,-2.7648711,-0.85329145,-1.8721677,-5.0
-0.64499974,-1.3946338,-1.1355343,-1.7583574,-1.6006297,-2.1704652,-2.8129265,-5.0
-0.64499974,-1.3946338,-3.1486173,-3.152228,-2.2328818,-3.1949346,-2.901526,4.3085588434587
-3.143053,-3.17277,-2.123036,-2.2112544,-2.7648711,-2.1704652,-2.8129265,4.008051933575667
-3.3434808,-3.2833757,-3.2893963,-4.545402,-2.9796677,-3.3294585,-3.0013535,-5.0
-3.3523312,-3.295382,-3.3201416,-3.3125622,-2.9796677,-2.9524055,-2.9681578,-5.0
-2.9466262,-2.5475876,-3.3010364,-3.2737665,-3.326788,-4.7507377,-3.0013535,-5.0
-4.7709727,-2.5475876,-4.5604377,-3.3529837,-3.312714,-2.9524055,-4.559364,-5.0
-2.9466262,-2.5475876,-4.5604377,-3.2602828,-4.720079,-3.3090835,-2.9681578,-5.0
-4.7709727,-4.538118,-4.5604377,-4.545402,-4.720079,-4.7507377,-4.559364,3.194784269821479
-4.8706226,-4.536213,-4.5486774,-4.545402,-4.580156,-4.7507377,-4.559364,-5.0
-4.8752136,-4.4828305,-4.5604377,-4.5222974,-4.580156,-4.7507377,-4.4647355,-5.0
-4.8836093,-4.471747,-4.5604377,-4.4122105,-4.6504865,-4.7507377,-4.3919353,-5.0
-4.91287,-4.471747,-4.5604377,-4.4122105,-4.580156,-4.6961927,-4.3919353,-5.0
-4.8706226,-4.4828305,-4.539511,-4.4122105,-4.63847,-4.6375775,-4.559364,-5.0
-4.8836093,-4.5133677,-4.539511,-4.471302,-4.720079,-4.6375775,-4.4363995,-5.0
3.5497212,2.2896807,2.3906252,2.1816216,2.8469193,2.907101,2.083575,4.1806249982087085
3.6178749,2.434266,2.5309508,2.1816216,2.8524213,3.0036,2.1577892,3.9006250066129415
3.5459306,2.2896807,2.6717165,2.307105,2.624129,2.8573647,2.0764923,3.906198813187722
3.5800014,2.2103016,2.6717165,2.1405735,2.8650193,2.984692,2.1577892,3.8635720022857054
3.5459306,2.434266,2.424038,2.1816216,3.0318227,2.907101,2.1473203,3.7963841316345217
3.5497212,2.2641273,2.424038,2.1405735,2.8469193,2.984692,2.0933375,3.920000015088359
-4.588447,2.2103016,-4.1688724,-4.2397866,-4.333002,-4.3211694,-4.1024375,3.386077308002503
3.2429082,2.2103016,2.424038,2.4291291,2.7066472,2.8087475,2.0764923,-5.0
3.527758,2.4201813,2.5519118,2.3215175,2.7798207,2.8787134,2.2463124,3.822242373996526
3.4356847,2.3408427,2.4312878,2.2523456,2.8040535,2.7932093,2.2463124,3.814277102774826
3.5280614,2.3408427,2.5575776,2.2523456,2.8040535,2.841127,2.2463124,3.7421568784358143
3.4916816,2.4201813,2.5575776,2.3253157,2.7716775,2.9411106,2.295127,3.6076470354326484
3.4594939,2.3408427,2.5575776,2.3215175,2.8040535,2.7932093,2.2466831,3.8284655803904575
3.4916816,2.3537138,2.4579468,2.2523456,2.8511174,2.7932093,2.242538,3.824137098080121
3.527758,2.3408427,2.512049,2.3253157,2.7798207,2.8787134,2.2463124,3.8201467914445923
3.4594939,2.199865,2.4579468,2.2523456,2.7716775,2.9411106,2.2466831,3.686515972691106
3.761986,2.5105584,2.8295064,2.3253157,3.1169405,3.0145338,2.2463124,3.909722227393183
3.5759127,2.6642869,2.4312878,2.35042,2.9425268,2.8756828,2.2466831,4.090713065178927
3.761986,2.6642869,2.8295064,2.4056525,3.1169405,3.0145338,2.295127,3.7916666534117014
3.5547707,2.3408427,2.8295064,2.2523456,3.1169405,2.8552437,2.1936102,4.071206485531663
2.9276245,1.8395114,2.1442053,1.9676797,2.3924525,2.500882,1.9511415,3.2275159827371027
3.0409155,1.8495927,2.1442053,2.0418746,2.3924525,2.448366,1.8507923,3.214720427323943
3.0409155,1.9719546,2.1442053,1.9946927,2.5031478,2.448366,1.8507923,3.1990972054889837
2.9276245,1.9719546,2.2824445,1.9676797,2.523667,2.5513506,1.9568583,3.2404803547282506
2.9578896,2.0902233,2.3480067,1.9955816,2.571597,2.584209,2.205713,3.110832376073348
2.9710166,2.0920577,1.9806535,2.3361313,2.6056657,2.6560702,2.205713,3.0652580758363133
-4.9544945,-4.6401396,-4.5094767,-4.627974,-4.575669,-4.6165643,-4.599861,-5.0
-4.89722,-4.5480165,-4.5732417,-4.5984225,-4.7082,-4.6860104,-4.5402555,-5.0
-4.9368277,-4.517141,-4.6248674,-4.5367775,-4.707058,-4.6860104,-4.5209055,-5.0
-4.8923464,-4.5480165,-4.6271386,-4.5748053,-4.343958,-4.720007,-4.4829273,-5.0
-4.6357403,-4.413083,-2.335406,-4.5192976,-4.529408,-4.744087,-4.2777267,-5.0
-4.5518737,-1.3743075,-0.8547981,-1.4418322,0.7614808,-1.3152299,-0.9140102,-5.0
-4.9055653,-4.611989,-4.6691036,-4.481096,-4.550652,-4.762772,-4.6223183,-5.0
2.882524,0.8993435,1.5660797,1.3499018,0.60997844,1.7303619,0.22949435,3.0329014839502144
2.6007729,1.4535414,0.9393284,0.46051976,0.60997844,1.4390892,0.22949435,3.7269460936843655
3.1811323,1.3516217,1.5197972,1.3406899,1.9624735,2.039183,-4.12424,4.9562631866523965
3.7687109,2.0889966,1.4888544,1.3379686,1.9527566,2.3783383,-4.12424,4.542614087519237
-4.6752744,-4.614558,-4.6628814,-4.557011,-4.736628,-4.776208,-3.9603903,-5.0
-4.861313,-4.6064687,-4.6263466,-4.51266,-4.7290063,-4.7388005,-4.4238057,-5.0
0.85595375,2.180031,1.8687521,0.9542552,2.578228,2.493392,1.8014963,-5.0
-4.765036,-3.8719902,0.76489115,-4.212876,-4.568894,-4.1002617,-2.202388,3.8260748027008264
-4.915976,-4.59438,-4.6253376,-4.434725,-4.441532,-4.702395,-4.019346,-5.0
-4.9376726,-3.6435676,-4.38592,-4.6151752,-0.17790668,-4.853452,-4.439457,-5.0
-1.5410596,-1.4597459,-3.1309822,-3.0634902,1.8995892,0.5564605,-4.56408,-5.0
-4.958819,-4.6224732,-4.6192,-4.6151752,-4.701918,-4.7388005,-4.56408,-5.0
-4.9376726,-4.614558,-4.5635047,-4.5626016,-4.703253,-4.4635005,-4.2980647,-5.0
-4.861313,-4.6145444,-4.681796,-4.302421,-4.7030478,-4.6330175,-4.3862786,-5.0
-4.936669,-4.614558,-4.6628814,-4.6151752,-4.736628,-4.776208,-4.56408,4.698970004336019
-2.6863394,-1.9340296,0.43683073,-4.51266,-0.9220981,-4.6330175,-0.10143568,-5.0
-4.7125945,-4.670404,-4.6313767,-4.5754666,-4.771814,-4.6617002,-4.5295577,-5.0
-4.9248943,-4.670404,-4.6253376,-4.5754666,-4.737087,-4.776208,-4.56408,-5.0
-4.9806128,-3.607553,-4.59587,-4.557011,-4.701918,-4.6113496,-4.485409,-5.0
-4.899809,-4.619152,-4.59587,-4.302421,-4.703253,-4.1552978,-3.9207768,-5.0
-4.5399346,-4.4466844,-4.490436,-3.8274546,0.96231407,-4.063035,-4.56408,-5.0
-4.9806128,-4.61376,-4.619622,-3.6150875,-4.737738,-4.4336076,-4.049841,-5.0
-4.7460275,-4.336682,-4.507199,-4.4732,-4.473819,-4.552799,-4.388554,-5.0
-4.9319506,-2.4578884,-2.0449274,-3.3142538,-4.7375803,-0.71863574,-0.8276855,-5.0
-5.0017366,-2.788594,-2.0594764,-4.571507,-4.660099,-4.776208,-4.5632377,-5.0
-4.911722,-4.612365,-4.629089,-4.5486846,-4.7142067,-4.712694,-4.56408,-5.0
-4.936188,-4.5648913,-4.6729603,-4.5486846,-4.759182,-4.7659745,-4.5214686,-5.0
-4.9319506,-4.612365,-4.6691036,-4.573043,-4.7375803,-4.7549186,-4.56408,3.312132908823658
-4.6989856,1.2024918,-1.8298239,-3.7200134,-3.530334,-4.1506457,-4.2425666,-5.0
-4.838484,-4.5484486,-4.2935376,-4.384625,-4.445736,-4.6695986,-4.554544,-5.0
-4.83648,-4.398779,-4.514926,-4.573043,-4.445736,-4.7549186,-4.1586785,-5.0
-4.497966,-4.5383697,-0.9884334,-4.4122105,-4.4117484,-4.5453753,-0.19489141,-5.0
-4.9124928,-4.61376,-4.6667404,-4.52191,-4.652423,-4.4136014,-4.591003,-5.0
-4.9435363,-4.564751,-4.6667404,-4.601182,-4.7462626,-4.7796187,-4.475422,-5.0
-4.9435363,-4.6587677,-4.580312,-4.559002,-3.2983296,-3.891067,-4.591003,-5.0
-4.9435363,-4.6587677,-4.6667404,-4.601182,-1.1398256,-4.7763395,-4.591003,4.048899979417095
-4.869393,-4.448412,-4.587014,-4.453166,-4.293154,-4.264161,-4.4393454,-5.0
-4.878259,-4.329475,-4.4101157,-4.4285398,-4.394488,0.28010827,-4.0605574,-5.0
-1.9318459,-4.483681,1.1146839,-4.4285398,-4.645722,0.6771457,-1.0439407,-5.0
-4.878259,-4.483681,-4.575366,-4.4285398,-4.6821465,-5.179273,-4.4504495,-5.0
4.2326894,2.5407486,3.1173167,1.8983678,3.7175593,2.8490844,-0.22495082,5.126204133317051
4.605887,1.895625,0.36558798,1.7209897,1.3701788,3.4095879,2.2187226,5.3188168520538515
-3.9513757,-2.0946584,-4.5732417,0.32049757,-4.7178626,1.3697902,-4.521213,5.064935065401374
3.136575,1.9476308,2.30752,1.9898287,2.9727972,3.8857381,2.5144105,4.886097691359434
1.3064728,-0.82835066,-4.3808327,-4.6352487,-4.7475758,-4.036094,0.27107126,3.3514882504227397
-1.2533166,-4.339421,-2.0810966,-4.6352487,-4.7475758,-2.378078,-4.1946297,3.693445269493706
-1.9524139,-3.9262836,1.3187916,-3.7157528,-0.75180966,1.982172,-2.617494,3.0277119803026658
1.711494,1.4535414,1.8274186,1.2490022,-4.6912475,2.227122,0.27107126,-5.0
-4.9337573,-4.5510297,-4.643416,-4.6411686,-4.745619,-4.7698145,-4.55835,-5.0
-4.928969,-4.5510297,-4.641895,-4.605222,-4.7407036,-4.7690897,-4.5673532,-5.0
-4.9419713,-4.5969887,-4.641895,-4.6411686,-4.739104,-4.7778745,-4.556554,-5.0
-4.928969,-4.5510297,-4.641895,-4.572362,-4.745619,-4.7690897,-4.5673532,-5.0
-4.9295907,-4.603867,-4.643416,-4.5736017,-4.745029,-4.7690897,-4.55835,-5.0
-4.9419713,-4.5726933,-4.6311026,-4.6151547,-4.745619,-4.6787267,-4.4805517,-5.0
-4.517686,-4.3345814,-4.6311026,-4.281122,-4.458661,-4.6676536,-4.305636,-5.0
-4.9295907,-4.6079183,-4.6620355,-4.601182,-4.745619,-4.747691,-4.556554,-5.0
-4.9337573,-4.5510297,-4.6667404,-4.6411686,-4.7407036,-4.7545342,-4.582937,-5.0
-4.941768,-4.5510297,-4.6667404,-4.605222,-4.739365,-4.7718945,-4.582937,-5.0
-4.9337573,-4.5969887,-4.6620355,-4.572362,-4.739104,-4.7718945,-4.582937,-5.0
-4.941768,-4.5510297,-4.6181383,-4.572362,-4.745619,-4.7690897,-4.582937,-5.0
-4.78943,-4.432292,-4.561946,-4.582993,-4.6918087,-4.656943,-4.559364,-5.0
-4.9143076,-4.5890555,-4.561965,-4.545402,-4.6315684,-4.656943,-4.559364,-5.0
-3.2393296,-3.5698755,-4.511637,-4.545402,-1.8043634,-4.62822,-4.559364,-5.0
-4.919061,-4.5395675,-4.641895,-4.601182,-4.7240224,-4.747414,-4.5673532,-5.0
-4.8516345,-4.6141243,-4.615042,-4.5655246,-4.7266536,-4.747414,-4.5076566,-5.0
-4.907768,-4.5745525,-4.641895,-4.601182,-4.7282023,-4.7467237,-4.5076566,-5.0
-4.907768,-4.5395675,-4.615042,-4.601182,-4.695046,-4.7263494,-4.5673532,-5.0
-5.106783,-4.5260844,-4.641895,-3.7782247,-4.7392635,-4.747691,2.083575,-5.0
-3.0588226,-2.3499649,1.9222162,-4.4746275,-0.9461677,-4.737743,-3.9962292,3.4852941601339755
2.1924798,-2.1222963,1.1988987,1.7185832,2.4441552,1.222439,1.5444758,3.058949216259651
-4.936669,-4.5649395,-4.6223555,-4.6151752,-4.693172,-4.6704435,-4.5683365,-5.0
-4.7893515,-4.5284867,-4.6223555,-4.5655923,-4.736628,-4.763114,-4.2820888,-5.0
-4.8339095,-4.5383706,-4.6446857,-4.566082,-4.72905,-4.763114,-4.5632024,-5.0
-1.3088934,-4.3260927,-1.4490283,-4.431048,-4.6570454,0.8572633,-4.56408,-5.0
-3.1802628,-0.65480804,0.6303352,-1.273566,-1.1971277,-4.1918817,0.5458664,-5.0
-4.641389,-4.1063094,-4.421241,-2.628523,-3.1680975,-4.5343704,-4.2595086,-5.0
-4.9402666,-4.5649395,-4.6223555,-4.6151752,-4.6570454,-4.73438,-4.5666947,-5.0
-4.7288456,-4.6063213,-4.607967,-4.4398685,-4.72905,-4.7763395,-4.405264,-5.0
-4.9402666,-4.614558,-4.6532216,-4.4398685,-4.5899873,-4.6704435,-4.405264,-5.0
-3.2554605,-1.9764624,-3.9599447,-4.5698056,-2.6025891,-4.6239753,-4.385772,-5.0
-4.9350295,-4.59438,-4.6634483,-4.5779524,-4.7616816,-4.7863564,-4.558019,-5.0
-4.944151,-4.614558,-4.6634483,-4.5754666,-4.738144,-4.7605486,-4.566286,-5.0
-4.9376726,-4.59438,-4.6628814,-4.6513424,-4.759705,-4.776208,-4.562719,-5.0
-4.9376726,-4.571088,-4.6532216,-4.6151752,-4.7616816,-4.765549,-4.558019,-5.0
-4.944151,-4.614558,-4.6306486,-4.5754666,-4.7690105,-4.7863564,-4.558019,-5.0
-4.942255,-4.614558,-4.6532216,-4.5754666,-4.759705,-4.7863564,-4.562719,-5.0
-4.9376726,-4.571088,-4.6628814,-4.577911,-4.7616816,-4.790929,-4.562719,-5.0
-4.958064,-4.608209,-4.6532216,-4.5754666,-4.7616816,-4.775091,-4.558019,-5.0
-4.944151,-4.614558,-4.6634483,-4.5779524,-4.7690105,-4.765549,-4.56408,-5.0
-4.958064,-4.571088,-4.679939,-4.5779524,-4.738144,-4.7605486,-4.598089,-5.0
-4.958064,-4.571088,-4.6628814,-4.577911,-4.7690105,-4.7863564,-4.558019,-5.0
-4.958064,-4.59438,-4.6532216,-4.6151752,-4.738144,-4.775091,-4.598089,-5.0
-4.9324203,-4.614558,-4.679939,-4.6151752,-4.759705,-4.790929,-4.56408,-5.0
-4.944367,-4.608209,-4.679939,-4.577911,-4.7616816,-4.7863564,-4.558019,-5.0
-4.936669,-4.614558,-4.6532216,-4.5754666,-4.7616816,-4.765549,-4.566286,-5.0
-4.4590464,-4.639255,-3.5027287,-4.5779524,-3.2083204,-4.776208,-4.56408,-5.0
-4.91074,-4.57683,-4.6096706,-4.5984225,-4.7030935,-4.7537203,-4.5402555,-5.0
-4.945185,-4.59438,-4.6306486,-4.577911,-4.759705,-4.7863564,-4.566286,-5.0
-4.953931,-4.614558,-4.6306486,-4.6513424,-4.759705,-4.7863564,-4.558019,-5.0
-4.945185,-4.614558,-4.6306486,-4.5779524,-4.7690105,-4.7605486,-4.566286,-5.0
-4.9340563,-3.125699,-2.871797,-4.5379815,-2.3859794,-4.1044383,-4.604525,-5.0
-1.9209585,-1.5076252,-4.187461,-0.786811,-2.824755,-2.7917976,-1.4942532,-5.0
-0.6141244,-0.9820696,-1.0635811,-0.786811,-1.4543415,-1.546002,-1.8757064,3.379403789557904
-2.1345115,0.32412952,-4.411349,-1.9112409,0.13658376,-4.6330175,-0.060353592,3.058256677336559
-4.437357,-4.5934925,0.46305382,-4.601182,-4.491351,-0.5250081,-4.56408,-5.0
-5.079333,-4.4944897,-3.9780147,-4.5719433,-4.7409883,-4.748086,-4.5175014,-5.0
-5.079333,-4.6108546,-4.6889215,-4.5654225,-4.5766854,-4.748086,-4.56408,-5.0
-4.404177,-2.5994544,-2.4723985,-4.5719433,0.961351,-4.748086,-4.5870266,-5.0
-1.4051133,-1.6904647,-1.6288522,-1.1440623,-0.8096931,0.27595124,-1.1139643,4.063262184378454
-0.66043925,-0.9820696,-0.64830977,-0.786811,-0.8096931,0.27595124,-0.58940125,-5.0
-0.66043925,-1.6652094,-0.64830977,-1.01075,-1.4543415,0.04550954,-1.8757064,3.1736881859113897
-0.75272286,1.4330695,-1.6378483,-1.4756448,0.17010373,-1.4356916,-1.6907282,3.8862537726439688
-0.6141244,1.4330695,-1.0635811,-0.52131957,0.17010373,0.04550954,-0.2626628,-5.0
-0.12474876,1.4330695,0.41534266,-1.1440623,-1.4543415,0.04550954,-1.8757064,-5.0
-0.75272286,1.4330695,0.41534266,-1.01075,0.17010373,0.27595124,-1.1139643,-5.0
3.1581185,2.1649442,2.512049,2.3253157,2.7134674,2.5291867,2.1621418,-5.0
4.725088,2.199865,2.8567824,2.7677038,3.5315623,3.5936167,2.3670144,3.3018489538496953
3.2594085,2.4201813,2.7871566,2.3253157,3.2941568,2.7768598,2.3670144,5.075188809118884
3.572861,2.199865,2.4729185,2.3253157,3.0522475,3.3720634,2.2700906,5.223905988174296
3.572861,2.199865,2.4729185,2.35042,3.1070068,3.0253353,2.295127,5.714285714350177
3.572861,2.4060855,2.5575776,2.2523456,3.0522475,3.2935598,2.2403598,5.933253728501627
-0.66043925,1.4330695,-1.0635811,-1.01075,-1.4543415,0.04550954,-1.8757064,6.466983938186399
-4.882603,-4.4781804,-4.517541,-4.5241084,-4.729389,-4.651747,-4.4923773,-5.0
-4.9003816,-4.4689784,-4.5458965,-4.397418,-4.6758175,-4.7457824,-4.506448,-5.0
-4.9003816,-4.4781804,-4.517541,-4.5680037,-4.729389,-4.704959,-4.5104594,-5.0
-4.882603,-4.5890555,-4.5458965,-4.5241084,-4.7232237,-4.651747,-4.4804015,-5.0
-4.965389,-3.5332682,-4.6361375,-4.6464133,-4.736349,-4.747691,-4.5673532,-5.0
-4.8957787,-4.538118,-4.561965,-4.3234997,0.16559722,-4.747691,-4.0506053,-5.0
-4.8759003,-4.470321,-4.3092666,1.697812,0.16559722,-4.6450877,-0.33715117,-5.0
-3.713238,-4.603867,-3.245203,-2.1153283,-3.4601607,-4.747691,-2.9427705,4.767087731514094
4.307816,2.434266,2.6819553,2.4291291,3.0622385,3.142433,2.083575,-5.0
-4.082034,-4.5132775,-3.7470737,-4.1740522,-4.2633657,-4.747691,-4.110371,5.003581019187787
-4.9326844,-4.5510297,-4.641895,-4.481096,-4.7353234,-4.752367,-4.540042,-5.0
-4.825449,-4.603867,-4.641895,-4.5730457,-4.739324,-4.758559,-4.540042,-5.0
-4.8964634,-4.631665,-4.651227,-4.6362424,-4.745619,-4.7549186,-4.546807,-5.0
-4.8964634,-4.612365,-4.683751,-4.5736017,-4.7479115,-4.76139,-4.56408,-5.0
-4.9438033,-4.631665,-4.651227,-4.5704966,-4.7223134,-4.76139,-4.56408,-5.0
-4.9501495,-4.631665,-4.6691036,-4.601182,-4.734997,-4.7549186,-4.3801675,-5.0
-4.9360805,-4.612365,-4.683751,-4.5704966,-4.734997,-4.6755395,-4.546807,-5.0
-4.9438033,-4.5764065,-4.6691036,-4.6155314,-4.7479115,-4.7796187,-4.5876365,-5.0
-4.9423,-4.5510297,-4.6365585,-1.2641606,-4.739324,-4.761841,-2.8411083,3.1550322287909704
2.4341452,1.6129254,-2.045003,-2.277585,-1.3461679,-0.269177,1.4606742,3.0523090996473234
2.5974848,1.9784046,1.9468354,-2.277585,2.5202212,-0.33010617,0.8957414,3.456214155357989
2.7818305,-2.9729817,-2.9640827,-3.947607,-0.9533519,-3.645172,-1.9330599,3.6219029608912305
0.9824097,0.8521898,-2.6328595,1.7187337,-4.707058,-4.6167803,-0.9521856,4.550288880924221
-4.9224772,-4.600619,-4.6306486,-4.601182,-4.7378297,-4.779101,-4.5475698,-5.0
-4.878259,-4.448412,-4.6429377,-4.528164,-4.7392635,-2.9312718,-4.4393454,-5.0
2.6007729,-4.3103843,1.5758158,-3.6982162,-0.9880081,2.044114,-3.2978325,-5.0
-4.869393,-4.6124787,-4.5489216,-4.57585,-4.645722,-4.707592,-4.4765973,-5.0
-4.9419713,-4.553961,-4.6691036,-4.601182,-4.745619,-4.747691,-4.591003,-5.0
-4.934436,-4.639803,-4.643416,-4.601182,-4.739365,-4.747691,-4.5673532,-5.0
-4.9419713,-4.603867,-4.6181383,-4.5736017,-4.742958,-4.7549186,-4.551329,-5.0
-4.934228,-4.639803,-4.643416,-4.6438475,-4.742958,-4.7549186,-4.5661726,-5.0
-4.9010224,-4.553961,-4.6181383,-4.57471,-4.745619,-4.7549186,-4.1507945,-5.0
-4.934436,-4.553961,-4.6657457,-4.5736017,-4.745619,-4.776208,-4.5446863,-5.0
-4.9410114,-4.603867,-4.641895,-4.57471,-4.742958,-4.772859,-4.5446863,-5.0
-4.9297304,-4.639803,-4.6657457,-4.6438475,-4.745029,-4.772859,-4.551329,-5.0
-4.934228,-4.611989,-4.6691036,-4.6438475,-4.739365,-4.776208,-4.5446863,-5.0
1.0570494,-1.84991,-0.2754906,-3.3826947,-4.6005764,0.9114036,-3.6931574,-5.0
-4.756861,-4.26529,-4.6367645,-4.354813,-4.645855,-4.7338905,-4.4587245,-5.0
-4.9090257,-4.4349113,-3.3290188,0.8834444,-4.645855,-2.8159435,-4.353647,-5.0
-4.9807673,-4.4349113,-4.4874735,-0.7878715,-4.645855,-4.85968,-4.315922,-5.0
-4.826802,1.4306397,0.30961004,1.7234765,1.5446217,1.5359242,0.0762033,-5.0
-5.001905,-4.2933755,-4.421241,-4.548396,-4.707058,-4.737743,-4.3862786,3.731457812508169
2.0033982,-1.3520052,-0.97826767,0.9919656,1.6907182,-2.8611932,0.9649791,-5.0
-4.936723,-4.264904,-4.637468,-4.561256,-4.6005764,-4.779101,-4.4391603,3.77821421851844
2.2949274,-2.8285868,-0.8828775,-1.4350405,1.6907182,-0.41716886,0.9649791,-5.0
-4.5725093,-4.4349113,-4.586592,-4.5261564,-4.645855,-4.2154355,-4.44466,3.0625000057580425
-1.6134908,1.0998033,-0.23673595,1.2419107,0.6530758,-4.2154355,-1.0788563,-5.0
-2.831552,-0.6738518,0.29403105,-1.779763,0.085432984,1.5359242,0.27934083,3.3556677514532107
-4.8556795,-4.5133677,-4.546003,-4.4716563,-4.6430545,-4.3236485,-4.430212,-5.0
-4.908021,-4.418294,-4.539511,-4.4427485,-4.5906253,-4.6007977,-4.1218624,-5.0
-4.7828298,-4.418294,-4.5952644,-4.5707455,-4.6470475,-4.3236485,-4.1218624,-5.0
-4.7828298,-4.455488,-4.4887195,-4.4457755,-4.5884657,-4.7690673,-4.1218624,-5.0
-4.9197946,-4.585567,-4.4887195,-4.510096,-4.5884657,-4.6007977,-4.430212,-5.0
-4.8236275,-4.455488,-4.539511,-4.4427485,-4.6430545,-4.2812657,-4.4933043,-5.0
-4.9197946,-4.585567,-4.572181,-4.5668416,-2.6668215,-4.0335836,-3.9402678,3.1605393570627105
-4.9423,-4.5969887,-4.643416,-4.5736017,-4.739365,-4.772859,-4.5673532,-5.0
-4.9337864,-4.5969887,-4.643416,-4.601182,-4.745619,-4.7690897,-4.550173,-5.0
-4.9344077,-4.5969887,-4.6181383,-4.6155314,-4.736349,-4.747691,-4.56408,-5.0
-4.9265685,-4.633394,-4.611574,-4.579266,-4.74042,-4.748086,-4.56408,-5.0
-4.959885,-4.575266,-4.6628814,-4.5709224,-4.736712,-4.747691,-4.5673532,-5.0
-4.8926687,-4.633394,-4.6628814,-4.5654225,-4.74042,-4.776208,-4.5456147,-5.0
-4.9419713,-4.603867,-4.611574,-4.601182,-4.736712,-4.747691,-4.5673532,-5.0
0.72961545,-1.1340126,-0.6214577,-0.42992225,-0.9537963,0.3549673,-0.7650892,-5.0
0.72961545,-1.1719223,-0.6214577,-0.15758504,-0.5397129,-1.2652525,-0.7650892,-5.0
-1.1059777,-1.1719223,-0.7163555,-0.15758504,-0.9537963,-0.43019417,-1.1552789,-5.0
0.72961545,-1.1106308,-1.0812793,-0.15758504,-0.9197426,-0.43019417,-0.7650892,-5.0
-1.1186477,-1.0775547,-1.0812793,-0.42992225,-0.5397129,0.3549673,-1.176079,-5.0
-1.1186477,-1.1719223,-1.7691945,-0.15758504,-0.9197426,-0.43019417,-1.1541032,4.227527890861573
-1.1059777,-1.0775547,-1.0812793,-2.25265,-0.5397129,-2.1717527,-1.176079,4.153246160677947
-1.5009335,-1.1719223,-1.0812793,-2.25265,-1.585396,-2.1717527,-1.6592016,3.9820372843642495
-1.1186477,-1.1106308,-1.7691945,-0.15758504,-0.9537963,-2.1717527,-1.1552789,3.910851843072856
-1.1059777,-1.1719223,-0.6214577,-2.25265,-0.9537963,-1.2652525,-0.7650892,3.9172608283418144
-1.5009335,-1.1340126,-0.6214577,-1.4179312,-1.585396,-1.2652525,-0.7650892,3.8467468383445604
-0.24059464,-1.1719223,-0.6214577,-0.15758504,-0.52901393,0.3549673,-1.1541032,-5.0
-4.8115664,-4.4256296,-4.5312877,-4.406823,-4.6136208,-4.6001663,-3.2646284,3.9292715964096336
2.402816,0.57570285,0.9197129,0.61047274,1.130717,1.3027961,0.31422585,-5.0
-4.7189026,-4.2243204,-3.9353852,-0.90729076,-3.837447,-4.4838014,-3.2646284,-5.0
-4.7098846,-4.415712,-4.420488,-0.90729076,-4.153177,-4.4838014,-3.2646284,-5.0
-4.730933,-4.3700476,-4.5123277,-4.34289,-4.613383,-4.6001663,-4.310971,-5.0
-4.606953,-4.448069,-4.420488,-4.381636,-4.52629,-4.6001663,-4.310971,-5.0
-4.9199667,-4.612024,-4.6098967,-4.5984225,-4.730847,-4.720007,-4.5402555,-5.0
-4.88571,-4.612024,-4.5860686,-4.5984225,-4.707058,-4.722779,-4.5402555,-5.0
-5.8047857,-0.91918314,-4.5415306,-4.384625,-4.7011504,-4.68406,-4.56408,-5.0
-4.9340014,-0.91918314,-3.0755887,-4.506307,-4.2909775,-4.7549186,-1.2196248,-5.0
-4.923946,-4.509193,-4.5689273,-4.530065,-4.7411246,-4.7294517,-4.478546,-5.0
-1.9707239,-4.553961,-4.659852,-4.5403438,-4.699467,-4.7538185,-4.5839157,-5.0
-5.0578933,-4.5895724,-4.659852,-4.481096,-4.7391667,-4.7538185,-4.545921,-5.0
-3.4578452,-4.496988,-4.6075954,-4.5241084,-0.84804887,-4.704959,-4.506448,-5.0
-4.967531,-4.388675,-4.5458965,-4.5623393,-4.5201507,-4.718548,-4.4923773,-5.0
-4.2130013,-4.57683,-4.5732417,-4.524644,-4.730847,-4.6860104,-4.5209055,-5.0
-4.9077415,-3.4672265,-4.533312,1.6974088,-4.6918087,-4.651747,-2.97269,-5.0
-4.879847,-4.4689784,-4.517541,1.6974088,-4.6816826,-4.712991,-4.4923773,-5.0
-1.8846489,-0.7785747,-2.6316237,-0.74664396,1.4810297,2.7260587,0.40196007,-5.0
-4.93471,-4.5510297,-4.659345,-4.5869107,-4.7502575,-4.745348,-4.5593166,-5.0
-4.950501,-4.6253953,-4.6128826,-4.606566,-4.745619,-4.747691,-4.5839157,-5.0
-4.9326844,-4.6253953,-4.6402025,-4.606566,-4.209594,-4.7667694,-4.5593166,-5.0
-4.8840766,-4.5510297,-4.6128826,-4.569367,-4.739324,-4.760055,-4.5673532,-5.0
-4.929277,-4.5510297,-4.6128826,-4.606566,-4.745619,-4.760055,-4.547928,-5.0
-4.9326844,-4.5895724,-4.641895,-4.606566,-4.7502575,-4.765103,-4.5603848,-5.0
-4.941191,-4.6079183,-4.641895,-4.570698,-4.7502575,-4.764072,-4.5593166,-5.0
-4.93471,-4.6253953,-4.641895,-4.6353464,-4.7502575,-4.747691,-4.5593166,-5.0
-4.93471,-4.5895724,-4.6128826,-4.570698,-4.745619,-4.7667694,-4.5839157,-5.0
-4.929277,-4.5510297,-4.6577387,-4.570698,-4.7353234,-4.765103,-4.5593166,-5.0
-4.941191,-4.5510297,-4.6128826,-4.6353464,-4.745619,-4.765103,-4.5839157,-5.0
-4.9423,-4.603867,-4.6691036,-4.601182,-4.745029,-4.776208,-4.551329,-5.0
-4.902657,-4.553961,-4.641895,-4.6155314,-4.745029,-4.7549186,-4.5673532,-5.0
-4.953234,-4.5969887,-4.641895,-4.64689,-4.745619,-4.772859,-4.56408,-5.0
-4.95379,-4.603867,-4.6181383,-4.5736017,-4.7696147,-4.776208,-4.551329,-5.0
-4.934826,-4.5969887,-4.6691036,-4.4585476,-4.739365,-4.7549186,-4.5028787,-5.0
-4.934826,-4.639803,-4.643416,-4.5836387,-4.7411246,-4.7690897,-4.5395494,-5.0
-4.953234,-4.5969887,-4.641895,-4.5781016,-4.736712,-4.747691,-4.5673532,-5.0
-4.9450145,-4.603867,-4.6680136,-4.6373568,-4.7409883,-4.748086,-4.5870266,-5.0
-4.9450145,-4.633394,-4.641895,-4.605717,-4.736349,-4.747691,-4.5456147,-5.0
-4.944394,-4.591383,-4.6628814,-4.5654225,-4.745619,-4.761449,-4.5673532,-5.0
-4.9450145,-4.633394,-4.6680136,-4.605717,-4.7318597,-4.764408,-4.5673532,-5.0
-4.944394,-4.5452304,-4.6361375,-4.601182,-4.7409883,-4.748086,-4.5673532,-5.0
-4.9372993,-4.5452304,-4.611574,-4.605717,-4.74042,-4.764408,-4.5673532,-5.0
-4.9322915,-4.5452304,-4.6361375,-4.6373568,-4.7318597,-4.747691,-4.5870266,-5.0
-4.9419713,-4.591383,-4.611574,-4.605717,-4.74042,-4.761449,-4.56408,-5.0
-4.232297,-4.5452304,-4.641895,-4.5654225,-4.74042,-4.761449,-4.5456147,-5.0
-4.9419713,-4.5452304,-4.6680136,-4.5725675,-4.7318597,-4.747691,-4.56408,-5.0
-4.9495177,-4.590453,-4.641895,-4.5836387,-4.7318597,-4.761449,-4.5537715,-5.0
-4.728084,-0.8852146,-4.6271386,1.3643965,-4.7178626,-4.722104,-0.95881534,-5.0
-4.884965,-4.612024,-4.6191664,-4.545772,-4.707058,-4.6860104,-4.521213,-5.0
-4.704144,-4.5515094,-4.5732417,-4.524644,-4.7030935,-4.6860104,-4.5045853,-5.0
-4.8843656,-4.5515094,-4.5732417,-4.545772,-4.7030935,-4.720007,-4.4829273,-5.0
-4.9232955,-4.517141,-4.6271386,-4.5367775,-4.6710725,-4.720007,-4.4829273,-5.0
-4.9419713,-4.603867,-4.595928,-4.5555754,-4.695046,-4.7263494,-4.563168,-5.0
-4.864986,-4.604617,-4.615042,-4.589223,-4.695046,-4.747691,-4.538539,-5.0
-4.46696,-4.5969887,-4.641895,-4.572362,-4.745029,-4.7545342,-4.551024,-5.0
-4.891921,-4.449565,-4.6628814,-4.4845114,-4.6657004,-4.6751437,-4.56408,-5.0
-4.9330187,-4.6077504,-4.6181383,-4.572362,-4.739365,-4.7763395,-4.56408,-5.0
-4.9200854,-4.553961,-4.6181383,-4.5468864,-4.745029,-4.766694,-4.551024,-5.0
-4.9423,-4.5969887,-4.6181383,-4.6155314,-4.745619,-4.7718945,-4.591003,-5.0
-4.887995,-4.590453,-4.6628814,-4.6368866,-4.739365,-4.7763395,-4.591003,-5.0
-4.436668,-4.604617,-4.361832,-4.084,-4.712121,-4.2925806,-4.3672194,-5.0
-4.9168286,-4.5598917,-4.611574,-4.5966067,-4.720298,-4.7619424,-4.5673532,-5.0
-4.9293203,-4.604993,-4.641895,-4.5709224,-4.7318597,-4.748086,-4.5755224,-5.0
-4.92008,-4.591383,-4.641895,-4.601182,-4.7318597,-4.764408,-4.5673532,-5.0
-5.011622,-4.5510297,-4.6577387,-4.6353464,-4.739324,-4.7667694,-4.5839157,-5.0
-4.9338923,-4.6253953,-4.6577387,-4.564022,-4.7355013,-4.745348,-4.5593166,-5.0
-4.9326844,-4.6253953,-4.659345,-2.4910245,-4.7355013,-4.7667694,-2.5498288,-5.0
-4.9326844,-4.5510297,-4.659345,-4.569367,-4.7369704,-4.745348,-4.537225,-5.0
-4.91902,-4.579668,-4.6577387,-4.5627456,-4.7353234,-4.745348,-4.547928,-5.0
-4.8754907,-4.6205335,-4.636975,-4.5730457,-4.739324,-4.7457323,-4.5779457,-5.0
-4.818927,-4.611989,-4.641895,-4.5730457,-4.739324,-4.7660675,-4.5785546,-5.0
-4.914013,-4.5745525,-4.615042,-4.601182,-4.695046,-4.7467237,-4.517973,-5.0
-4.919061,-4.603867,-4.595928,-4.601182,-4.745619,-4.747691,-4.51957,-5.0
-4.8516345,-4.603867,-4.641895,-4.601182,-4.745619,-4.7467237,-4.517973,-5.0
1.9407139,1.5775001,2.0859656,2.1693418,2.7449043,2.1801252,0.70283204,-5.0
-4.836969,-4.5503983,-4.552664,-4.4586234,-4.6384068,-4.6576843,-4.357195,-5.0
-3.9076982,-3.5527167,-3.810863,-4.601182,-4.745619,-3.2496789,-3.7517986,-5.0
-4.9149184,-4.604617,-4.641895,-4.601182,-4.738025,-4.7570243,-4.5673532,-5.0
-4.919128,-4.5452304,-4.66655,-4.5709224,-4.710071,-4.7573833,-4.551728,-5.0
-4.8882465,-4.5452304,-4.648877,-4.601182,-4.710071,-4.7462454,-4.5076833,-5.0
-4.8926272,-4.6077504,-4.6365585,-4.527653,-4.739324,-4.7466984,-4.5397215,-5.0
-4.9005365,-4.5510297,-4.5869503,-4.605222,-4.6544743,-4.745348,-4.4593267,-5.0
-4.9335723,-4.603867,-4.6685967,-4.57471,-4.710071,-4.753568,-4.5483227,-5.0
-4.925488,-4.611989,-4.641895,-4.6438475,-4.710071,-4.747691,-4.5673532,-5.0
-4.925488,-4.603867,-4.648877,-4.57471,-4.738952,-4.753568,-4.5495944,-5.0
-4.6244392,-4.603867,-4.522247,-4.4791136,-4.6509356,-4.633062,-4.3353605,-5.0
-4.9419713,-3.784828,-3.9104817,-4.601182,-3.617335,-3.7655482,-3.7517986,-5.0
-4.8882465,-4.6177216,-4.66655,-4.601182,-4.710071,-4.747691,-4.551728,-5.0
-4.9159265,-4.604617,-4.6361375,-4.6373568,-4.738025,-4.7573833,-4.5673532,-5.0
-4.920764,-4.604617,-4.66655,-4.587743,-4.7312737,-4.7570243,-4.551728,-5.0
-4.871679,-4.586693,-4.6628814,-4.5185776,-4.6659746,-4.747691,-4.475507,-5.0
-4.95211,-4.5452304,-4.6628814,-4.601182,-4.736349,-4.747691,-4.56408,-5.0
-4.9327865,-4.553961,-4.641895,-4.6155314,-4.745619,-4.7466984,-4.5673532,-5.0
-4.908325,-4.603867,-4.659345,-4.564826,-4.658739,-4.7010336,-4.4593267,-5.0
-4.9335723,-4.603867,-4.641895,-4.601182,-4.710071,-4.766132,-4.5673532,-5.0
-4.9423,-4.603867,-4.6181383,-4.6438475,-4.738952,-4.766132,-4.589565,-5.0
-4.9304852,-4.603867,-4.6181383,-4.57471,-4.741961,-4.7570243,-4.5483227,-5.0
-4.951648,-4.639803,-4.643416,-4.5736017,-4.745619,-4.7545342,-4.5673532,-5.0
-4.9337864,-4.639803,-4.6181383,-4.5736017,-4.745029,-4.747691,-4.5673532,-5.0
-4.95973,-4.5895724,-4.659852,-4.606566,-4.739324,-4.7667694,-4.5593166,-5.0
-4.9326844,-4.5895724,-4.641895,-4.592704,-4.737034,-4.745348,-4.5603848,-5.0
-4.9539285,-4.5969887,-4.6577387,-4.564022,-4.756705,-4.753568,-4.5673532,-5.0
-4.9428334,-4.5969887,-4.6685967,-4.57471,-4.7352223,-4.747691,-4.5874686,-5.0
-4.940962,-4.593082,-4.6685967,-4.606566,-4.745029,-4.7667694,-4.5673532,-5.0
-4.9567456,-4.6253953,-4.641895,-4.6353464,-4.7352223,-4.7545342,-4.551024,-5.0
-5.0959406,-4.611989,-4.6447096,-4.564022,-4.745619,-4.7698145,-4.5874686,-5.0
-4.9200854,-4.5895724,-4.659852,-4.593454,-4.746026,-4.767658,-4.2940693,-5.0
-4.9410195,-4.5895724,-4.5869503,-4.605222,-4.658739,-4.7643533,-4.4593267,-5.0
-4.9335723,-4.553961,-4.648877,-4.593454,-4.710071,-4.768363,-4.431453,-5.0
-4.9327292,-4.611989,-4.643416,-4.5658426,-4.738952,-4.7570243,-4.5812793,-5.0
-4.925488,-4.611989,-4.643416,-4.5658426,-4.745619,-4.747691,-4.5812793,-5.0
-4.8201027,-4.5969887,-4.6667404,-4.6401777,-4.745619,-4.7763395,-4.5812793,-5.0
-4.934207,-4.616533,-4.6691036,-4.6155314,-4.739365,-4.7698145,-4.551329,-5.0
-4.9423,-4.570125,-4.641895,-4.6216445,-4.6544743,-4.7010336,-4.4593267,-5.0
-4.9423,-4.570125,-4.5869503,-4.524674,-4.6544743,-4.7010336,-4.4593267,-5.0
-4.8928475,-4.5959196,-4.6128826,-4.605222,-4.658739,-4.759157,-4.4593267,-5.0
-4.9005365,-4.603867,-4.659345,-4.6216445,-4.658739,-4.747691,-4.537116,-5.0
-4.908325,-4.603867,-4.659345,-4.524674,-4.745619,-4.745348,-4.537116,-5.0
-4.9005365,-4.570125,-4.5869503,-4.605222,-4.6544743,-4.7010336,-4.5673532,-5.0
-3.9076982,-4.603867,-4.641895,-3.7684667,-3.617335,-3.9111814,-3.858435,-5.0
-3.8789172,-4.603867,-3.5892203,-3.7684667,-3.617335,-3.2496789,-3.6329157,-5.0
-4.9419713,-4.603867,-4.641895,-4.601182,-4.745619,-4.747691,-4.5673532,3.080568769534266
-3.9526565,-3.784828,-3.810863,-4.601182,-3.7264807,-3.2496789,-3.6329157,-5.0
-4.9419713,-3.5527167,-3.5892203,-3.9002345,-4.745619,-3.7655482,-3.9257293,-5.0
-3.9076982,-3.5527167,-3.5892203,-3.8519065,-3.7264807,-3.2496789,-3.6329157,-5.0
2.0829031,2.0631254,2.178979,2.2183602,1.8416151,2.5810378,-1.4022331,3.9398495901119186
3.2793727,2.2063835,2.4883194,2.1633277,2.665781,2.7509813,2.1463728,3.5789473465806276
-4.955671,-4.614558,-4.6628814,-4.5518894,-4.729389,1.7861272,-1.286437,3.375939646081096
-4.955671,-4.614558,-4.6628814,-4.5518894,-4.564413,2.0871155,0.21964048,3.2481204598836033
-4.9448586,-4.538118,-4.357401,1.697812,-4.7086606,-4.1026464,-0.33715117,-5.0
-4.8600636,-4.614558,-4.582449,-4.545402,-4.6847305,-4.6330175,-2.4311576,-5.0
-4.913259,-4.4628124,-4.357401,-4.545402,-4.6489415,-4.660867,-4.0683475,-5.0
