6,13,42,69,420,1234567890,473129,log Rg (nm)
1.707556732266228,1.6936324626591324,1.7199058904900006,1.7095995616287087,1.71330103156341,1.6757512643397001,1.6543701840918588,1.7193312869837267
1.5980265206099424,1.5746868373626033,1.5565004248014014,1.587453090826664,1.5732494407867939,1.6431203794849205,1.5687381315309032,1.6242820958356683
1.5400906166465131,1.5149008750646145,1.5005326671850931,1.4962808075099703,1.5480545920298356,1.501874954624345,1.513332947938345,1.964259630196849
1.6110339093606652,1.6964104819645351,1.656116102388667,1.6703212979043582,1.662292260400641,1.6749124272050633,1.6098382501770363,1.721150843749684
1.6290453955563184,1.6964104819645351,1.6374963034410124,1.6318278274801366,1.662292260400641,1.7566066721315672,1.7576160229941857,1.8225603369426921
1.7740235463373732,1.6964104819645351,1.7057917158646756,1.685060114003642,1.6970467871204933,1.6749124272050633,1.7576160229941857,1.9337402994969353
1.6290453955563184,1.6964104819645351,1.6257685993428288,1.618394135589824,1.6756234287641782,1.6533053908765145,1.6381317128605182,2.132547842465581
1.7740235463373732,1.6784332124733043,1.656116102388667,1.685060114003642,1.6756234287641782,1.6749124272050633,1.6039725270089027,2.1235903326066734
1.6863462426164035,1.7165724586728588,1.656116102388667,1.618394135589824,1.662292260400641,1.582477344449303,1.6039725270089027,2.123851640967086
1.6110339093606652,1.6784332124733043,1.6257685993428288,1.6703212979043582,1.6970467871204933,1.582477344449303,1.722436268578528,2.123851640967086
1.6110339093606652,1.6266936037759083,1.6257685993428288,1.618394135589824,1.6970467871204933,1.6749124272050633,1.6098382501770363,2.164352855784437
1.6290453955563184,1.6106077793181535,1.6374963034410124,1.685060114003642,1.6846157640672064,1.6533053908765145,1.6098382501770363,2.173186268412274
1.6103821246239283,1.6784332124733043,1.7057917158646756,1.6318278274801366,1.6338447861852785,1.6749124272050633,1.6381317128605182,2.361727836017593
1.6290453955563184,1.6266936037759083,1.656116102388667,1.618394135589824,1.6846157640672064,1.582477344449303,1.722436268578528,2.346352974450639
1.6103821246239283,1.7165724586728588,1.6967408697365738,1.6703212979043582,1.662292260400641,1.582477344449303,1.722436268578528,2.3138672203691533
1.6863462426164035,1.6266936037759083,1.6257685993428288,1.618394135589824,1.662292260400641,1.582477344449303,1.6098382501770363,2.3729120029701067
1.6103821246239283,1.6106077793181535,1.6257685993428288,1.6703212979043582,1.662292260400641,1.6727191878986143,1.6039725270089027,2.3820170425748683
1.6290453955563184,1.6266936037759083,1.656116102388667,1.6318278274801366,1.6338447861852785,1.6727191878986143,1.6381317128605182,2.450249108319361
1.6103821246239283,1.6266936037759083,1.6257685993428288,1.685060114003642,1.6756234287641782,1.6533053908765145,1.6381317128605182,2.1367205671564067
1.6290453955563184,1.6266936037759083,1.6257685993428288,1.6318278274801366,1.6756234287641782,1.7566066721315672,1.722436268578528,2.143014800254095
1.6103821246239283,1.6964104819645351,1.6967408697365738,1.7268970082371033,1.6756234287641782,1.6533053908765145,1.6039725270089027,2.161368002234975
1.6103821246239283,1.7165724586728588,1.6967408697365738,1.7268970082371033,1.662292260400641,1.7566066721315672,1.6039725270089027,2.2041199826559246
1.6110339093606652,1.6106077793181535,1.6374963034410124,1.6703212979043582,1.6846157640672064,1.582477344449303,1.6381317128605182,2.2833012287035497
1.6103821246239283,1.6784332124733043,1.656116102388667,1.618394135589824,1.6970467871204933,1.6749124272050633,1.6039725270089027,2.2013971243204513
1.6110339093606652,1.6106077793181535,1.6257685993428288,1.6703212979043582,1.6756234287641782,1.6533053908765145,1.6098382501770363,2.0863598306747484
1.6863462426164035,1.6964104819645351,1.6257685993428288,1.6318278274801366,1.6846157640672064,1.6749124272050633,1.7576160229941857,2.0293837776852097
1.6863462426164035,1.6964104819645351,1.6374963034410124,1.7268970082371033,1.6338447861852785,1.6749124272050633,1.6039725270089027,1.845098040014257
1.4602603216592538,1.4576949238450556,1.4555177777078396,1.4582407875279992,1.3710910210280054,1.4284148033646402,1.4022637226416836,1.235528446907549
1.4546360801571332,1.389229681048791,1.42607613537509,1.4582407875279992,1.4543581637129808,1.4183078267189466,1.4022637226416836,1.2600713879850747
1.4198177969306107,1.4576949238450556,1.42607613537509,1.4450827030067375,1.4168182990699623,1.4210810007506733,1.4507062417726069,1.4265112613645752
1.3413995208514002,1.3829341360965095,1.406832281138835,1.3721920555002338,1.3628432666438668,1.3743934657803434,1.3820218392356076,0.7075701760979364
1.3669722529199133,1.3671449588301947,1.3307555957390715,1.3557333228943995,1.3302306367197552,1.350235595012516,1.3428756481575004,0.7481880270062004
1.3413995208514002,1.3180315630846882,1.3470092140364165,1.3557333228943995,1.3628432666438668,1.3403937629662586,1.3787477025545583,0.7481880270062004
1.328241086648944,1.3829341360965095,1.406832281138835,1.337544296408527,1.4066205808099512,1.350235595012516,1.3787477025545583,0.8750612633917001
1.3646034365579138,1.3162081161365424,1.3609576956464051,1.3721920555002338,1.4066205808099512,1.3247798059977018,1.3820218392356076,0.8750612633917001
1.2197126690683957,1.2276483663948232,1.181013863764213,1.2078230509651955,1.1914524339534336,1.2117546842867228,1.2162558310608496,0.8061799739838872
1.231460274932394,1.2481613169110108,1.2423226727207781,1.2424252483363891,1.2682207313322236,1.188417460786245,1.216422701944294,0.9637878273455552
1.7740235463373732,1.7165724586728588,1.6967408697365738,1.685060114003642,1.6970467871204933,1.6727191878986143,1.7576160229941857,-0.09963287134352969
1.6613098294188573,1.5949156451164581,1.6997794638232584,1.6419802073085672,1.6094627555878387,1.7024232163344561,1.639611121498798,2.4556517453313513
1.676962022746017,1.5949156451164581,1.652569602423045,1.6419802073085672,1.7033687910296071,1.6785712779856221,1.682733438077858,2.476237290271068
1.6315561348399341,1.7049361367314084,1.652569602423045,1.7315515467167366,1.6094627555878387,1.6456967377900962,1.639611121498798,2.4851959814317763
1.6315561348399341,1.6816360686560965,1.7095857750934091,1.7127488927215955,1.6094627555878387,1.7387560325372333,1.682733438077858,2.451341170597793
1.6315561348399341,1.5949156451164581,1.6997794638232584,1.7257292206910644,1.7033687910296071,1.6456967377900962,1.726708461846052,2.452675598175609
1.690330557769564,1.5949156451164581,1.652569602423045,1.6869377751651242,1.8042982146205486,1.6785712779856221,1.7203260954654587,2.4556517453313513
1.707556732266228,1.752535414879735,1.6761613017951622,1.6718685720372473,1.71330103156341,1.7238184419822395,1.6543701840918588,1.8920946026904804
1.6888276256704033,1.752535414879735,1.8083377644351155,1.7240069472359045,1.641270129614983,1.7319644927311542,1.7217766936731547,1.8182258936139555
1.2710352683995776,1.2252978159256345,1.2185046175233378,1.2144989360960319,1.2166162762766979,1.2361556489339436,1.2656553156832555,0.11394335230683679
1.2054941610857157,1.1884242977687802,1.201273956661701,1.225145363514068,1.1537356139049684,1.174760456131383,1.1725975881062958,0.8450980400142568
1.2182130191981586,1.2044799122412273,1.249299317279666,1.2146205881360388,1.1243469049596178,1.1891130262610168,1.2097056685502718,0.6901960800285137
1.2197126690683957,1.193817998006122,1.2333981888455328,1.2078230509651955,1.2724767711427434,1.230583547295649,1.2162558310608496,0.7323937598229685
1.2126895947557594,1.1908630628472707,1.2569825749361583,1.2283858239645442,1.2625274487218807,1.1821989499150878,1.2183690140636656,0.7395723444500919
1.6888276256704033,1.819600398769894,1.7199058904900006,1.754524001199532,1.7329073676365165,1.7238184419822395,1.7325039238717839,2.0043213737826426
1.656001008851579,1.7239587451344325,1.6476064564614301,1.7095995616287087,1.7773606544045943,1.6757512643397001,1.760999560705594,2.0043213737826426
1.656001008851579,1.6936324626591324,1.6761613017951622,1.6718685720372473,1.71330103156341,1.7238184419822395,1.7325039238717839,2.0644579892269186
1.707556732266228,1.6852141538026677,1.6476064564614301,1.6718685720372473,1.7329073676365165,1.7319644927311542,1.7489491190743447,2.1172712956557644
1.6888276256704033,1.752535414879735,1.8083377644351155,1.7240069472359045,1.7329073676365165,1.739742863650385,1.6543701840918588,2.0569048513364727
1.707556732266228,1.752535414879735,1.7504694979435835,1.754524001199532,1.641270129614983,1.6757512643397001,1.7489491190743447,1.863322860120456
1.707468767083728,1.6936324626591324,1.6476064564614301,1.7095995616287087,1.7329073676365165,1.6757512643397001,1.7217766936731547,2.0863598306747484
1.656001008851579,1.7239587451344325,1.6476064564614301,1.7520153791577289,1.641270129614983,1.739742863650385,1.6543701840918588,2.093421685162235
1.656001008851579,1.6936324626591324,1.6761613017951622,1.7520153791577289,1.7773606544045943,1.7862873484931234,1.7489491190743447,2.113943352306837
1.7740235463373732,1.6266936037759083,1.6257685993428288,1.6318278274801366,1.662292260400641,1.6727191878986143,1.722436268578528,1.1583624920952498
1.6290453955563184,1.6964104819645351,1.6374963034410124,1.7268970082371033,1.662292260400641,1.6749124272050633,1.6098382501770363,1.2576785748691846
1.6863462426164035,1.7165724586728588,1.6374963034410124,1.7268970082371033,1.6846157640672064,1.6749124272050633,1.722436268578528,1.3820170425748683
1.6863462426164035,1.6784332124733043,1.6967408697365738,1.685060114003642,1.6970467871204933,1.6727191878986143,1.6098382501770363,1.505149978319906
1.6290453955563184,1.6784332124733043,1.656116102388667,1.685060114003642,1.6846157640672064,1.7566066721315672,1.722436268578528,1.5118833609788744
1.6103821246239283,1.6784332124733043,1.7057917158646756,1.685060114003642,1.6338447861852785,1.582477344449303,1.7576160229941857,1.4487063199050798
1.6863462426164035,1.6784332124733043,1.6257685993428288,1.6318278274801366,1.6756234287641782,1.6533053908765145,1.6098382501770363,1.3180633349627615
1.6110339093606652,1.6266936037759083,1.6257685993428288,1.6318278274801366,1.6338447861852785,1.7566066721315672,1.6039725270089027,1.3560258571931227
1.6863462426164035,1.6784332124733043,1.6257685993428288,1.618394135589824,1.662292260400641,1.6749124272050633,1.6098382501770363,2.336259552014193
1.6103821246239283,1.7165724586728588,1.7057917158646756,1.6703212979043582,1.6756234287641782,1.582477344449303,1.6381317128605182,2.287801729930226
1.6110339093606652,1.6784332124733043,1.6374963034410124,1.618394135589824,1.6846157640672064,1.6533053908765145,1.6381317128605182,2.415974411376566
1.7740235463373732,1.6964104819645351,1.6967408697365738,1.685060114003642,1.6846157640672064,1.7566066721315672,1.6098382501770363,2.419625360887743
1.7740235463373732,1.6964104819645351,1.656116102388667,1.618394135589824,1.6970467871204933,1.582477344449303,1.6098382501770363,2.2776092143040914
1.6110339093606652,1.6106077793181535,1.6257685993428288,1.7268970082371033,1.6970467871204933,1.582477344449303,1.7576160229941857,2.285782273779395
1.6103821246239283,1.6106077793181535,1.6967408697365738,1.6318278274801366,1.662292260400641,1.6727191878986143,1.6039725270089027,2.328583449714202
1.6863462426164035,1.6106077793181535,1.6257685993428288,1.6703212979043582,1.6970467871204933,1.582477344449303,1.6098382501770363,2.3961993470957363
1.5187403821381271,1.4594453490107844,1.5084533333571217,1.4598930797397827,1.5104803631571624,1.4597080340160908,1.4635318882027915,1.307496037913213
1.489249947012499,1.4949632868614784,1.4801776799351836,1.4833800637872883,1.5391210855831905,1.4663154856825564,1.5039911831266328,1.3617278360175928
1.4607962974366397,1.5100210854733014,1.5084533333571217,1.4908184197567944,1.453542123372527,1.4597080340160908,1.4500726587310115,1.3222192947339193
1.489249947012499,1.5100210854733014,1.4801776799351836,1.4908184197567944,1.522011177297888,1.4597080340160908,1.4478329083400812,1.4099331233312946
1.489249947012499,1.4171754507017453,1.4480030173899785,1.4598930797397827,1.522011177297888,1.4597080340160908,1.4478329083400812,1.3521825181113625
1.4831305794054734,1.4464433343819423,1.4480030173899785,1.4833800637872883,1.4544673422724566,1.4597080340160908,1.4478329083400812,1.3636119798921444
1.4371301081230097,1.4005994273606936,1.4496580569321664,1.45546855855176,1.407029527971376,1.423761529859607,1.43143715839079,2.0
1.453005923294128,1.4259696643366804,1.4323921705966165,1.45546855855176,1.407029527971376,1.423761529859607,1.438090567598968,2.041392685158225
1.4597806828139182,1.4005994273606936,1.4284631530073557,1.443054604245424,1.407029527971376,1.4448940351317234,1.438090567598968,2.0644579892269186
1.6863462426164035,1.6964104819645351,1.7057917158646756,1.618394135589824,1.6970467871204933,1.7566066721315672,1.722436268578528,0.2787536009528289
1.6863462426164035,1.6964104819645351,1.7057917158646756,1.7268970082371033,1.662292260400641,1.6749124272050633,1.722436268578528,0.3222192947339193
1.6103821246239283,1.7165724586728588,1.6967408697365738,1.7268970082371033,1.6846157640672064,1.7566066721315672,1.6381317128605182,0.43136376415898736
1.7740235463373732,1.6106077793181535,1.6967408697365738,1.6703212979043582,1.6970467871204933,1.582477344449303,1.722436268578528,0.4913616938342727
1.6103821246239283,1.7165724586728588,1.656116102388667,1.618394135589824,1.6846157640672064,1.7566066721315672,1.7576160229941857,0.47712125471966244
1.7740235463373732,1.6784332124733043,1.6257685993428288,1.6703212979043582,1.6846157640672064,1.7566066721315672,1.6381317128605182,0.3424226808222063
1.7740235463373732,1.6964104819645351,1.656116102388667,1.6703212979043582,1.6756234287641782,1.6749124272050633,1.6098382501770363,0.414973347970818
1.7740235463373732,1.6784332124733043,1.6257685993428288,1.7268970082371033,1.662292260400641,1.6533053908765145,1.7576160229941857,0.5185139398778874
1.4600992232095482,1.515707681526919,1.4414412198831386,1.4803451714699825,1.480914915850966,1.506054963812286,1.4603699923850268,1.380211241711606
1.6103821246239283,1.7165724586728588,1.656116102388667,1.6318278274801366,1.662292260400641,1.6727191878986143,1.6098382501770363,2.0788191830988487
1.7740235463373732,1.7165724586728588,1.6374963034410124,1.618394135589824,1.6970467871204933,1.6727191878986143,1.722436268578528,2.0394141191761372
1.6103821246239283,1.6266936037759083,1.7057917158646756,1.6703212979043582,1.662292260400641,1.7566066721315672,1.7576160229941857,1.3961993470957363
1.6103821246239283,1.6266936037759083,1.7057917158646756,1.618394135589824,1.6338447861852785,1.6727191878986143,1.6039725270089027,1.6637009253896482
1.2308559544120259,1.193817998006122,1.2423226727207781,1.2055229317045342,1.1659113406306498,1.2312210549256768,1.2162558310608496,1.5359816094884429
1.2695476753687531,1.2276483663948232,1.2726424295929215,1.2495938459012863,1.1659113406306498,1.230583547295649,1.2706768809340074,1.5644321686101608
1.2308559544120259,1.2472555329417925,1.2423226727207781,1.2495938459012863,1.1659113406306498,1.230583547295649,1.216422701944294,1.602347182149846
1.231460274932394,1.2481613169110108,1.2164323589743768,1.2424252483363891,1.1914524339534336,1.2117546842867228,1.2162558310608496,1.6440826372958308
1.2695476753687531,1.2228681261408068,1.2726424295929215,1.2495938459012863,1.2038117422589796,1.2117546842867228,1.1931831790670107,1.7096940392085322
1.2197126690683957,1.2228681261408068,1.2726424295929215,1.2055229317045342,1.1914524339534336,1.188417460786245,1.2706768809340074,1.7821400394088018
1.2197126690683957,1.2228681261408068,1.2164323589743768,1.2495938459012863,1.2682207313322236,1.188417460786245,1.2706768809340074,1.7800103166312993
1.231460274932394,1.2228681261408068,1.2333981888455328,1.2055229317045342,1.1659113406306498,1.188417460786245,1.2706768809340074,1.7814312916142612
1.2187566236728213,1.2481613169110108,1.2726424295929215,1.2078230509651955,1.1659113406306498,1.230583547295649,1.1931831790670107,1.8013038039351958
1.2695476753687531,1.2472555329417925,1.2726424295929215,1.2078230509651955,1.1914524339534336,1.188417460786245,1.2162558310608496,1.8372670803264346
1.2695476753687531,1.2481613169110108,1.2164323589743768,1.2055229317045342,1.2038117422589796,1.2312210549256768,1.1931831790670107,1.52701320321985
1.2187566236728213,1.2276483663948232,1.2164323589743768,1.2055229317045342,1.2682207313322236,1.2800879081609378,1.216422701944294,1.5499029384860576
1.2187566236728213,1.2228681261408068,1.2333981888455328,1.2055229317045342,1.2038117422589796,1.230583547295649,1.216422701944294,1.5797469086122842
1.2695476753687531,1.2228681261408068,1.181013863764213,1.2078230509651955,1.1914524339534336,1.2312210549256768,1.216422701944294,1.628897931347804
1.2695476753687531,1.2276483663948232,1.2423226727207781,1.2424252483363891,1.2682207313322236,1.2312210549256768,1.2706768809340074,1.7002009596469392
1.2197126690683957,1.193817998006122,1.2423226727207781,1.2442619685361962,1.1659113406306498,1.2800879081609378,1.2456597314601463,1.7198930199513613
1.2187566236728213,1.2472555329417925,1.2423226727207781,1.2442619685361962,1.1659113406306498,1.2117546842867228,1.1931831790670107,1.7273657958965267
1.2695476753687531,1.2481613169110108,1.181013863764213,1.2442619685361962,1.1914524339534336,1.2117546842867228,1.216422701944294,1.7105299604618303
1.2308559544120259,1.2228681261408068,1.2726424295929215,1.2442619685361962,1.2724767711427434,1.2800879081609378,1.2162558310608496,1.7198930199513613
1.2308559544120259,1.193817998006122,1.181013863764213,1.2424252483363891,1.2724767711427434,1.2117546842867228,1.2162558310608496,1.7928652325053807
1.2308559544120259,1.2481613169110108,1.2423226727207781,1.2424252483363891,1.1659113406306498,1.188417460786245,1.2706768809340074,0.971600520230059
1.231460274932394,1.2228681261408068,1.2164323589743768,1.2078230509651955,1.2724767711427434,1.2800879081609378,1.1931831790670107,0.8046164169872551
1.2695476753687531,1.193817998006122,1.2423226727207781,1.2055229317045342,1.2724767711427434,1.188417460786245,1.216422701944294,1.0148144490870532
1.2695476753687531,1.2276483663948232,1.2726424295929215,1.2078230509651955,1.1914524339534336,1.2800879081609378,1.216422701944294,0.8468317528232573
1.2308559544120259,1.193817998006122,1.2423226727207781,1.2495938459012863,1.2038117422589796,1.2800879081609378,1.2162558310608496,1.1760912590556813
1.231460274932394,1.2276483663948232,1.2333981888455328,1.2424252483363891,1.1914524339534336,1.230583547295649,1.2706768809340074,1.2304489213782739
1.2187566236728213,1.2228681261408068,1.2423226727207781,1.2424252483363891,1.2038117422589796,1.230583547295649,1.2456597314601463,1.2787536009528289
1.2187566236728213,1.2481613169110108,1.2164323589743768,1.2495938459012863,1.2038117422589796,1.188417460786245,1.2162558310608496,1.3222192947339193
1.3171634039896558,1.2987129150689671,1.3096160601867421,1.3406653763250436,1.3109098334168074,1.3592516526322713,1.3561485360646564,1.3875677794171886
1.3362390832773614,1.3546380702547633,1.3714849188584897,1.3462163989312064,1.3197273944794274,1.338430745695461,1.3561485360646564,1.4039779636693548
1.6888276256704033,1.752535414879735,1.7199058904900006,1.7240069472359045,1.83749769284342,1.739742863650385,1.760999560705594,1.5563025007672873
1.6855982683698165,1.819600398769894,1.6476064564614301,1.7240069472359045,1.7329073676365165,1.739742863650385,1.6543701840918588,1.3096301674258988
1.2187566236728213,1.2276483663948232,1.2726424295929215,1.2495938459012863,1.1914524339534336,1.2117546842867228,1.1931831790670107,1.2253092817258628
1.2197126690683957,1.2472555329417925,1.2333981888455328,1.2495938459012863,1.2724767711427434,1.230583547295649,1.2706768809340074,1.3283796034387378
1.2187566236728213,1.2228681261408068,1.2164323589743768,1.2424252483363891,1.1914524339534336,1.188417460786245,1.1931831790670107,1.4199557484897578
1.2187566236728213,1.193817998006122,1.2333981888455328,1.2495938459012863,1.1659113406306498,1.2312210549256768,1.2456597314601463,1.505149978319906
1.2197126690683957,1.2276483663948232,1.2333981888455328,1.2442619685361962,1.2038117422589796,1.2312210549256768,1.2162558310608496,1.4771212547196624
1.231460274932394,1.2276483663948232,1.2423226727207781,1.2495938459012863,1.2724767711427434,1.230583547295649,1.216422701944294,1.0863598306747482
1.2695476753687531,1.2228681261408068,1.181013863764213,1.2424252483363891,1.1914524339534336,1.2800879081609378,1.2456597314601463,1.1958996524092338
1.6290453955563184,1.7165724586728588,1.6257685993428288,1.685060114003642,1.6970467871204933,1.6727191878986143,1.7576160229941857,1.1238516409670858
1.337266580183989,1.297822336050155,1.3470092140364165,1.337544296408527,1.3628432666438668,1.3743934657803434,1.3820218392356076,1.3617278360175928
1.328241086648944,1.3162081161365424,1.3307555957390715,1.3557333228943995,1.4066205808099512,1.350235595012516,1.2897748661701571,1.414973347970818
1.2197126690683957,1.2481613169110108,1.181013863764213,1.2078230509651955,1.2038117422589796,1.188417460786245,1.2162558310608496,2.932473764677153
1.2308559544120259,1.2276483663948232,1.181013863764213,1.2495938459012863,1.1659113406306498,1.2312210549256768,1.1931831790670107,2.952792443044092
1.231460274932394,1.2228681261408068,1.181013863764213,1.2078230509651955,1.1914524339534336,1.188417460786245,1.2162558310608496,2.904715545278681
1.2308559544120259,1.2472555329417925,1.2164323589743768,1.2055229317045342,1.1659113406306498,1.2117546842867228,1.2162558310608496,2.890979596989689
1.4117816854658831,1.3757964878520763,1.4562644628498786,1.4215046592454308,1.376779535686044,1.4401096207468256,1.3986214357016897,1.5797835966168101
1.4144032165249543,1.3744679796677286,1.3746959082822594,1.4215046592454308,1.376779535686044,1.4057119578489665,1.4326496192416411,1.5440680443502757
1.2308559544120259,1.193817998006122,1.2423226727207781,1.2424252483363891,1.1659113406306498,1.230583547295649,1.216422701944294,0.9822712330395684
1.2187566236728213,1.193817998006122,1.181013863764213,1.2495938459012863,1.2038117422589796,1.2117546842867228,1.216422701944294,0.9912260756924949
1.2695476753687531,1.2472555329417925,1.2164323589743768,1.2078230509651955,1.2038117422589796,1.230583547295649,1.2706768809340074,0.9912260756924949
1.231460274932394,1.193817998006122,1.2726424295929215,1.2078230509651955,1.2682207313322236,1.2312210549256768,1.2456597314601463,1.0791812460476249
1.231460274932394,1.2228681261408068,1.2423226727207781,1.2424252483363891,1.2724767711427434,1.2800879081609378,1.2162558310608496,1.1205739312058498
1.2506843986055278,1.2207979764171644,1.2549572441037633,1.178102982465464,1.1537356139049684,1.213862129361364,1.2048399191140897,0.9493900066449128
1.2506843986055278,1.2095540338847723,1.1862723750305306,1.178102982465464,1.1537356139049684,1.1968166712364183,1.2478553628305447,0.9590413923210935
1.2054941610857157,1.1741951629487788,1.201273956661701,1.2233745586941493,1.2398542823654832,1.174760456131383,1.1725975881062958,0.9542425094393249
1.1992566691422728,1.1741951629487788,1.2023119164531766,1.225145363514068,1.1537356139049684,1.2440260507623708,1.2048399191140897,1.0
1.215924535327899,1.2049790552006658,1.1562277689493363,1.2233745586941493,1.2398542823654832,1.1968166712364183,1.2048399191140897,0.9822712330395684
1.2182130191981586,1.1687343448707266,1.1956499882260863,1.1930476626559396,1.2185836488063078,1.2360277177751495,1.165950393005006,0.9030899869919435
1.1967419896325426,1.2168955087965772,1.249299317279666,1.2146205881360388,1.2326607731621848,1.2077179959146518,1.2444671378834198,0.9138138523837167
1.2355414897712667,1.2168955087965772,1.1528120643009656,1.218769271192906,1.1243469049596178,1.1891130262610168,1.2000876946725945,0.9138138523837167
1.2182130191981586,1.2168955087965772,1.1945393921223546,1.1930476626559396,1.2326607731621848,1.2360277177751495,1.2444671378834198,0.9444826721501687
1.2182130191981586,1.1687343448707266,1.249299317279666,1.1939121639931753,1.2185836488063078,1.1891130262610168,1.165950393005006,0.9294189257142927
1.1921367887736056,1.2168955087965772,1.1956499882260863,1.1930476626559396,1.1683183911401929,1.2360277177751495,1.2097056685502718,0.9294189257142927
1.2924326123252947,1.3260418383050427,1.2347607282627417,1.2872067489153398,1.2396486103037265,1.2466476005122382,1.2732909138319752,0.9493900066449128
1.2782860851484714,1.2937190673710153,1.2806237899810586,1.2865477741752616,1.2396486103037265,1.2590998126284056,1.3262034518778363,0.9444826721501687
1.2924326123252947,1.2541527864947741,1.2347607282627417,1.2865477741752616,1.3734393575491817,1.3408109376962314,1.269011818669883,0.9395192526186185
1.3115707492713509,1.2541527864947741,1.2923283174123883,1.2623893259597163,1.2784393260507272,1.3408109376962314,1.3262034518778363,0.9777236052888477
1.2924326123252947,1.2541527864947741,1.2806237899810586,1.2872067489153398,1.2029489725041593,1.2590998126284056,1.240595832970563,0.9684829485539351
1.3115707492713509,1.2937190673710153,1.2347607282627417,1.2623893259597163,1.2784393260507272,1.2792710708006065,1.269011818669883,0.9444826721501687
1.2308559544120259,1.2481613169110108,1.2164323589743768,1.2442619685361962,1.1659113406306498,1.230583547295649,1.1931831790670107,0.568201724066995
1.2695476753687531,1.2481613169110108,1.2726424295929215,1.2442619685361962,1.1659113406306498,1.2800879081609378,1.2706768809340074,0.5403294747908738
1.2695476753687531,1.2472555329417925,1.2423226727207781,1.2495938459012863,1.2724767711427434,1.2800879081609378,1.1931831790670107,0.5171958979499743
1.3669722529199133,1.3180315630846882,1.3609576956464051,1.2828736210898835,1.3628432666438668,1.3403937629662586,1.3787477025545583,1.4313637641589874
1.337266580183989,1.3180315630846882,1.3470092140364165,1.3557333228943995,1.2609744940291487,1.3247798059977018,1.2986843998779953,1.7634279935629373
1.3646034365579138,1.3162081161365424,1.3470092140364165,1.2828736210898835,1.4066205808099512,1.3247798059977018,1.2897748661701571,1.806179973983887
1.3413995208514002,1.3162081161365424,1.3071971026070988,1.338086596096669,1.3302306367197552,1.3403937629662586,1.3787477025545583,1.8129133566428555
1.328241086648944,1.297822336050155,1.3307555957390715,1.2828736210898835,1.3302306367197552,1.350235595012516,1.2897748661701571,1.9344984512435677
1.231460274932394,1.193817998006122,1.2164323589743768,1.2078230509651955,1.2682207313322236,1.230583547295649,1.2706768809340074,0.9590413923210935
1.2187566236728213,1.2472555329417925,1.2423226727207781,1.2078230509651955,1.2038117422589796,1.2117546842867228,1.2456597314601463,0.9867717342662449
1.3158555416970488,1.3311485035438793,1.324209113589103,1.329297649896195,1.3558786230165545,1.3414949344580802,1.3486060065196204,0.9242792860618817
1.453005923294128,1.452057322664849,1.4323921705966165,1.4674403650692993,1.512974914714376,1.4844386813798582,1.43143715839079,1.2624510897304295
1.4371301081230097,1.452057322664849,1.4284631530073557,1.443054604245424,1.541524672277239,1.423761529859607,1.490599558042552,1.2600713879850747
1.4597806828139182,1.4005994273606936,1.4496580569321664,1.45546855855176,1.512974914714376,1.4448940351317234,1.438090567598968,1.2013971243204515
1.5034380770936966,1.452057322664849,1.483250653049905,1.4834253394861645,1.5235072698505967,1.423761529859607,1.490599558042552,1.1760912590556813
1.4597806828139182,1.4949112299595126,1.483250653049905,1.438519749962791,1.512974914714376,1.4844386813798582,1.4346977061524975,1.6875289612146342
1.4371301081230097,1.4005994273606936,1.4284631530073557,1.438519749962791,1.541524672277239,1.423761529859607,1.4869788229106806,1.4955443375464486
1.4784766833427707,1.4005994273606936,1.4284631530073557,1.443054604245424,1.5235072698505967,1.4587014218723957,1.490599558042552,1.380211241711606
1.4371301081230097,1.452057322664849,1.483250653049905,1.4674403650692993,1.512974914714376,1.4587014218723957,1.438090567598968,1.3222192947339193
1.2695476753687531,1.2481613169110108,1.2726424295929215,1.2495938459012863,1.2038117422589796,1.2312210549256768,1.216422701944294,0.6232492903979004
1.2308559544120259,1.2228681261408068,1.2726424295929215,1.2424252483363891,1.1659113406306498,1.2800879081609378,1.2706768809340074,0.5910646070264992
1.2308559544120259,1.2228681261408068,1.2726424295929215,1.2078230509651955,1.2038117422589796,1.2800879081609378,1.2456597314601463,0.6334684555795865
1.2197126690683957,1.2276483663948232,1.2164323589743768,1.2442619685361962,1.2724767711427434,1.2800879081609378,1.2456597314601463,0.6127838567197355
1.2695476753687531,1.2472555329417925,1.2726424295929215,1.2424252483363891,1.1914524339534336,1.2312210549256768,1.216422701944294,0.568201724066995
1.2197126690683957,1.2481613169110108,1.2333981888455328,1.2055229317045342,1.1914524339534336,1.230583547295649,1.2706768809340074,0.6232492903979004
1.2308559544120259,1.2228681261408068,1.181013863764213,1.2442619685361962,1.1659113406306498,1.188417460786245,1.2456597314601463,1.0718820073061255
1.2187566236728213,1.193817998006122,1.181013863764213,1.2055229317045342,1.2682207313322236,1.2800879081609378,1.2456597314601463,1.146128035678238
1.231460274932394,1.2472555329417925,1.181013863764213,1.2055229317045342,1.2038117422589796,1.2117546842867228,1.1931831790670107,0.8864907251724818
1.2695476753687531,1.2472555329417925,1.2333981888455328,1.2055229317045342,1.1659113406306498,1.2312210549256768,1.2456597314601463,0.8260748027008264
1.2187566236728213,1.2276483663948232,1.2423226727207781,1.2055229317045342,1.1914524339534336,1.2312210549256768,1.2162558310608496,0.5797835966168101
1.2695476753687531,1.2481613169110108,1.2423226727207781,1.2078230509651955,1.2724767711427434,1.2117546842867228,1.2706768809340074,0.7558748556724915
1.2308559544120259,1.2228681261408068,1.2333981888455328,1.2424252483363891,1.2724767711427434,1.2800879081609378,1.1931831790670107,0.7634279935629372
1.231460274932394,1.2472555329417925,1.2164323589743768,1.2424252483363891,1.2682207313322236,1.188417460786245,1.2162558310608496,0.568201724066995
1.2187566236728213,1.2481613169110108,1.2333981888455328,1.2055229317045342,1.2038117422589796,1.2312210549256768,1.216422701944294,0.6989700043360189
1.2308559544120259,1.2472555329417925,1.2726424295929215,1.2424252483363891,1.2682207313322236,1.188417460786245,1.2456597314601463,0.6334684555795865
1.231460274932394,1.2481613169110108,1.2726424295929215,1.2078230509651955,1.2724767711427434,1.2117546842867228,1.2162558310608496,0.7701152947871016
1.2187566236728213,1.2228681261408068,1.181013863764213,1.2495938459012863,1.2724767711427434,1.2800879081609378,1.2706768809340074,0.7427251313046983
1.2308559544120259,1.193817998006122,1.2164323589743768,1.2424252483363891,1.1914524339534336,1.2800879081609378,1.2456597314601463,0.7686381012476144
1.2197126690683957,1.2481613169110108,1.2164323589743768,1.2442619685361962,1.1659113406306498,1.2800879081609378,1.2706768809340074,0.7572441510219701
1.2695476753687531,1.2472555329417925,1.2726424295929215,1.2495938459012863,1.2724767711427434,1.188417460786245,1.2162558310608496,0.7405205860536647
1.2308559544120259,1.2276483663948232,1.2423226727207781,1.2495938459012863,1.2038117422589796,1.230583547295649,1.216422701944294,0.7348798027926275
1.2695476753687531,1.2276483663948232,1.2423226727207781,1.2424252483363891,1.2724767711427434,1.188417460786245,1.2456597314601463,0.7377490738915571
1.2308559544120259,1.2276483663948232,1.2726424295929215,1.2424252483363891,1.2724767711427434,1.2800879081609378,1.2162558310608496,0.7368743616484226
1.2695476753687531,1.2228681261408068,1.181013863764213,1.2495938459012863,1.2682207313322236,1.188417460786245,1.2706768809340074,0.732715340349993
1.2187566236728213,1.2228681261408068,1.2164323589743768,1.2495938459012863,1.1914524339534336,1.2117546842867228,1.2162558310608496,0.7281913985899467
1.231460274932394,1.2228681261408068,1.2726424295929215,1.2055229317045342,1.1659113406306498,1.2117546842867228,1.1931831790670107,0.7279477095447968
1.2308559544120259,1.193817998006122,1.2726424295929215,1.2078230509651955,1.2682207313322236,1.2117546842867228,1.2706768809340074,0.7282725978950171
1.231460274932394,1.2481613169110108,1.2333981888455328,1.2442619685361962,1.2682207313322236,1.188417460786245,1.2456597314601463,0.727703883685354
1.231460274932394,1.2276483663948232,1.2726424295929215,1.2495938459012863,1.2682207313322236,1.230583547295649,1.2162558310608496,0.7327956982893292
1.2187566236728213,1.2481613169110108,1.2726424295929215,1.2424252483363891,1.1659113406306498,1.2800879081609378,1.2456597314601463,0.9712758487381052
1.2308559544120259,1.2481613169110108,1.2726424295929215,1.2055229317045342,1.1659113406306498,1.2312210549256768,1.1931831790670107,0.9247959957979122
1.2187566236728213,1.2481613169110108,1.2726424295929215,1.2495938459012863,1.2682207313322236,1.230583547295649,1.216422701944294,0.8709888137605752
1.2197126690683957,1.2276483663948232,1.2333981888455328,1.2055229317045342,1.2724767711427434,1.2117546842867228,1.216422701944294,0.8027737252919757
1.2197126690683957,1.2228681261408068,1.2423226727207781,1.2442619685361962,1.1914524339534336,1.2800879081609378,1.2706768809340074,0.7854010249923875
1.2197126690683957,1.2472555329417925,1.2333981888455328,1.2078230509651955,1.2038117422589796,1.2117546842867228,1.216422701944294,0.7890163267933746
1.231460274932394,1.2472555329417925,1.181013863764213,1.2055229317045342,1.2724767711427434,1.2117546842867228,1.2162558310608496,0.7782959910888338
1.2308559544120259,1.2481613169110108,1.2333981888455328,1.2442619685361962,1.2724767711427434,1.2800879081609378,1.2706768809340074,0.7692295817365937
1.231460274932394,1.2276483663948232,1.181013863764213,1.2078230509651955,1.1914524339534336,1.2117546842867228,1.1931831790670107,1.9709509343454241
1.2308559544120259,1.193817998006122,1.2333981888455328,1.2055229317045342,1.2038117422589796,1.2800879081609378,1.216422701944294,1.977952121201462
1.2187566236728213,1.193817998006122,1.2164323589743768,1.2078230509651955,1.2724767711427434,1.2117546842867228,1.1931831790670107,1.969928189428116
1.231460274932394,1.2228681261408068,1.181013863764213,1.2424252483363891,1.1659113406306498,1.2117546842867228,1.216422701944294,1.904282657645628
1.2197126690683957,1.193817998006122,1.2164323589743768,1.2055229317045342,1.2038117422589796,1.188417460786245,1.216422701944294,2.2153202513299304
1.231460274932394,1.193817998006122,1.181013863764213,1.2442619685361962,1.1914524339534336,1.188417460786245,1.216422701944294,2.2024883170600935
1.2187566236728213,1.2481613169110108,1.2333981888455328,1.2424252483363891,1.1914524339534336,1.2117546842867228,1.2456597314601463,2.1876053154181485
1.2187566236728213,1.2276483663948232,1.2726424295929215,1.2055229317045342,1.1659113406306498,1.230583547295649,1.1931831790670107,2.1301085203609365
1.2197126690683957,1.2481613169110108,1.2423226727207781,1.2055229317045342,1.1659113406306498,1.188417460786245,1.216422701944294,2.1489109931093564
1.2695476753687531,1.193817998006122,1.2333981888455328,1.2442619685361962,1.2038117422589796,1.188417460786245,1.216422701944294,2.1242759320063374
1.6855982683698165,1.819600398769894,1.6476064564614301,1.7520153791577289,1.641270129614983,1.739742863650385,1.7217766936731547,1.5563025007672873
1.707468767083728,1.7239587451344325,1.7504694979435835,1.7240069472359045,1.71330103156341,1.739742863650385,1.7325039238717839,1.462397997898956
1.6888276256704033,1.819600398769894,1.8083377644351155,1.7240069472359045,1.641270129614983,1.739742863650385,1.7325039238717839,1.3096301674258988
1.303522657838311,1.2480230492003639,1.3279683616945626,1.2907459703175341,1.3639103407427804,1.2886020422522249,1.333886164589063,0.456366033129043
1.289237586128553,1.3449112776075085,1.2654361455254697,1.292834495346505,1.2286777687487827,1.3578293884163122,1.264634762370737,0.5105450102066121
1.2693757826907925,1.3449112776075085,1.2654361455254697,1.3112606883087925,1.3639103407427804,1.2886020422522249,1.333886164589063,0.526339277389844
1.2905238598079027,1.2569566368048934,1.292166184914965,1.266444429020999,1.2924823936358805,1.3578293884163122,1.2452629672557236,0.5563025007672873
1.303522657838311,1.3449112776075085,1.3059689309112716,1.3112606883087925,1.3639103407427804,1.2545961065364757,1.2725885451849221,0.5705429398818975
1.289237586128553,1.2440567285080193,1.3279683616945626,1.2537132696285773,1.2924823936358805,1.259442913317931,1.2452629672557236,1.6954816764901974
1.2693757826907925,1.2480230492003639,1.2654361455254697,1.3112606883087925,1.2924823936358805,1.2545961065364757,1.2725885451849221,1.8518696007297664
1.2693757826907925,1.2440567285080193,1.219830660466492,1.2537132696285773,1.1831010947277953,1.2886020422522249,1.264634762370737,1.9943171526696368
1.2695476753687531,1.2481613169110108,1.181013863764213,1.2442619685361962,1.2682207313322236,1.188417460786245,1.2162558310608496,0.7226339225338123
1.231460274932394,1.2276483663948232,1.2726424295929215,1.2055229317045342,1.2724767711427434,1.230583547295649,1.216422701944294,0.7058637122839193
1.231460274932394,1.2276483663948232,1.2333981888455328,1.2442619685361962,1.1659113406306498,1.2800879081609378,1.216422701944294,0.667452952889954
1.2695476753687531,1.2472555329417925,1.181013863764213,1.2495938459012863,1.2682207313322236,1.2800879081609378,1.2456597314601463,0.6998377258672457
1.2275474246055371,1.2249028409120408,1.2253793304572758,1.2542709147123507,1.2914878490298132,1.2378811271861858,1.2038841309479373,0.7846172926328754
1.2263615652600968,1.234102700414898,1.1852688174631103,1.2333458838599705,1.2167833100335848,1.2142120815133004,1.1851469709280742,0.7781512503836436
1.2263615652600968,1.2249028409120408,1.1852688174631103,1.2542709147123507,1.2547436918790182,1.2681183165060619,1.2500219223531177,0.7745169657285496
1.2358296718740227,1.1908518785698123,1.2318193870410152,1.2333458838599705,1.1580228672296027,1.2378811271861858,1.2500219223531177,0.7881683711411677
1.2695476753687531,1.2481613169110108,1.2726424295929215,1.2055229317045342,1.1914524339534336,1.2312210549256768,1.2162558310608496,1.8959747323590646
1.2308559544120259,1.2472555329417925,1.181013863764213,1.2078230509651955,1.2038117422589796,1.2800879081609378,1.1931831790670107,1.948412965778601
1.2187566236728213,1.2228681261408068,1.2423226727207781,1.2055229317045342,1.1659113406306498,1.230583547295649,1.2456597314601463,1.9434945159061026
1.2308559544120259,1.193817998006122,1.2164323589743768,1.2442619685361962,1.1659113406306498,1.2312210549256768,1.1931831790670107,1.9623693356700211
1.231460274932394,1.2276483663948232,1.2726424295929215,1.2424252483363891,1.1914524339534336,1.2800879081609378,1.2456597314601463,1.9623693356700211
