6,13,42,69,420,1234567890,473129,log Second Peak (e-5 place holder)
-4.2127647,0.21873593,-4.0880866,-4.16231,-4.070089,-4.138097,-3.8224006,-5.0
-3.9250226,-3.6081085,-4.125237,-4.16231,-4.0427537,-4.5099535,-2.2070868,-5.0
-3.1940062,-3.6428125,-4.0406656,-4.1335187,-4.0427537,-4.138097,-3.8014936,-5.0
1.6524568,-0.119557455,-1.5952522,0.55123574,-0.82977253,-1.9959704,-0.89776534,2.081196034627009
1.2562788,0.7663314,1.30425,1.7825489,1.2653395,1.2393863,1.2308552,2.2342995755425905
1.8369371,1.4784371,1.7045615,1.8158185,1.8117462,1.8794878,1.6455805,2.271850896158683
1.8797513,1.534812,1.7045615,1.8158185,1.8161334,2.3138742,1.5745679,2.356480958246542
2.0915997,1.3906068,1.8464154,1.8968809,1.8433878,2.242372,1.6455805,2.7944307454251596
1.8797513,1.4087816,1.784656,1.922434,1.8020709,2.231674,1.517065,2.94775551653169
1.9659361,1.4150558,1.8272979,1.9329008,1.8020709,2.1028774,1.5934364,2.9232440186302764
1.9877889,1.4150558,1.8846713,1.8968809,1.8020709,2.3412075,1.517065,2.174725428905192
1.8797513,1.4937598,1.8846713,1.8968809,1.8240228,2.242372,1.5929871,2.8926510338773004
1.8797513,1.3906068,1.784656,1.8968809,1.8433878,2.3412075,1.4802269,2.725149889598494
1.9770166,1.4150558,1.7958889,1.8733801,1.8240228,2.1992803,1.559954,2.874736047334872
1.8568373,1.4087816,1.7693939,1.9759098,1.8240228,2.1992803,1.4802269,2.582063362911709
1.8606616,1.3655005,1.0876851,1.1639212,1.5160034,1.1001196,1.2951347,2.5301883208402947
-3.4050364,1.4937598,1.8464154,-3.1588924,1.8020709,-3.8497932,-2.8252218,2.406540180433955
1.1781061,0.86573297,1.0876851,1.1639212,1.1128871,1.574696,1.6455805,2.3043224646560634
1.9020015,1.3834233,1.7045615,1.8158185,1.7967299,2.3138742,1.5745679,2.3541084391474008
1.8369371,1.4087816,1.751818,1.8712553,1.816178,2.1020935,1.5687704,2.3502480183341627
1.8733358,1.4087816,1.7789317,1.8642273,1.8161334,2.050682,1.6455805,2.3344537511509307
1.8797513,1.4087816,1.7789317,1.8001319,1.7967299,2.0746672,1.559954,2.3242824552976926
1.8369371,1.4937598,1.751818,1.8642273,1.7452278,2.0127063,1.6455805,2.2810333672477277
1.8797513,1.534812,1.7077872,1.7620584,1.77434,1.8852801,1.4802269,2.187520720836463
1.7215818,1.4937598,1.6726595,1.7442284,1.7850602,1.9792632,1.4802269,1.9912260756924949
1.8670317,1.4937598,-3.6680183,-3.3673575,1.7065567,1.8572351,1.6455805,1.6989700043360187
1.6950462,1.4937598,1.4926361,1.4607356,1.6368406,1.8572351,1.6455805,-5.0
1.80593,1.2997696,1.7301759,1.7218652,1.7117159,2.0597591,1.5187323,1.8941276798384612
1.760346,1.4144294,1.7301759,1.727925,1.6203177,2.0662076,1.5187323,1.7600000472927297
1.8487642,1.2997696,1.659546,1.7897772,1.6910787,1.6864642,1.5220802,2.3663006394855355
1.760346,1.2997696,1.7241324,1.7218652,1.7117159,1.6864642,1.465809,2.435568864596029
1.772283,1.3401918,1.659546,1.6843024,1.6203177,1.6864642,1.4500136,2.4588704175266467
1.760346,1.4144294,1.7301759,1.727925,1.6910787,1.6864642,1.465809,2.5774274524609693
-3.3046906,-2.4593723,-3.0947666,-3.0422494,-3.979686,-2.9339712,-3.4863994,-5.0
-4.0330734,-2.4658556,-3.112654,-2.8728054,-3.2901223,-3.365559,-2.97618,-5.0
-2.508928,-2.4658556,-2.8659785,-2.8728054,-3.0074217,-2.9339712,-3.4863994,-5.0
-3.3046906,-3.753637,-2.9023778,-3.0422494,-3.0074217,-4.459446,-2.9740238,-5.0
-2.508928,-2.4593723,-3.705449,-3.2955039,-3.086326,-4.459446,-2.6886358,-5.0
-4.0330734,-3.753637,-3.705449,-4.104004,-3.979686,-4.459446,-3.4863994,1.7293349090581291
-2.1074412,-3.753637,-3.013763,-0.8030585,-2.733974,-1.6897591,-2.212285,-5.0
-4.023844,-3.753637,-0.7281619,-2.215573,-2.733974,-2.8274844,-2.8777256,-5.0
-4.023844,-2.062866,-0.7281619,-0.8030585,-1.3769188,-1.6897591,-2.19507,-5.0
-4.023844,-3.753637,-3.013763,-3.1099162,-3.0512657,-2.8274844,-2.8530126,1.6454222693490919
-4.023844,-3.753637,-3.112654,-3.2955039,-2.733974,-3.365559,-2.8777256,1.831024668733123
-2.4035697,-1.9644154,-0.7281619,-0.8030585,-1.3769188,-2.8274844,-2.8530126,-5.0
-0.016651992,0.016613007,-0.018093763,1.3454608,-0.16212605,0.19583644,-0.30311754,-5.0
-0.9009204,-0.9426136,-0.95038515,-1.0177094,-0.16212605,-1.753231,-1.6090351,1.6530194510996135
-1.5620478,-2.588114,-1.0545784,-1.0893829,-0.94242495,-0.06593092,-0.30311754,1.639386869017684
-0.16155134,-2.588114,-1.2827342,-0.9400539,-1.0781608,-1.753231,-0.25573432,1.6530194510996135
-1.5620478,-2.588114,-1.2827342,-1.053264,-0.15652283,-1.0068843,-1.6090351,1.710540447933297
-0.16155134,0.09583635,-1.2827342,1.3454608,-0.15652283,-0.06593092,-0.25573432,-5.0
1.2219826,0.8652981,1.1597453,1.3454608,1.1131192,1.4479606,0.93915355,-5.0
0.07034928,-0.093151174,-0.8640107,0.12084087,1.1131192,1.4479606,-0.1804525,1.6856521841155243
-0.19068332,-0.24683173,-0.8640107,-0.77508724,0.08977137,1.4479606,-0.3794459,1.6980135039391817
0.04622291,-0.24683173,-0.8640107,-0.77508724,1.1131192,0.19583644,-0.3794459,1.7109631189952756
1.2219826,-0.093151174,-0.17704,-0.77508724,0.14510283,-0.24545264,0.93915355,1.710540447933297
-0.19068332,-0.034701865,-0.17704,0.095208675,0.09125069,-0.24545264,-0.10170667,1.8748875108461125
-3.4090245,-3.490424,-4.077198,-4.3062363,-4.147196,-4.424102,-3.7720366,-5.0
-4.2800865,-3.6743507,-3.9603848,-4.3062363,-3.932022,-4.603286,-3.6697752,-5.0
-4.2792006,-3.490424,-4.122579,-4.2262444,-4.105262,-4.6017227,-3.81695,-5.0
-4.3564396,-3.753637,-4.122579,-4.0589957,-4.031797,-4.59674,-3.8270895,-5.0
-4.2792006,-3.6743507,-4.117524,-4.3062363,-4.020475,-4.4991117,-3.7295227,-5.0
-4.1289062,-3.6582408,-4.117524,-4.0589957,-4.147196,-4.59674,-3.8119218,-5.0
-4.1289062,-3.753637,-4.10463,-4.0589957,-4.105262,-4.4991117,-3.7295227,-5.0
-4.2800865,-3.753637,-4.117524,-4.142243,-4.031797,-4.603286,-3.698752,-5.0
-2.0995474,-1.0875369,-2.0211787,-2.0083904,-2.0777392,-2.249865,-2.8695388,2.44933489630968
-2.1062362,-1.0964336,-2.0242925,-1.0760877,-1.0933638,-2.265875,-2.8695388,2.455030728743977
-0.2002018,-1.0964336,1.4668473,-1.0760877,-1.0933638,-0.11485155,-2.8695388,-5.0
-0.31508738,-1.0875369,1.4668473,-0.13286568,-0.24277693,-0.13379309,-0.24124332,-5.0
1.6805837,-1.0710734,-0.12526362,-0.5511761,-0.118163265,-1.136949,1.295255,2.692511158286732
-0.28987694,-0.26942,1.5638204,1.5184212,-0.49285522,-1.136949,-0.42159864,2.6992877916008178
-0.09568654,-1.0710734,-0.13670819,-0.09361057,-0.18178973,-0.0933987,-0.89738953,2.568502104994132
1.6805837,1.3716338,1.5638204,1.5184212,1.7256739,2.168539,1.295255,-5.0
-3.5420063,-1.9630916,-3.24153,-2.1924047,-4.1609583,-4.4203005,-1.5912386,2.562499848658272
-0.22087492,-1.0083541,-0.27384087,-0.28310284,-0.26611522,-0.1905863,-0.09041465,-5.0
-3.5420063,-1.0083541,-3.24153,-2.0384045,-4.1609583,-4.4203005,-1.862022,2.076389186432606
-0.23969474,-0.39764833,-3.24153,-0.022555532,-4.1609583,-0.19879045,-0.2837166,-5.0
-1.7233148,-0.6781587,1.1742442,-1.7362157,-1.5258459,-0.319898,-0.49500483,-5.0
-1.1800762,-2.1649468,1.1742442,-2.4586146,-1.5258459,-1.3237892,-1.3138528,2.0593740590659575
-1.1800762,-1.2496345,1.1742442,-0.44522947,-0.26554403,-1.3237892,-1.3138528,-5.0
-1.7233148,-1.2496345,-2.388305,-1.7362157,-2.5912714,-2.6425464,-2.230579,2.581851848655016
-3.653615,-3.006056,-3.0559485,-3.373353,-3.1962686,-3.981235,-3.3407152,-5.0
-3.3003335,-3.0455499,-3.24153,-3.7798338,-3.1697292,-4.402132,-3.3407152,-5.0
-3.5104086,-3.3012004,-2.494587,-4.185885,-4.2411866,-4.1222806,-0.63722205,-5.0
-4.2436414,-3.5554276,-4.036899,-4.185885,-4.0641394,-4.5099535,-3.7820537,-5.0
-4.2177105,-3.6081085,-4.085837,-4.1449466,-3.9206405,-4.5099535,-3.826315,-5.0
-4.2436414,-3.5554276,-4.0406656,-4.1335187,-4.097599,-4.508086,-3.5958176,-5.0
-3.6650794,-3.1625671,-3.306896,-3.664036,-3.5726986,-4.490069,-3.0298882,-5.0
-3.000392,-2.870231,-1.9369096,-2.0132942,-2.1357224,-3.2776043,-2.4241366,-5.0
-0.09621729,-1.2472275,-1.1837517,-0.28310284,-3.8773696,-1.3052441,-0.90233094,-5.0
1.4521058,1.0436612,1.6981668,1.7675945,1.0527442,2.0011911,1.5053356,1.7358303552894891
1.5265902,0.78154606,1.2271508,1.3983374,1.0527442,1.4855088,1.5053356,2.364406519164995
1.5148182,0.90120214,1.4933399,1.8305084,1.0222714,1.8013589,0.9098978,2.156149198245543
1.5473706,1.0651697,1.6530877,1.4628103,1.630805,1.7796162,0.9098978,2.33706971917569
1.7303224,1.2938267,0.66159976,1.0628471,1.7324754,1.4005779,0.80629784,2.1760912590556813
1.7463965,1.4314214,1.744309,1.7627026,1.7045414,2.0369794,1.4953127,2.3979400086720375
0.20005563,-2.5808756,1.843943,-1.3304112,-0.1255449,-3.0856366,0.53461915,2.6020599913279625
1.8487642,-2.372629,-1.1782749,1.602819,1.7045414,1.1831003,1.5139393,-5.0
0.90023875,1.3852756,1.5200138,1.6963685,-0.5451659,1.7178035,0.7966855,2.03342375548695
1.539796,1.3708962,1.1735712,1.4677491,-0.7568183,1.6713165,1.3176599,2.1271047983648077
0.6827993,1.3708962,1.2731518,1.0387591,-0.7568183,1.3797183,1.5258088,2.1398790864012365
1.6606784,1.1150317,1.6647847,1.3414847,1.7045414,2.0300496,1.5139393,2.187520720836463
1.8487642,1.2938267,1.6151704,1.6617153,1.5368862,1.8830249,1.4986353,2.1958996524092336
1.7463965,1.2938267,1.843943,1.8153275,1.662733,2.1173353,1.5139393,2.2764618041732443
1.4197817,-1.9875336,-1.5620042,-1.0778763,0.9915889,0.61297774,0.9190104,-5.0
-2.4360733,-3.1200776,-3.0698266,-0.73620343,-1.563728,1.1239158,0.907141,2.645422269349092
0.84489864,1.3513383,0.36679682,1.6122633,-3.862883,1.9551563,1.4986353,2.1818435879447726
1.7694757,1.3513383,1.8496159,1.6122633,1.0582782,1.9870667,1.3094755,2.2430380486862944
1.7694757,1.3027298,1.6647847,0.65690047,1.6150953,1.8858871,1.2042307,2.367355921026019
1.6231362,1.3708962,1.6647847,1.40463,1.4435338,2.0366106,1.4986353,2.499687082618404
-1.8951595,0.56030226,-3.1418407,-0.5821297,-0.8560102,1.9424256,-1.9569551,2.1522883443830563
1.7972635,0.40190187,-0.19303526,1.5257905,1.6052337,2.0664244,0.8075667,2.2833012287035497
1.5116332,0.9455172,1.1281519,1.5004512,1.154654,1.8376527,0.7354993,2.3636119798921444
-2.239041,-3.147061,-3.7547932,-3.7137873,-4.058245,-2.1586578,-3.8270624,-5.0
-0.39058742,-3.1520836,-0.5183848,-3.6150331,-2.0700471,-3.7241058,-3.028972,-5.0
-4.2213163,-2.4950202,-4.1434646,-3.8416533,-4.0956807,-4.374326,-3.6588159,-5.0
-4.2343354,-3.5333366,-3.6437573,-4.012644,-2.5053313,-0.3186902,-3.845084,-5.0
1.6932391,1.2766393,1.5616935,1.4766128,0.4899122,1.387916,1.2062979,1.8778433988783796
-1.1180296,1.0396566,1.4099731,-1.8020678,-0.816079,1.3710109,0.7252433,2.079293424299716
1.357002,1.217596,1.4099731,1.5340099,-0.63238865,1.3716967,0.97515965,1.9698956079747902
1.3943032,1.2147744,1.6070273,1.450878,1.115022,1.729299,1.5053356,1.7076382953799996
0.20863926,-0.48158514,0.8301942,-1.1258311,0.45336056,1.012821,-0.5312913,-5.0
-3.7244577,-3.4084728,-1.6347564,-2.248525,-2.602509,-3.966931,-3.4756453,1.6881527555915663
-0.19527362,1.3305418,1.5695207,0.5888068,1.2353961,1.4795041,0.88765854,1.7311857076340005
0.3033644,0.43988034,1.4481205,1.7383231,1.3401258,1.8679167,0.5607482,2.7393784903572698
0.3033644,0.43988034,1.5695207,1.4053468,1.6254908,1.6280216,0.5607482,2.6847726740473794
-1.0455384,-2.7680333,-2.8107822,-2.1168294,-3.7077107,-3.462697,-2.707439,-5.0
-0.6369402,-3.2570107,-3.20388,0.21931796,-2.8216717,1.7413547,-0.19329849,-5.0
1.8042707,1.4197568,1.6405239,1.6666051,1.6019582,-2.3813183,1.5053356,-5.0
-1.3037595,-2.4104404,-3.6642303,-3.064332,-3.5011203,-4.078239,-1.585581,-5.0
1.4544065,1.1804211,0.6624647,1.7081726,1.7087514,1.8671993,1.3408384,2.4724536536918156
1.5076752,1.2838055,1.7558513,-0.2864462,1.5827905,1.8671993,0.5737488,2.2785249647370174
1.339861,0.78154606,1.3663894,1.3260121,-3.2610192,1.6051903,1.5053356,2.3896107868719514
1.5076752,1.3169335,1.0328256,1.590533,1.3676845,1.6747075,1.2740008,2.4637676075331436
0.26686427,1.2838055,0.6624647,1.1518102,-2.7619123,2.0769722,-1.5283407,2.0121958507472315
1.3970267,0.9153061,1.43495,1.1518102,-2.733371,1.3660897,-0.9093391,2.426259069636315
1.8042707,-2.2174246,1.6517798,-0.913167,-3.2610192,1.9359511,0.3488044,1.926831010291032
0.79984045,0.41812852,1.6830785,0.36588246,-2.7619123,1.0685732,-1.5357187,2.3340297318857552
-2.2934241,-1.9535985,-3.6466923,-3.5871067,-3.7253573,-3.2708566,-3.7198977,-5.0
-3.7595,-1.9535985,-3.9366202,-4.0497384,-4.058245,-3.2708566,-3.6789184,-5.0
-4.273151,-3.819517,-4.1285167,-3.7179422,-3.922396,-4.4370604,-3.724336,-5.0
0.9663435,0.5429402,1.2686292,0.8707474,0.7502127,1.7837628,1.1028905,-5.0
0.14142296,0.3680797,1.2820388,1.3038043,0.7544245,1.8227069,1.3092117,-5.0
0.9044173,-0.6496897,-2.8621192,0.7448619,-0.4362743,0.88248295,0.43383577,-5.0
-3.584312,-3.1637099,-2.8621192,-3.4876873,-3.811495,-4.545248,-3.7366939,1.9756110041782469
0.14142296,-0.67506635,-3.529378,-3.3238716,-1.5148319,-3.9797175,-2.2332895,2.8604518067654974
-0.81762534,0.5429402,-1.7049234,-1.2496268,-1.3428392,-1.457072,-3.1218164,2.269888703182173
-2.3133533,0.5429402,-2.674334,-2.839412,-2.6506891,-4.5945034,-3.4085634,1.7477379889113938
-4.21031,-3.819517,-2.7525506,-3.6418645,-3.922396,-4.5945034,-3.4085634,1.6797548572145484
-3.4376123,-2.8737223,-4.05987,-4.103687,-3.908261,-4.0535016,-3.4085634,-5.0
-2.4204113,-2.7038724,1.1851302,-0.83525676,0.32446733,-2.1201434,1.3718815,1.6324572921847242
1.1627434,1.3241159,1.3477511,1.410199,1.0222714,0.699038,1.3689052,1.9493900066449128
1.5888644,0.90120214,1.7349399,1.410199,1.0222714,1.346354,1.3689052,1.99563519459755
1.552184,1.3315386,1.4566087,1.4164835,1.5591489,1.6123867,1.292632,2.0187212977123385
1.4474202,1.2575643,1.329655,1.4383482,1.4626342,1.6123867,1.2668636,1.9420080530223132
1.5168767,1.013732,1.4566087,1.4164835,1.4398365,1.7071292,1.2668636,1.7832959993528459
1.5168767,1.3315386,1.329655,1.4164835,1.4697313,1.7769512,1.292632,1.6916560434981467
-3.9670782,-1.8818151,-0.27384087,-2.1734095,-3.3198662,-2.0739675,-3.432548,-5.0
-1.4623625,-3.8320289,-0.059775762,-1.9300073,-1.5800941,1.0376759,-1.9448615,1.9670703641516833
0.8805067,-3.8320289,0.9160347,0.51031697,1.5261124,-0.23719344,-0.23556682,1.9558800862253753
-4.308981,-3.8104272,-4.230101,-4.400011,-4.2660537,-4.6800036,-3.9781318,-5.0
-4.4564614,-3.7417157,-4.230101,-4.3786626,-4.2672534,-4.644127,-3.9306567,-5.0
-4.380054,-3.8320289,-4.2508283,-4.351224,-4.2527423,-4.7006764,-3.9913428,-5.0
-4.2090774,-3.8320289,-3.8593042,-1.9977568,-4.2129693,-4.508593,-3.9395363,-5.0
-3.7423728,-2.9349043,-3.4129887,-4.1217575,-2.4144874,-4.4367423,-2.9228504,-5.0
-3.532902,-3.8320289,-3.9341178,-4.1217575,-2.4144874,-3.5346386,-3.403579,-5.0
-4.364009,-3.8104272,-4.230101,-4.400011,-4.269231,-4.6986794,-3.9781318,-5.0
-4.3986874,-3.8673449,-4.2800226,-4.2883654,-4.251929,-4.635558,-3.970167,-5.0
-4.364009,-3.7847495,-4.2406526,-4.2883654,-4.2660537,-4.6800036,-3.970167,-5.0
-2.534187,-3.8320289,-1.3736444,-0.38681537,-1.5933446,-4.2766027,-1.0439279,-5.0
-4.3986874,-3.7373428,-4.201834,-4.29284,-4.212409,-4.5966334,-3.898128,-5.0
-4.364009,-3.783226,-4.201834,-4.269317,-4.269231,-4.6595144,-3.9913428,-5.0
-4.308981,-3.7373428,-4.126074,-4.3348184,-4.2707267,-4.6606174,-3.9781318,-5.0
-4.308981,-3.7954297,-4.2406526,-4.349032,-4.212409,-4.6747947,-3.898128,-5.0
-4.364009,-3.783226,-4.230101,-4.269317,-4.2660537,-4.5966334,-3.898128,-5.0
-4.353723,-3.783226,-4.2406526,-4.269317,-4.2707267,-4.5966334,-3.9781318,-5.0
-4.308981,-3.7954297,-4.126074,-4.331096,-4.212409,-4.6701136,-3.9781318,-5.0
-4.353723,-3.8320289,-4.2406526,-4.269317,-4.2447457,-4.6606174,-3.9359415,-5.0
-4.364009,-3.783226,-4.201834,-4.293178,-4.2660537,-4.6747947,-3.9395363,-5.0
-4.353723,-3.7954297,-4.2130065,-4.293178,-4.269231,-4.6784067,-3.970167,-5.0
-4.353723,-3.7954297,-4.2162104,-4.3036995,-4.2660537,-4.5966334,-3.9359415,-5.0
-4.353723,-3.7373428,-4.2406526,-4.3638773,-4.269231,-4.6606174,-3.970167,-5.0
-4.3986874,-3.7617636,-4.2721815,-4.400011,-4.2707267,-4.6701136,-3.9395363,-5.0
-4.380054,-3.8320289,-4.2721815,-4.353962,-4.2527423,-4.6986794,-3.9360752,-5.0
-4.308981,-3.7617636,-4.2406526,-4.312646,-4.2527423,-4.6800036,-3.9913428,-5.0
-4.2566833,-3.8320289,-3.875904,-4.2287774,-3.1785784,-4.56322,-3.9395363,-5.0
-3.532902,-2.833084,-4.1024337,-4.2539897,-2.4144874,-4.655905,-3.0727832,-5.0
-4.374594,-3.7417157,-4.230101,-4.353962,-4.2707267,-4.6986794,-3.9913428,-5.0
-4.364009,-3.7847495,-4.230101,-4.3348184,-4.2707267,-4.6986794,-3.9738886,-5.0
-4.374594,-3.7847495,-4.230101,-4.293656,-4.2660537,-4.6784067,-3.9913428,-5.0
-4.3502064,-3.8347352,-4.2309475,-4.3182893,-3.7759974,-4.602414,-3.9892435,-5.0
-0.8400948,1.0618687,0.27527207,0.27870896,-0.21176563,0.40112165,0.16065745,2.3950239419207384
-0.6843223,0.48939556,0.7172318,0.31791905,1.6615777,0.8549311,1.2428833,1.7443242824979845
1.5878396,0.24003355,1.5942088,0.8158074,0.3441177,2.1293244,0.6393899,-5.0
0.15408254,-1.6209906,-4.1783457,-3.3036132,-1.0470804,-3.6506836,-2.5394895,2.4058788683316576
-1.4509468,-0.5619473,-4.1783457,-2.4884138,0.13363722,0.58653706,-1.0333257,2.4087367446825323
-1.4509468,1.0478727,1.1304692,0.40603608,0.43765,1.294697,-0.912327,-5.0
-1.2886767,1.0978185,-0.112247765,-2.734722,0.88350755,1.2063184,-1.225898,-5.0
0.5189358,0.18611869,0.017264199,0.024493793,-0.1344952,-0.08219879,0.43873414,2.9367378690564405
1.6157848,0.48939556,0.873021,0.31791905,-0.1344952,-0.08219879,0.16065745,2.243903293481164
1.6157848,1.0618687,0.873021,1.3864896,1.6615777,2.036243,1.2428833,-5.0
0.51681626,-0.38836733,0.27527207,0.25344503,0.3441177,0.29908,0.3541058,2.2560438987020315
-0.6843223,-0.38836733,0.7172318,0.46006203,0.3441177,2.036243,0.5515773,1.9474680327367904
0.8736275,-0.38836733,0.6576311,0.024493793,1.6615777,2.036243,1.2428833,1.700348869552902
0.51681626,-0.38836733,0.6576311,1.3864896,0.3441177,-0.08219879,0.43873414,2.097562701210251
1.1251539,0.44920355,0.6032302,-1.0681602,-2.845285,-3.3403945,0.055886127,1.935174616002774
1.4127077,0.12750715,0.66036075,0.9425065,0.960058,1.1996849,0.7582947,2.0011883395976144
1.1847374,0.8783462,0.6032302,0.80843496,0.42608732,1.3836222,0.7582947,1.9363764830191357
1.6157848,0.12750715,1.2504209,-3.139185,-1.9775229,-3.6930304,-3.266027,1.819142356550309
1.6157848,0.12750715,1.2504209,0.85347736,1.290792,1.3836222,1.1423577,-5.0
1.6157848,-0.05856226,-1.4527613,0.41020605,-0.61616945,-1.8919228,0.2744573,-5.0
0.11192657,-0.38836733,0.7172318,1.3864896,1.6615777,2.036243,1.0857011,-5.0
1.3528562,0.63699347,0.76419765,1.3503197,0.7842899,1.4502437,0.70259494,2.4771212547196626
-4.019239,0.91625464,1.3557829,1.2882069,1.1352981,1.4935495,1.0431135,1.9294189257142926
-4.019239,-3.5554276,-4.103675,-3.1618927,-4.03895,-3.3323393,-3.478805,1.6989700043360187
1.3528562,1.2406592,1.3557829,1.3503197,1.3450791,1.4502437,1.2032269,-5.0
1.6511697,1.3951901,1.5654731,0.9162037,-0.9322672,1.1508836,1.4986353,-5.0
-2.0785792,0.6255897,0.9958619,-1.2587825,1.2362797,0.93853205,-0.33221582,-5.0
1.7858763,1.3293873,0.30915114,1.7042434,1.7500925,1.9339585,1.3247603,-5.0
-2.8376615,-2.463423,-3.207095,-1.0159429,-3.47315,-3.1836863,-3.6463926,2.325517715789687
1.6348315,1.3293873,1.5439931,1.7042434,1.414356,2.192308,1.3951278,2.9419321068899937
1.6978385,1.1224082,-2.5414834,-0.31292114,1.5635672,-3.6250622,0.36294052,2.8701878749222516
-4.2127647,-3.6081085,-3.8379946,-4.1335187,-3.927197,-4.068253,-0.35469526,-5.0
-2.7347806,-2.4714184,-3.3178952,-2.1999133,-0.9483541,-3.3822858,-1.472368,-5.0
0.34399903,-0.27937925,0.37135458,-0.5014249,-0.3930815,-1.2056395,-0.92762953,-5.0
0.34399903,-0.94455785,-1.0297881,-0.48460189,-1.070196,0.48698914,0.26878276,-5.0
-1.1504562,-0.27937925,0.37135458,-0.9753614,-0.52622813,0.48698914,0.26878276,-5.0
-1.7477933,-0.27937925,-2.5737147,-1.7581346,-2.6397858,-1.2056395,-1.6703178,2.4852130328713433
-1.6425148,-0.94455785,-1.0297881,-0.9753614,-2.6397858,-1.8393006,-0.92762953,2.458193508479987
-1.1504562,-1.6624166,-2.5737147,-1.7681205,-1.070196,-1.8870859,-1.7077695,2.6922686497140713
-3.9124694,-3.773387,-3.3026652,1.4177841,-4.2447925,-3.9548798,-2.7362614,-5.0
-4.291311,-3.4539979,-3.4691594,-3.5817564,-3.8800223,-4.024836,-3.0379584,-5.0
-3.9124694,-3.7295833,-3.6352255,-3.5817564,-3.9515877,-4.024836,-3.2526336,-5.0
-3.720719,-3.5036778,0.014546748,-3.7942703,-3.336239,-1.815106,-2.9638355,-5.0
0.44888797,1.1062825,1.5243273,1.6196005,0.64587605,1.0344756,0.45458546,2.6633654187444646
1.8369371,1.1310711,1.5800203,0.3051561,0.8186057,1.5476772,0.34011295,1.85666244247226
1.110634,-0.61289036,-3.6554723,0.7354227,-1.8086977,-3.602746,0.9098978,-5.0
-4.352605,-3.1205282,-3.7690792,-0.913167,-4.03895,-4.6027603,-3.5228717,-5.0
-4.3273544,-3.7891793,-3.9958587,-3.9064376,-3.6579175,-4.642618,-3.466349,-5.0
1.6990552,1.371411,1.5720916,1.6338142,1.6325102,1.8438151,1.3918837,1.8455862859524603
1.6593589,1.2987751,1.599416,1.6338142,1.6049074,1.8438151,1.4828804,1.7826870045041745
1.6188271,1.3894314,1.5800203,1.6463542,1.5085653,1.962235,1.4455401,1.7826870045041745
1.6526722,1.2987751,1.599416,1.5004512,1.5085653,1.962235,1.3979304,1.7882908814895369
0.10202512,0.6255897,0.9958619,1.4040936,1.2362797,1.3618386,1.0742288,1.7882908814895369
1.6593589,1.371411,1.5969089,1.6860896,1.6325102,1.6486297,1.4323747,2.256031762275278
1.6593589,1.4366107,1.646678,1.6620665,1.5596188,1.6341239,1.4323747,2.3441291451626407
1.6355804,1.2987751,1.7208391,1.7944639,1.6428418,1.7279285,1.4455401,2.333946840865871
1.6980777,1.3659701,1.5610516,1.6675923,1.6182494,1.6421375,1.4323747,2.3623221501600833
-2.6567285,-2.8393788,0.99970484,-3.319077,-3.5975187,-2.6435263,-0.6488349,-5.0
-3.0168498,-3.6608732,-3.4464767,-3.3209908,-3.3348641,-4.278577,-3.399133,-5.0
0.6911652,-2.5197058,0.49483997,-0.6537316,-3.1092834,-3.2983828,0.51366,-5.0
1.4412197,-1.4657036,-2.0426393,1.0235018,-0.9213844,0.14212942,-0.06535573,2.7337981183400184
-1.6353669,0.7808346,-1.8624293,0.6099179,1.471647,1.0941471,1.2491778,1.9980805257764211
-1.6353669,-1.2513845,1.3817835,-0.5814076,0.86171514,-0.46542603,0.6442926,1.9360611166099886
0.13608621,0.5983854,0.13996193,-3.8859792,0.28578,-2.0895069,-0.1962777,-5.0
-4.289654,-3.6644626,-4.186856,-4.2739773,-3.93359,-4.7299986,-3.7687008,2.2821687783046416
-0.47823384,-3.318846,-1.5001094,0.5202932,-3.0948892,-0.51710314,0.11327442,-5.0
-1.8174473,-0.62520653,-0.662568,0.16528444,-2.9778283,-3.6796176,1.3694615,-5.0
-3.1330185,-2.0771496,-3.9485242,-2.491136,-3.7595103,-3.7549822,-2.7730074,2.802631547875135
-0.02836185,1.0495193,-2.521868,-1.5742222,1.1685083,0.5743504,1.103166,-5.0
-2.4291456,-0.47894832,-1.7549585,-3.093875,-3.2037454,-3.7292705,-2.779602,2.2605483726369795
1.6817127,1.0374781,1.4837323,1.5380383,1.067713,1.4996924,1.2260454,-5.0
-2.464232,1.0374781,-2.7252467,-2.5601497,-1.5939624,-3.7292705,1.2260454,2.093750783675318
-2.464232,-0.106777355,0.74831206,1.2373514,1.067713,1.8330294,1.2260454,2.3041327768736997
0.7069894,-1.0702996,0.6015501,0.7428008,-0.81644255,-0.8784371,0.77238595,2.2580647093021717
-1.7067835,-0.30187768,1.4837323,-0.9918305,1.0448941,1.8939493,-1.4016097,2.0624729269002615
1.097207,0.59130305,-0.10405104,0.120129086,0.8105814,1.9266909,0.49680856,-5.0
1.5234823,1.2217343,1.5440873,1.5675247,1.6092819,1.8540539,1.151942,1.7993405494535817
1.6359029,1.2217343,1.5440873,1.6359352,1.6217362,1.7788646,1.4442959,1.9912260756924949
1.6129287,1.2217343,1.5157988,1.5307962,1.5583094,1.768637,1.338101,2.12057393120585
-2.8741095,-3.2775214,-3.6843007,-3.61175,-2.9157102,-3.1096277,-2.9037979,-5.0
-3.8105292,-2.8237119,-3.6490622,-3.789143,-3.445793,-4.359879,-3.1086082,-5.0
-3.0858805,-3.2775214,-2.7792468,-3.89749,-3.100935,-1.6197803,-3.457417,-5.0
-3.8471775,-3.098253,-3.8212557,-4.349594,-4.0601873,-4.1797767,-2.4535017,-5.0
1.6677737,1.3213776,1.615818,1.6896771,1.6421301,1.9048758,1.4957733,2.34964656951508
1.6677737,1.373258,1.615818,1.6177216,1.630226,1.8580744,1.4957733,2.177161199726047
1.6980777,1.373258,1.5848264,1.6177216,1.6421301,1.891844,1.3997848,1.934750874663579
1.6677737,1.3793371,1.6537066,1.6177216,1.6325102,1.891844,1.4957733,1.8181598863971853
1.7140709,1.371411,1.6537066,1.6896771,1.630226,1.9048758,1.5113086,1.6131015169669127
1.7140709,1.373258,1.6240938,1.6177216,1.6325102,1.891844,1.4579903,2.2652495425442947
1.6980777,1.371411,1.6537066,1.6576566,1.630226,1.8053862,1.5113086,2.2688680286405956
1.7254152,1.373258,1.6537066,1.6576566,1.6546317,1.8053862,1.4455401,2.3049168576726062
1.7140709,1.3793371,1.6240938,1.6177216,1.6421301,1.8053862,1.3997848,2.144642693095504
1.6980777,1.373258,1.615818,1.6576566,1.6421301,1.8580744,1.4957733,2.0468540016041943
1.7254152,1.3213776,1.615818,1.6714699,1.6546317,1.8580744,1.4957733,1.93478115561709
1.6953146,1.373258,1.615818,1.6177216,1.6147773,1.9048758,1.4579903,1.789587762342296
1.6677737,1.3793371,1.646678,1.6177216,1.5926894,1.8438082,1.4455401,1.8600923360816437
1.6980777,1.4197568,1.6240938,1.6714699,1.6147773,1.8682331,1.3997848,1.8512583487190752
1.6953146,1.3213776,1.6240938,1.7291348,1.630226,2.0737638,1.4455401,2.1841489336587214
1.7140709,1.3793371,1.6868352,1.7291348,1.6500783,2.0737638,1.4455401,1.8114208307748791
1.7140709,1.371411,1.6036761,1.6177216,1.5990034,2.1125486,1.4130363,2.644206115698947
1.8110087,1.373258,1.6806673,1.8583506,1.7330859,2.1125486,1.4130363,1.994369951220781
1.6953146,1.3113497,1.60736,-0.8670588,1.6469944,1.8902065,1.2237842,2.944588271832463
1.755879,1.3113497,1.654435,-0.8670588,1.5990034,2.0918334,1.2237842,2.229794432066269
1.4852253,0.996669,1.6981668,1.7157357,1.6345232,1.9551444,1.3776009,2.2364566425016603
1.6932391,0.996669,1.5587761,1.72542,1.5078888,1.9801065,1.4814796,2.285287197369397
1.4734789,1.2343621,1.590157,1.4399846,1.128319,1.4934173,1.152442,2.1601592826060827
1.5503092,1.2343621,1.4385756,1.2098476,-0.9329988,1.4675716,1.033403,2.480081715702261
1.7278672,1.2703454,1.6807966,1.3997916,1.7388691,1.7419978,1.568805,2.277932236740448
-3.7720387,-3.503837,-3.8459067,-3.665607,-4.03895,-4.413213,-3.6141357,-5.0
-3.8826802,-3.5554276,0.37816763,-3.671188,-0.29871938,-4.048141,-0.31838772,-5.0
-3.7720387,-3.3998032,-3.9958587,-3.671188,-0.29871938,-3.8086076,-3.465076,-5.0
-3.813476,-3.2906392,-3.6943529,-3.4302332,-2.9036584,-4.2845798,-3.7433848,-5.0
-3.9784563,-3.3810492,-3.9556305,-3.4302332,-3.774998,-4.300906,-3.7998881,-5.0
-4.0983205,-3.2906392,-3.9396162,-2.5149376,-4.034296,-4.534553,-3.6595917,-5.0
1.6099162,1.3305418,1.5832685,1.6331158,1.6463902,1.9162885,1.3318617,1.734399742520567
1.597272,1.1976714,1.5128735,1.5649949,1.4843009,1.6865968,1.033403,1.7147487607250598
1.4459713,1.1976714,1.4796758,1.5649949,1.453145,1.5584058,1.059105,1.746478509930031
-3.4050364,1.2836295,1.5128735,-3.3743365,-3.2610192,1.7029089,-2.886748,1.7184186418296556
1.5367861,1.2836295,1.5128735,1.5347377,1.4843009,1.7029089,1.3884592,-5.0
1.665867,1.1894683,1.5129747,1.6746601,1.6463902,1.8002179,1.4056107,2.039612381896724
1.6057822,1.2836814,1.5129747,1.5662805,1.6463902,1.8857231,1.3351737,2.1470576710283598
1.6099162,1.2406592,1.5129747,1.5212111,1.6463902,1.8457353,1.3351737,2.2246884174572874
1.6099162,1.1894683,1.5128735,1.5662805,1.5715122,1.9091089,1.264994,2.234618505860634
1.6260991,1.3305418,1.5298826,1.5662805,1.5760223,1.8002179,1.3351737,2.2487332298048046
1.6057822,1.3305418,1.5128735,1.5212111,1.5715122,1.8002179,1.264994,2.244326610230636
1.6241169,1.269065,1.5517308,1.5386305,1.4613298,1.8262218,1.0967668,2.201326101805688
0.50267833,1.2474362,1.4387711,1.677955,1.4613298,1.857455,1.5030725,2.192121222131705
1.6958339,1.2217343,-2.8485613,-0.4804073,1.4892871,1.6200565,1.3841857,2.028733879349335
1.3937249,1.269065,1.5623932,1.662433,1.4817046,0.22238508,0.8011829,2.3217061105487606
1.6189839,1.2217343,1.6622213,1.5428852,1.6387943,1.9306853,0.8011829,2.319822002683149
1.6189839,1.3293873,1.5821087,1.5428852,1.3007896,1.9196535,0.8011829,2.2000046055991174
0.5293078,-2.829168,1.5901204,-4.015725,1.068781,0.97573394,1.0126361,2.1563855786765393
1.7273697,1.4155942,1.6291927,1.6959455,1.6109138,1.8435409,1.4062182,1.9719712763997566
1.7273697,1.3513383,1.6321701,1.6573445,1.6394527,1.8394368,1.4442959,1.9514497213311357
1.6546963,1.3708962,1.6534001,1.6460599,1.6220299,1.8556513,1.4970169,2.0455486750103846
1.7959858,1.3513383,1.6291927,1.6573445,1.6466762,1.9211546,1.4970169,2.0398715729912995
1.7155362,1.2490126,1.6934319,1.7037796,1.6399652,1.9264253,1.5187323,2.3996071880070624
1.6927117,1.2490126,1.5353557,1.6573445,1.6203177,1.9211546,1.5187323,2.533806236447545
1.6927117,1.2490126,1.7119765,1.6831996,1.6466762,1.9504492,1.4062182,2.4400912566873862
1.6368865,1.3708962,1.5353557,1.6573445,1.6005737,1.8360168,1.493835,2.033463966077405
1.6837169,1.2490126,1.6321701,-3.3441615,1.6005737,1.8360168,1.4442959,2.0571524048154197
-2.790411,-3.2091022,-3.6606662,-3.3441615,1.6289608,-3.8215246,-2.5017395,2.04888829904528
-3.2018394,1.4155942,0.66538155,-3.360265,1.6466762,-1.5752337,-2.2874231,-5.0
-4.0418663,-3.819517,-0.82415134,-1.2629068,-3.6300716,-4.428449,-2.0518787,-5.0
0.82441014,0.53211313,-3.4209485,1.5378156,-3.4503593,1.6827577,-2.47081,-5.0
1.4734513,1.2217343,1.4404471,1.4114914,0.3637679,1.6982403,-1.00786,1.6608939243090377
1.3160836,1.2217343,1.4404471,1.5384442,1.3674916,1.5035992,1.0064119,1.8181796896156244
1.0749367,1.2621235,1.1851302,1.3651534,1.2362797,1.3023849,1.0457141,2.0027274726898296
1.5124601,1.2820051,1.3651458,1.6328821,1.5759137,1.8227239,1.3997848,2.1313748264810997
1.6640483,1.3544055,1.5461689,1.598032,1.5759137,1.9444482,1.483436,1.9726008363976446
1.5175824,1.1538607,1.7946105,1.5901904,1.3568103,2.0445578,1.6282644,2.0673387186043777
1.7656232,1.2490126,1.0468353,1.7455888,1.3442042,1.9382361,1.5161781,1.977019019836609
1.4245578,1.3226999,1.5353557,1.6988821,1.6078728,1.6639814,1.0145807,2.1975617244698595
-2.2777321,-2.5418816,-1.089176,-3.8884416,-2.2287486,-3.9854228,-3.181217,1.954801906348716
1.5095342,1.2217343,1.5353557,1.558671,1.7117159,1.9087727,1.4141192,2.142204820428158
-0.081683375,1.4144294,0.95892394,-0.7054628,1.6618024,0.06649876,1.1211938,-5.0
-0.45100117,-0.4968315,-2.0707407,-1.2161993,-3.9168732,0.21642879,0.11458051,-5.0
-4.227063,-3.8320289,-2.9801333,-4.397588,-4.2262707,0.08332115,-3.839992,1.7185515094682775
-2.8443632,-2.3606665,0.31360617,-3.0006773,-0.40106902,-1.421894,-3.602656,-5.0
-3.484116,-3.6858401,1.3646272,-1.4626257,-2.6954117,-4.566493,-3.7234542,-5.0
1.6053971,1.3305418,1.3733765,1.562994,1.5575407,1.953616,0.5622451,2.0168913351969917
1.5187703,1.1976714,1.3655314,1.4906758,1.3863473,1.7355982,1.059105,1.9189210900913358
1.4459713,1.1976714,1.4191971,1.4381274,1.3863473,1.7781534,1.059105,1.9864850948815944
0.88436097,1.2836295,0.99072504,1.0704577,0.9204227,-3.8239257,0.5965144,1.9395192526186185
1.0984185,0.6418357,0.8745013,0.9341418,0.93664086,-3.8239257,1.2165778,1.9054072692525446
-3.381762,0.54351526,0.059747037,-3.1973352,-1.6645805,-1.7292613,1.3237901,1.941933596157502
-0.7551746,-1.6310683,0.79072267,-0.67729515,0.27628598,1.5059422,-0.5520659,2.047095659597362
1.5137874,1.013732,1.329655,1.0254549,1.4697313,1.7071292,1.0366284,2.4170961941959797
1.6284174,1.2820051,1.3651458,1.6982884,1.5547596,1.9444482,1.3860809,2.10064620014548
1.5149524,1.353022,1.4566087,1.0254549,1.7955496,1.7071292,1.0366284,1.9937491624820158
-1.867087,-1.6142031,0.19817297,0.93928546,-1.6105571,-3.4094846,-1.8725545,2.220317336168364
1.4056885,1.2436142,1.3370751,1.6075363,1.1646788,1.4029442,1.3462145,1.9048777669634047
0.5956467,-0.7206004,-0.13303673,0.25997016,-0.44259417,-1.3412193,0.6455433,-5.0
-4.286406,-3.42847,-4.189872,-3.0033104,-4.2458863,-4.6512647,-3.8624098,-5.0
-4.210528,-3.7078357,-4.029645,-4.2845106,-4.123323,-4.5605435,-3.8587408,-5.0
-3.8983767,-3.7078357,-4.1373916,-4.199985,-4.123323,-4.6147256,-4.0455804,-5.0
1.2835133,1.0731654,1.2029487,0.9462742,0.9925938,-1.6997569,0.5415907,1.9177680024477564
-4.12384,-3.7277086,-4.0507627,-4.254341,-4.101966,-4.6032543,-3.9047065,-5.0
-4.2938137,-3.4528096,-4.165438,-4.3197503,-4.150173,-4.6588087,-3.9851649,-5.0
-4.3631244,-3.7526836,-4.1633344,-4.343639,-4.200525,-4.6477766,-3.814997,-5.0
-4.3631244,-3.4528096,-4.253579,-4.3197503,-4.240697,-4.6588087,-3.9549522,-5.0
1.4355226,0.6733677,0.9085464,1.622791,1.4026204,1.2240391,0.9300958,1.8543060418010806
-0.63343734,-0.26259512,-0.006808719,0.25997016,0.55034107,-0.25271004,0.6455433,-5.0
-3.8983767,-3.8211482,-4.1326365,-3.0033104,-4.123323,-4.5866346,-3.8587408,-5.0
-3.8983767,-3.42847,-4.1840043,-4.329121,-4.2060466,-4.5605435,-3.838402,-5.0
-4.362446,-3.42847,-4.029645,-4.329121,-4.240801,-4.65573,-3.8587408,-5.0
-1.6664633,-2.1431963,-1.6863267,-0.90706027,1.6203177,1.6026909,0.113732375,2.5376499261080765
1.7760826,1.3631018,1.4449106,1.7043042,1.5912104,1.778766,1.5229133,2.3286242074902073
1.6100965,0.73286414,1.3239887,1.5697118,1.2989185,-1.6997569,0.86994004,1.8550343166758843
-4.3574247,-3.4539979,-3.9960334,-4.299056,-4.1379633,-4.393012,-3.9047065,-5.0
-4.2938137,-3.4528096,-4.1633344,-4.293294,-4.150173,-4.660814,-3.814997,-5.0
-4.3311324,-3.4528096,-4.234066,-4.343639,-4.240697,-4.660814,-3.967839,-5.0
-4.389666,-3.4528096,-4.234066,-4.3197503,-4.2993336,-4.643284,-3.9851649,-5.0
1.5401726,0.18766496,-2.3982365,-3.0118046,1.7117159,0.5767959,-1.1997956,2.2737746161032137
1.6359029,1.1714725,1.6648515,1.4945085,1.6203177,1.778766,1.1223367,2.014982308585482
1.7385584,1.2703454,1.6036761,1.4200928,1.5451316,2.1052182,1.4187201,2.6793158771478907
0.5640863,-0.78106385,-3.8379946,-3.960972,1.5676054,-3.4281633,-3.338679,2.7007123683433525
-2.8389719,-0.78106385,-3.8746924,1.2873485,-2.8705268,-3.4704013,1.405632,-5.0
-0.8672227,1.2703454,0.5951489,1.1470573,-3.658465,1.2268192,-3.5901535,-5.0
-3.3761044,-3.14132,-3.207095,-3.810285,-3.7060955,-4.403317,-2.147992,-5.0
1.6963768,-1.9363023,1.7987766,1.8305084,-0.6644683,1.3919828,1.6282644,1.6080979463252796
0.0040172096,1.3529035,1.5851971,1.410821,1.5848534,2.0317988,1.1048189,1.9928626713890276
0.044095132,0.81927305,1.3410277,1.2807974,0.7889082,1.3413641,1.1199536,2.0022524799205383
-4.008914,-3.819517,-3.83688,-4.254341,-4.1379633,-4.6226473,-3.7281177,2.079362164393046
-2.2491622,-2.922637,-4.253579,-0.38681537,-4.0379586,-2.4994836,-3.8238597,-5.0
-2.2491622,-3.4735723,-3.7638054,-3.6500542,-4.211419,-4.6803937,-3.9249825,-5.0
-4.4430184,-3.4735723,-3.7517142,-3.6500542,-3.8676906,-4.520689,-3.9249825,-5.0
1.4549642,1.2217343,1.1851302,1.7081969,1.2362797,1.7698077,1.3718815,-5.0
1.3683554,1.2370625,1.1851302,-0.2900565,0.90261126,1.0494226,0.52737737,1.9569364138441963
-4.192347,-3.639925,-4.164906,-4.190009,-4.101966,-4.393012,-3.9047065,-5.0
-4.192347,-3.639925,-4.0507627,-4.2569923,-4.101966,-4.393012,-3.9047065,-5.0
-4.289556,-3.6250904,-4.1615124,-4.254341,-4.1379633,-4.632973,-3.9047065,-5.0
-4.12384,-3.4539979,-3.9960334,-4.190009,-4.1379633,-4.622217,-3.864587,-5.0
-4.3574247,-3.4539979,-3.9960334,-4.2569923,-4.107963,-4.6032543,-3.864587,-5.0
-4.12384,-3.639925,-4.0507627,-4.254341,-4.101966,-4.393012,-3.814997,-5.0
0.5956467,-0.5974943,-0.25726852,-0.2958615,0.55034107,0.07712911,-0.022535859,-5.0
-0.89028066,-0.5974943,-1.93019,-0.2958615,0.55034107,-1.3412193,-1.7053567,2.2132786299927947
-0.63343734,-0.5974943,-0.25726852,0.25997016,-0.44259417,-0.8516032,-0.7876607,2.2416958681398103
-0.8298627,-0.26259512,-0.13303673,0.25997016,-1.2331077,-1.3412193,-1.7053567,2.296012079112969
-0.63343734,-0.7206004,-1.93019,-0.7031779,-0.44259417,-0.25271004,-0.74975,2.329998614334239
0.5956467,-0.7206004,-1.93019,-0.8188689,-1.2331077,-1.3412193,-1.7053567,2.274873383370373
-1.6874502,1.3631018,1.6648515,1.6843024,1.6203177,1.0763257,1.4442959,2.203726295526122
1.8487642,1.4144294,1.6556554,1.7897772,1.7303282,2.0662076,1.5220802,2.0300732307125178
1.80593,1.3401918,1.6215364,1.7897772,1.6203177,1.7849941,1.2773433,2.1578796743891537
1.80593,1.3401918,1.6215364,1.7897772,1.6203177,2.0656881,1.2336102,2.0676658819742486
1.80593,1.2490126,1.5353557,1.702469,1.6203177,1.9257609,1.5187323,2.4060118934124675
1.7116747,1.3401918,1.6739905,1.7455888,1.5463663,2.0540063,1.2773433,2.120310642636462
1.5031366,1.3708962,1.5353557,1.6504941,1.6392506,1.8394368,1.2773433,2.0
