6,13,42,69,420,1234567890,473129,Rh (10_1000 nm) (highest intensity)
108.62338865830694,116.3181110145557,112.52502230304145,111.67980124433062,98.87041866142904,99.88285177020234,98.40126779689099,35.9
79.9136857636474,80.2575027154484,81.63832222946158,94.46259917078861,103.23138131051901,99.97896197815648,98.43421021269432,19.8
96.68383506751361,90.59687986896549,76.18778920671524,76.81390683001062,86.16621921832581,78.82018665327062,78.06080256634993,33.7
110.4481109816185,150.29525679844994,103.52236544851534,100.12528825182656,89.51890727512009,115.6127001220759,112.93042107858093,120.558
110.02000827618896,110.75723892249513,110.77179824148655,97.56644717520854,89.92789566874048,108.50615992506869,113.40993142955841,171.514
169.1246926029723,191.7731726765967,133.11180829930922,161.24319267744926,194.02844001863045,148.6035945193496,181.10163672992184,187.004
202.15339228847148,211.7210314964703,200.9207716454701,155.03011966054203,155.89797386268526,159.75041175105417,148.02707429028945,227.238
176.5650482803439,188.26687851776862,152.41798278722942,174.5018044165145,171.65559476776096,176.18500347103108,185.1526006945823,747.254
175.57589680109444,187.11448657825648,205.70919781875486,195.12640750321896,191.2561997072798,184.83677602597976,152.42349226921894,970.424
177.14522386428584,188.26687851776862,152.44659076034475,197.613082284774,191.96525489993402,172.77769938107127,152.35179620689416,838.0
209.50843909580587,189.728753156439,152.722400424357,177.31224989026074,211.95148096757288,177.34937841703382,153.0070697509463,149.529
209.50843909580587,188.27232364154463,152.34066495006175,176.329826746222,192.82859671633352,174.28016823129593,152.58796078560405,781.0
175.25689600678234,188.60593593926131,152.29442143469996,208.36867089432832,175.19673681000543,186.21637404156218,185.50648125718402,779.484
209.50843909580587,187.65736020725788,207.3814024935956,194.57962125300824,202.169068082881,185.72731174039146,152.07640054095165,989.039
175.27239810266215,199.71433873856142,208.04544995826365,208.26568997560344,202.169068082881,177.1385571053878,220.76880185894555,382.0
171.90577332319253,199.71433873856142,208.04544995826365,208.26568997560344,209.44212859001962,177.1385571053878,151.71711874069894,492.971
205.20904472386889,190.33626164747315,151.18168048221938,175.4587087522758,173.9375387097571,185.72731174039146,218.84595196398854,255.0
171.90577332319253,190.33626164747315,208.04544995826365,209.6924314725461,192.3661246520645,173.75524761161057,151.71711874069894,201.522
180.346384226042,164.77124529792852,185.14353423205182,155.03011966054203,186.44186672085712,159.75041175105417,173.31750297544792,226.0
180.969488243771,176.71338756713905,187.26409832650796,156.57309181119604,201.1312097011312,174.62068914003015,147.95744618909555,224.0
202.15339228847148,167.05069967433508,189.5506712191975,176.14512703479764,158.9864792681265,168.55477416963097,201.9222876844113,216.0
202.15339228847148,193.06393682854497,189.04296692743034,175.14495829607003,195.8938944203237,173.87506991568245,200.01288659266297,211.0
189.58056741987212,216.96299476353957,188.47919856577917,173.389956446541,157.97183161831924,165.2427176566999,199.62834034034051,191.0
171.0955063173437,182.44276233704315,185.7083760158118,155.99800223326798,197.65243965387722,165.1508335965787,173.7035233153264,154.0
171.0955063173437,174.78409188083563,146.60387922644927,192.60935095169634,197.65243965387722,181.23705458083234,193.46670208700795,98.0
202.15339228847148,190.61789208773064,203.2170780245026,183.79195268503165,184.58325583091352,170.02953086191403,147.32444186923507,50.0
202.15339228847148,216.96299476353957,203.2170780245026,204.1401498191897,197.65243965387722,181.23705458083234,201.14487036871213,24.0
118.04407281772856,132.38602680272135,112.70950657464348,119.90327067071576,123.57130366099612,122.64492815321215,115.55024446635268,78.366
118.04407281772856,103.47624059454239,138.7630759051733,118.75555118708489,123.7115650408356,128.751155593901,115.55024446635268,57.544
118.04407281772856,103.47624059454239,116.64337223231571,118.75555118708489,118.11810358850464,118.97244479772192,109.7550487070428,459.196
110.14901012515169,117.31217119854313,116.64337223231571,120.98999915575574,127.41434091880402,114.1625414644062,109.7550487070428,272.627
110.14901012515169,103.47624059454239,112.70950657464348,119.90327067071576,118.11810358850464,94.55107263304245,134.77127199892277,287.654
118.04407281772856,103.47624059454239,116.18730881653768,122.27482733895675,111.02268244016108,94.55107263304245,115.55024446635268,713.87
38.160939050028034,43.45733065150263,37.942668410626524,42.02088899032439,35.86548337719723,36.702352440496476,36.82773323417146,25.05
38.160939050028034,36.11205253805198,36.625514491418016,36.164548103557514,35.86548337719723,38.87481040045426,36.4022217959875,32.1
35.515198992287885,37.72355472149333,37.942668410626524,36.164548103557514,44.44859784327063,39.49380285354442,37.03202031388352,38.17
36.93527779250578,35.92776672611598,38.61474422399346,36.164548103557514,36.95960503671655,38.87481040045426,36.4022217959875,39.37
37.31200835302062,43.45733065150263,36.625514491418016,42.02088899032439,36.95960503671655,39.49380285354442,38.57031315636785,31.789
39.352149047004204,37.72355472149333,38.61474422399346,36.541931220298665,33.54531392970014,36.74737075182175,36.82773323417146,53.621
39.75310998073833,43.47910695870672,38.19120887997929,36.94726338592815,37.15020280252782,39.49333597588984,38.33234445634776,30.17
38.67606013362012,36.15783442171166,39.06715846608924,36.94726338592815,33.776348291800936,36.84400841336583,37.11771522726613,31.07
38.00345946213055,35.966275005650886,39.06715846608924,38.593833545280084,44.84409153279108,36.84400841336583,37.1596368593484,32.0
36.93527779250578,35.966275005650886,35.61900718025406,35.74796694955516,36.04600119837939,38.22977012250913,37.1596368593484,44.2
39.75310998073833,35.966275005650886,37.55345804018901,35.74796694955516,36.04600119837939,36.75008731828283,37.1596368593484,67.768
38.00345946213055,35.966275005650886,39.06715846608924,35.74796694955516,44.84409153279108,36.75008731828283,38.7819764521127,28.387
38.88023618459299,36.859277795035624,37.323409280865555,36.93806426969164,39.73145942659486,36.95806349749031,37.77289254580196,30.84
39.33066700779966,36.294233560717984,38.76340153733547,36.93806426969164,39.73145942659486,39.23218522550409,37.149254131935486,44.98
35.91235573220884,38.23069471812778,39.078400762744145,42.90608288968013,45.446694158133944,38.91766116601336,37.12017511143505,43.59
35.91235573220884,36.294233560717984,36.02605419425116,42.90608288968013,37.575528087585134,38.91766116601336,37.12017511143505,44.98
37.75319028536233,38.23069471812778,37.323409280865555,37.226445123632786,34.06872656836998,37.38245886007635,37.77289254580196,51.35
40.25930164417216,38.550299162338256,39.19746912019815,38.96915539769081,37.575528087585134,36.95806349749031,37.12017511143505,36.169
48.92948437356891,43.991920062266566,39.367670673510226,46.72902042715407,52.77806683694585,43.08309584740778,42.185482775381494,33.34
48.92948437356891,43.991920062266566,39.367670673510226,46.72902042715407,44.09690044879113,41.667670668905856,40.64507108705881,48.49
42.02239976424074,51.04228327739782,45.61512220653427,42.093489540908394,44.09690044879113,43.08309584740778,43.57508588303273,49.89
46.95555173217096,40.09645527553894,45.61512220653427,42.093489540908394,36.26532870899731,44.79950642426661,44.28910411457554,51.4
44.174242564259636,39.47638118022849,39.367670673510226,47.204297312676076,52.77806683694585,44.531524154739195,43.26790080012607,51.35
48.92948437356891,45.07079341379068,39.367670673510226,41.85931204534939,44.09690044879113,43.08309584740778,43.26790080012607,74.97
43.68104850582437,47.58572319847985,42.408504861315514,48.51377401539812,43.65684441968853,41.67711044242235,40.24158034596447,24.406
48.06313435470111,47.58572319847985,37.73956805854538,48.265579219975926,38.314501102584714,41.93915132432841,42.00450763761573,14.622
48.06313435470111,41.14079646337053,42.34479268391214,48.265579219975926,50.62453942259238,41.93915132432841,37.92641488678887,15.95
48.06313435470111,38.949293714624865,40.20792471978513,42.040975074697094,50.62453942259238,41.50934841128606,42.5479341709714,28.052
37.97783782068798,47.58572319847985,39.75620921263988,42.040975074697094,43.65684441968853,38.31543604491202,42.5479341709714,13.085
39.09126003476468,38.19085981235457,40.20792471978513,42.040975074697094,50.62453942259238,44.055809909754174,42.5479341709714,22.909
48.06313435470111,38.949293714624865,42.34479268391214,48.265579219975926,50.62453942259238,44.055809909754174,37.92113168511502,15.323
48.06313435470111,47.58572319847985,40.14084900017793,37.55784649814597,50.62453942259238,38.91759702673129,37.92641488678887,22.31
143.30715339331098,121.25917134696589,133.22886398073078,138.29611052529995,154.28711242465488,127.83165333208468,122.4232510348606,281.407
135.25798260451535,145.4210002313101,133.22886398073078,125.71075092707378,125.32394645965007,120.9423510763431,121.47559076688991,285.122
126.50748831050198,131.30472457691008,145.5439346723652,139.99211135019806,126.9129824408486,129.60544075672408,122.59036677838921,492.619
143.30715339331098,121.59811377426033,129.19007125214387,126.31546873572017,125.32394645965007,135.22490603994075,121.73372693953208,500.366
126.50748831050198,121.59811377426033,129.19007125214387,143.15682177219207,126.9129824408486,127.94049901161644,148.43264822737888,370.256
141.32118218651453,124.44654613979938,140.48595876095433,131.81244721621454,138.05130236164314,121.08629051846172,147.2311355621677,365.174
128.4863686663884,123.411936019911,134.89234769852536,140.0268575584382,134.84554128240728,132.2031984688757,123.34286002173886,119.231
88.52644266357791,109.58389372971648,79.70964747731608,75.82177282096879,67.40540947561841,78.56327753207614,87.0139517826521,114.65
69.66307402004493,72.42527488822236,77.11397907011379,69.23612298294852,89.42455308458398,61.08978154340819,64.7103206860895,381.814
88.52644266357791,110.96430101336539,79.23517187227885,103.84486145389357,88.7763872086656,78.6701507460346,93.84863522048565,20.99
84.8617738329082,75.78822942238929,89.48794381831647,79.6560521470479,84.16198608986882,83.13977152768642,90.63829745250193,11.97
87.13388234752819,73.00447512519817,62.96759394302053,84.07077807058386,76.6477877232801,77.3263031410675,83.88995873397148,17.42
86.99330867405716,86.05354792172507,77.00532595618306,80.42564725014425,73.51894697890647,84.57697472716167,76.95842041304931,13.81
85.7012797821203,74.32746849338335,107.29770355750819,82.51783803378987,69.06994643461499,90.64257404292212,74.38508101715938,54.429
74.71543200081646,72.89186600821935,107.29770355750819,77.5681932530952,90.04379135477205,72.28644730012789,95.11345622585532,11.41
134.23747824915787,117.7122285948635,121.50639040266154,119.36493296347138,105.0199750067697,112.85284764634369,135.83120565466538,143.268
115.32093869006499,107.77203316399198,112.80472923006278,117.38676339307236,105.0199750067697,118.62849022183629,111.1923820757272,217.305
76.80032435579487,82.59261531859484,90.45649784956464,84.45609041895929,66.18042570812615,76.12298579498047,75.03478722265739,150.0
86.34807427314844,98.45660404473752,93.69386990416642,103.55960933178595,77.38721453589127,81.52836709113213,115.69823071445644,250.0
87.33428155820194,89.3811118718386,91.21821964392024,106.8865854598632,97.56426839523328,83.24357693520449,117.14632924175531,400.0
81.57817895371917,80.76274148680795,92.22452758339492,67.42786866028926,83.4562803614822,88.14063117497041,77.37092375281264,108.0
75.84441638977395,85.79395590870367,77.32820510207955,66.85754738790533,66.08892623887023,74.54297254056952,77.61454089880424,134.0
99.9208582452064,82.48115965825733,71.42708432189542,83.6772058060269,98.13818251723173,74.75058336929817,86.2852363605576,138.0
86.34807427314844,102.44817469627989,93.60161928250527,79.73642821978943,109.9130562228502,91.65315398965437,104.44216394748426,154.0
86.34807427314844,98.45660404473752,98.65765154281377,104.97056105226085,94.85289135683294,81.47565950333431,90.04625110438893,157.0
109.7710807238012,92.49004735989979,98.79996127165492,79.8397716025937,94.85289135683294,81.52836709113213,90.36084567141152,189.0
72.55321080485166,69.60213169958128,68.97504968940628,66.05740616586553,61.46865535743106,67.42668776334507,80.63651985546643,442.0
92.2073687780568,82.2994990962311,90.0920302038086,101.08249060365816,86.30872933576414,88.72176484551944,102.3820013425588,152.0
81.02583496165991,97.87217931520992,69.03398886967906,81.23349954813696,86.85928485861862,82.70456114481128,84.91924847573345,175.0
79.78009646306029,92.5728874966841,68.95542242582142,87.14527194548882,83.73838897414062,80.11236412325965,93.76595809251063,233.0
91.32220719908184,88.78542890088234,83.5308621459607,104.07807761421246,99.72639117453706,94.25806461410093,111.20194974671608,316.0
67.20808885370936,86.10252213253388,66.66618485510857,73.34215313349722,69.85589843432454,83.05931642893498,71.96451227665379,142.0
65.15699723871728,72.54624461023874,64.87481028233537,75.2497934230587,71.95134554111866,79.8223226818193,87.7355238071963,192.0
73.33025641046423,79.51134593026292,69.12724426635046,83.78522864763785,74.89847094267905,71.20759265351903,65.04113219090576,231.0
92.75662305985693,109.12526793150433,87.67336795408114,103.78734748095941,93.23981773615876,100.13395161400373,100.30840040156879,75.482
83.52831409772195,81.80861531710305,63.98137670542797,77.78938846437269,87.42336528812027,80.43427385586439,76.008487446057,120.031
95.95908047471643,83.16957456984494,82.9740593035966,77.6193686103656,80.73332225493688,78.5472104598044,87.53845798606545,93.303
67.19103273204139,82.44766768907098,59.28870240184261,75.97509942883177,71.47863951533657,77.67149052329462,61.884504775056705,51.008
57.40239823219245,74.81743328868527,71.8325065559346,67.52899131726042,75.24405933181423,68.59508383598866,70.45433093110402,24.99
72.79725948849018,69.73377402773096,66.53120837676178,54.52100132599606,67.39779660638035,67.58753751849488,72.96348939309212,48.77
50.01152218136325,69.81200286646171,75.72229515336853,92.26444955916811,100.32349147313066,99.29521809672696,72.25160533493721,53.85
51.757846478878974,72.66867529381298,77.52097164260458,66.27186363767494,75.30857296699818,83.17866162379461,70.7868749243682,548.755
55.10784629762785,73.89455743183828,86.53627160620738,75.11729500244915,73.75500693464988,71.46133827516748,80.11464497587235,483.919
68.65779875342581,57.14777169297799,61.61738170329377,58.731819538162874,55.648612974020224,49.489780778907964,62.87424790480314,12.2
68.14705450335663,66.51603705295395,67.27757196496844,64.80962681847477,67.31796834126462,57.48587295603189,67.70856221534905,10.9
85.8083029729199,77.1477583959181,81.69607680401728,75.74465965175885,70.95642738022235,83.24235258647671,89.4452173882616,10.5
67.79038206345359,46.59252383567835,51.64527057696324,53.88140209417177,50.47651182648888,61.5427230774694,55.79699097303304,296.793
60.08626963473337,62.22781457934185,60.87289717771413,64.4865084880172,61.26927056024531,64.69181095683449,70.9849938379317,189.9
83.20097787202504,54.6283552164519,70.29475619350654,68.85031051412234,76.69765969953066,92.57965945149293,76.75916140727351,245.251
56.364815133471936,48.93574142633651,54.99755683602441,64.08009904888868,54.434800206297936,62.11374123145565,64.64105313073144,290.916
42.2365716062553,44.27111824520717,43.60306176007107,61.14303422359116,60.10803162424158,49.40311702273039,53.832770075920195,102.848
42.04868425186931,46.54573974324944,50.148278039221495,47.83287867361927,51.11179714477363,55.911116866455835,62.87193901033823,266.845
85.66827007387273,71.52111647347999,102.16549570819528,64.96395960303938,86.37198628901089,71.35281437272863,68.97893838080388,84.495
48.65468574796383,52.61452867822151,61.49139562651062,52.880854046070176,45.16966933869135,56.45660759431287,69.07019974841708,82.155
49.942588375700545,40.86898994388633,52.3142093602751,41.09011452581568,43.2636112225772,44.99000624388778,48.457295741346066,10.0
38.388696183211984,44.97652142545328,51.64549996815101,45.815866398498954,44.1147484692496,37.371697058552485,48.143224914682335,11.5
38.190013820243905,41.734456511657484,49.836915161067935,43.48294051063411,37.392216969291745,41.66829613996071,35.09048924391828,10.5
44.85542283871889,45.3687291914342,41.05488004647568,37.990348682523184,42.76272328223355,43.74002935571835,46.78440617581767,12.5
38.70251456736599,50.4454516013023,43.60095605437843,51.99030200936099,44.11946204060558,47.24620866090954,47.0663068983716,11.8
42.441297106060134,42.80195067038445,48.72125144579201,52.24617914676666,43.56202295981773,46.87334259675176,45.86503413250289,11.9
42.441297106060134,42.80195067038445,38.27708062034246,39.18010223177634,43.886558867725206,46.87334259675176,48.09774278844057,94.539
38.70251456736599,35.68038164177834,34.154324567713886,37.044028346285394,38.90519022906744,41.42981800430758,47.0663068983716,725.19
37.029962765534805,37.44557024895198,41.76400727484247,48.72583644394874,38.10480724925057,37.307402115915906,36.48691148882769,186.161
36.66607600449809,44.99859940218979,33.659099707365016,42.137284312017755,41.35500966630584,40.7836912908391,35.40350241448078,55.942
38.190013820243905,44.970929042502824,44.1853137402673,37.91047190666973,41.640336668810065,42.68249828597411,39.04838109477435,47.836
43.50917765013639,44.03299575962712,43.769353775963054,43.48294051063411,40.31461826840803,41.66829613996071,46.03613886052291,11.886
98.56807654147312,108.50468870549139,100.27879658077214,98.03130360396759,110.03973348230849,105.27402115401227,116.46450434284678,42.9
116.38794603230026,115.10879100452638,113.19573786282389,116.61959531193138,127.98024683254783,128.059224589009,121.24666210807094,89.0
121.11966308984582,114.77989919102676,130.35733870699843,121.4657119717223,122.30321142819723,125.083149048244,135.36209551112833,99.0
81.99617784475129,74.15299462613379,80.13101273543684,83.6323843440964,79.77402862113848,77.7847777708107,80.38814057907808,104.405
69.93258993419357,74.15299462613379,80.13101273543684,83.6323843440964,80.04395787786278,74.87126650180267,73.80663007957831,87.5
87.78743050808706,81.21661514427076,81.71570783238742,87.39131694418657,86.89278576411081,79.56347438179709,78.76295351160928,60.715
72.0405707331747,80.1488765447496,80.13101273543684,83.6323843440964,71.86342116429414,85.18982569575961,75.0293633209776,49.165
98.9008155649056,110.93464280139855,94.05302304325679,97.21823444176933,104.30276860471042,97.41077193449827,111.71635042897013,11.0
65.25246945327868,50.389319152319466,56.66894253562071,57.4388056843789,60.60503087455426,59.14490604808447,56.94085912696095,92.698
78.3335233046757,89.43648149461082,76.43821500499527,70.68537734722894,58.395157652975634,78.2413427411877,94.35666397855574,11.069
89.33800831922464,82.354136377547,71.29243831232102,87.50186091214714,83.02149687305855,71.57980809971794,94.95413064974802,10.17328
54.85841907439977,82.354136377547,62.51196883167786,87.50186091214714,68.02111759884451,84.91931838839011,94.95413064974802,10.17328
92.99408984646823,77.56540265264572,82.6834919251101,90.09114804610648,77.88670949761068,83.31233338905923,83.80789010532433,11.75596
96.71678373852069,89.75928603669071,86.72448430035104,86.26467967394429,91.01234411308165,75.32476353782222,72.20478122608596,12.57501
55.19941094854452,66.36251758680858,55.98461063782588,69.04177478247628,53.595625204595706,62.16590466510817,57.507215139302424,12.25983
59.88109737765767,46.965124555566916,61.45207634551813,58.160226408455294,56.68805665650985,53.757742995911826,57.26621543220555,16.25142
64.50366635775829,48.003017580743204,65.50504132454678,50.881721324978805,51.88201748902339,62.37425785838122,60.70759050275334,17.61427
84.11380725782735,59.838459941778034,61.37032032787089,68.19834872887195,115.38826076998559,73.05511230394816,56.18042839560926,248.327
88.3901025510321,111.78900591834078,78.78898381471741,84.98149598943822,115.38826076998559,72.69247609181956,79.92945333528404,55.504
82.0463492408526,109.47818617191969,83.23618339591849,84.20135003430678,113.81456669804608,79.03019937570177,79.35157702650197,27.177
55.76167401168438,61.06378997375749,66.35701828209733,52.87038365712029,53.11184685934386,55.0038153502486,45.67315335379232,254.612
62.31767306689312,74.05887622406067,66.7212942935128,70.07375382473751,94.10332883997052,64.20093209455706,71.07397424250621,13.681
70.67292403462689,69.55628621826553,69.89224626016544,70.30978864653767,94.12844002358814,73.64865112990091,69.1693732004861,12.294
63.97741950913356,59.70884141126046,70.57176419867749,69.50106121913694,76.40173472482311,73.8551908530436,84.0591875019652,22.953
68.84612326544577,59.838459941778034,61.37032032787089,74.184249037099,79.70468030531613,72.69247609181956,56.18042839560926,864.446
84.11380725782735,72.75929565999226,61.37032032787089,74.184249037099,62.85896245039173,79.10061270208251,56.18042839560926,175.349
84.11380725782735,111.78900591834078,84.0073795918084,93.558381662554,115.38826076998559,72.69247609181956,86.68391324052808,18.359
84.11380725782735,59.838459941778034,84.0073795918084,76.97631450809514,79.59227461221572,72.69247609181956,79.92945333528404,180.32
68.84612326544577,72.75929565999226,61.37032032787089,76.97631450809514,62.85896245039173,72.69247609181956,93.40022405379513,88.607
84.11380725782735,59.838459941778034,84.31831399992016,74.184249037099,115.38826076998559,87.3996531170678,81.55047311736354,50.159
88.3901025510321,72.75929565999226,78.78898381471741,68.19834872887195,72.10285095445072,79.10061270208251,86.68391324052808,125.188
84.88847433221473,128.7072641031813,90.26958693161669,75.2207623893217,126.78334474533114,99.30815262800623,89.65648412090978,86.134
88.10225990881943,73.95418158801021,94.0608174169253,91.1060733139582,83.42479881123445,96.1791566416963,91.86202405492318,100.274
96.4650746547306,128.03407256647333,99.42577764490134,75.5958260115367,74.1080583888346,96.29362418782256,114.91578059487655,51.558
98.1349124986072,84.24781382445053,91.03206046491306,104.50826673292846,77.67116914453675,96.29362418782256,92.97461314324877,65.939
76.02749574126634,78.56341288190362,82.27959585105764,78.34410093131262,82.27240957978553,86.65792184418214,84.72626997414936,300.0
110.3394879803415,78.78289844121126,95.07993125475497,88.70212378950839,99.99440119822711,88.45256218972119,97.10064199600154,85.0
88.62193478299127,85.23515429166515,98.64315793945,100.19683968256189,99.81926416773702,88.24976626509033,98.0461277846341,50.0
100.72081809839045,97.09404935241068,83.30719344357396,100.1271228132374,96.26726794418339,87.34844001599906,84.46888567660855,35.0
62.282628588301904,64.77688187223521,66.40377228314168,66.37444986845652,59.30449532613524,62.36630563595535,54.85694199658013,17.0
64.00258199710376,69.48973453870951,95.91079273467389,71.21490412472815,76.75683745931303,84.79594939166478,77.3225774706175,12.478
61.22112576236732,56.13149150443709,60.93125683995537,70.69269494394699,62.59780949242788,50.72015068572819,73.68283456320668,211.601
68.80882524408119,63.30293622613721,59.985570966839674,59.69975553150871,49.65493616038945,55.38790196660071,68.41871658376776,874.847
71.68221895484577,76.7052726981591,68.95766557287992,77.1345391644788,49.837926878438566,60.057573319966586,72.81329879435809,741.631
82.40009229395466,93.33720673375069,80.43216687303395,82.25010510171239,79.25968791160676,73.27229985295067,80.16922583889242,21.3
58.41637714399738,62.90563536430677,62.291158745659274,56.524124663560926,60.778667937309315,63.10746872214936,65.42486070185895,19.6
63.07207038638103,56.863610782843104,82.7107808139334,73.56537900837719,71.80995927079825,59.543891626074334,51.46714491088066,10.965
60.26940666243729,53.734337617011214,54.792902245296624,54.10546690694232,48.160222370603755,52.568569663803586,51.46714491088066,305.642
54.54358702617504,62.417357671871734,58.91072453245131,60.97349348768306,48.160222370603755,52.568569663803586,51.46714491088066,287.206
68.82571361621089,56.863610782843104,54.792902245296624,51.64507187582245,68.48853662344447,59.543891626074334,61.89191981172055,492.344
72.3864936162697,75.87134898160916,83.84717887407571,75.26884213757953,77.45311394628064,73.13738900074672,95.68377782338058,460.644
126.29316332497442,106.0622598217316,109.17273302108433,94.38623792130034,91.0253285484808,115.65322845365512,89.65320276149808,71.889
122.7947347133185,109.39115907522408,101.0876250552507,129.84121376404582,101.0435806152249,106.19495261356941,117.15241530739216,70.0787402
92.60616786111405,99.51873116434587,118.34775514843108,106.28667119301322,122.35643323245739,115.09585691215119,115.30138581597257,60.6299213
121.17437629114934,122.5642685946851,108.27886843039454,130.4752570875383,113.2569537168196,105.05656328207633,101.50879748814513,60.6299213
107.30784200504583,99.05895969361343,107.22373207618945,107.011208307317,113.43136534117403,117.35454489695782,99.60409720170819,61.4173228
96.11528245464918,103.20417594605718,81.41920073069444,77.63237261288427,84.10157047153453,90.2166037806253,69.67886636811711,61.4173228
112.86841531162294,98.08114663924175,100.52108892953204,106.72781511503553,105.3808407392636,109.65567377950718,106.00359963313797,180.314961
108.21067149157226,108.10984299213561,118.60736042060344,112.9270261280576,114.66378261788866,106.9257566909168,113.17641225508012,220.866142
115.15967108938693,119.49190722388474,114.19955643779276,116.39886071913608,114.57064274970647,110.56711338780076,121.31048390918043,215.748031
92.66862030948906,97.6895414430141,103.93944987563346,108.29247811578833,100.58222572600131,104.45999004984715,115.22775164236455,230.314961
61.42259108718405,64.27166627664299,56.47305429240415,62.93624240624801,55.26121706660478,62.85453483314933,72.96569108016297,18.82
72.66335717876608,84.04458246601013,74.22508527914896,66.81604249648792,68.90866147078376,70.22594288179324,69.19789956689398,99.559
57.61402138218916,61.43791736392282,74.19897620865498,65.01459995522157,60.10555086268143,69.60438440590069,71.70302937835197,86.31
75.39283959506228,81.74850555783122,88.75038634443641,84.13980466215155,76.58337101162925,77.90203668934033,65.39754434296692,17.783
58.00646956236029,53.77135267798975,56.542635840087065,74.37461218058303,62.81275779449987,70.3932058556031,64.17101669628256,191.5
65.07221990157446,67.25971346813533,73.82488516986146,74.62196448053352,63.069290759021314,61.89349872970154,69.38802816631141,36.517
52.3025036074703,67.93130196294909,64.60966275534817,58.73708481854874,68.06946317867775,63.17054002789303,53.722594956956605,31.623
52.39420867481728,71.2215733105768,52.97479579026595,78.99183273181855,56.05801573729065,74.0126487855924,57.049227744732484,732.105
58.475003699200876,59.92375674373905,59.39416680699566,70.93961816809008,63.357593622764625,76.56323948904274,64.73564736740579,182.2
87.92217562226416,83.63907777722105,87.00224859927329,85.57174726224873,80.47413978732456,81.66464582543149,103.61133788009475,11.568
87.92217562226416,59.92375674373905,59.39416680699566,70.93961816809008,74.33263783557194,76.56323948904274,86.72673886943907,124.094
84.82194356585107,105.22112002749321,93.58454360459895,77.97025010703811,82.00280005326366,81.09758670457055,87.74428591841512,16.973
86.1487620815945,60.236722006379026,60.17774152891786,71.02640836923726,76.52886778094461,80.20975993625244,59.85257969463456,181.161
71.72786297321393,103.69122682440735,93.92936086295357,71.0780247003306,63.820174174393244,83.27967472750687,87.9110539993199,115.471
82.01446718003609,71.2215733105768,77.75729961336903,68.69267435656715,71.74417827829936,69.57109120356121,92.25911200215823,20.71
81.55862306674038,69.60621273738361,67.83549253690943,76.3899189046891,64.14155605063051,69.45286751161485,65.07221365217693,63.0
64.00882246221839,73.27053022044541,68.58698342495059,74.77231907358806,75.08051831399017,68.17266716673282,79.20196995019566,98.0
64.34959094305323,71.13638052690995,65.12100043482535,64.03519615057397,61.98918899162385,55.14546763603547,58.79708140355278,132.0
50.87591585923919,44.265359153623706,50.094805336509296,49.068817109495335,64.85266993237434,53.877161972611994,45.670236671837074,19.3
64.27664517969707,56.889646216551284,53.62145501284689,59.75842915782492,57.9084358957318,53.522175617977396,56.65193550356519,12.5
49.55797728022372,57.62613051027348,56.96379456222783,52.337413994308854,76.68304593900669,63.24368260478337,69.07624301694754,11.4
111.7718440748461,107.48500274212135,97.6204408872664,98.80737062076402,107.99372116383606,106.87650488396342,88.13458378697574,223.69
111.7718440748461,117.12854590903932,97.6204408872664,120.51705907652546,109.28603888224157,106.87650488396342,88.13458378697574,150.37
113.01836164285197,110.11787118811466,116.30143699688553,110.18968557520022,109.28603888224157,109.88847032052284,125.95947136062149,86.05
111.7718440748461,107.98357993100282,114.13459899214534,120.51705907652546,110.46640104394345,120.0822934328904,112.60091308925666,65.79
118.27479549909096,112.61411285298614,97.6204408872664,98.80737062076402,118.42512440286716,120.0822934328904,120.13821649726293,41.03
113.01836164285197,107.98357993100282,97.6204408872664,98.80737062076402,106.25947581154661,106.87650488396342,88.13458378697574,184.183
111.02607953013785,110.11787118811466,116.15724412352533,105.78165573350613,106.25947581154661,107.57390792042374,88.13458378697574,185.724
111.7718440748461,110.11787118811466,97.6204408872664,105.78165573350613,109.28603888224157,120.0822934328904,88.13458378697574,201.798
113.01836164285197,112.61411285298614,105.46630538592275,110.18968557520022,109.28603888224157,108.87005369330171,125.95947136062149,139.522
110.29555963115818,117.12854590903932,116.15724412352533,98.80737062076402,118.42512440286716,107.57390792042374,120.13821649726293,111.392
111.7718440748461,107.48500274212135,105.46630538592275,110.18968557520022,107.99372116383606,108.87005369330171,125.95947136062149,86.056
110.29555963115818,107.98357993100282,114.13459899214534,105.78165573350613,110.46640104394345,106.87650488396342,125.95947136062149,61.601
114.8101780983991,107.76455704459012,102.66737826562493,116.20217065601948,105.3987576685289,104.8689557561594,90.19735640564814,72.459
114.8101780983991,104.75446135012825,114.1182933228604,117.98109154274017,103.83074731481885,103.38960692137115,90.19735640564814,71.0
110.9275285131427,110.22039455566903,98.18890107346583,113.88065347026354,104.4697858921139,102.63290512077897,107.2881727504845,152.809
110.01038662684682,105.28274934177132,102.00177524458785,120.73741111561196,104.55941967098505,116.80072348525835,106.41035051547699,64.777
114.31520597485762,115.09506577201614,101.78183381734269,109.17336884438544,106.9026521967768,109.65228486398097,111.32598228840347,440.764
114.31520597485762,116.79861465105625,122.81954954761666,101.35285337209005,106.9026521967768,120.43732976902427,130.7777338415413,98.712
115.55070954670029,104.9868014226338,106.93619094488373,100.83119138427338,107.74110962891788,107.96356295305665,103.35907930269,880.214
124.64061759218504,104.9868014226338,106.93619094488373,123.04910118792434,121.75756796756968,119.11379023271849,108.87564172597078,169.744
107.50381556219519,138.90237261936696,94.31914193219103,130.35316714002695,113.04802921560022,131.0711421089697,127.94860226717383,172.368
109.11669171789343,152.21401171245716,94.554747212408,155.120265437282,144.76523470130377,141.82412072327986,139.10771670006193,192.88
109.11669171789343,159.70605794839972,145.64571918020692,129.92674777142543,115.36404152093982,134.53996943754643,128.38339620567504,144.597
94.30589090644071,103.41373829867389,84.77233128931928,78.71898318817775,88.7097195777878,76.16208084790996,83.95323158332089,302.052
116.43057100472001,106.35326332603884,116.3020202662151,116.7087603113501,106.44384979546311,117.62956136774811,108.20031183309287,189.641
126.892094704242,123.18664876790686,108.92332954359082,109.97791651859329,115.15281098438986,117.72222324345866,121.5199704772983,14.2
120.73970669233934,106.92775165861215,109.99763410659159,96.46216726872268,102.9616275478079,91.87874618894426,113.30082134211762,10.5
90.56821668605288,84.06458130921928,95.7093515585886,94.54613864653793,90.2010773003503,90.94357227102067,90.93351943634062,54.25
106.17507147956792,91.52085493486358,109.80956150290494,106.37995827400978,109.19314220204635,110.10605798808469,99.66010089449273,51.85
100.36890177802233,107.59013464567539,109.94399241429942,104.68487643659935,114.36584315973778,110.89505886133657,114.88910299269443,55.78
100.36890177802233,109.40654952726433,108.089455754548,96.54725321037911,108.4868522214254,95.84049569816007,114.85678596503575,52.29
80.55339659330113,84.53537932698465,94.86643615670053,91.72944585753045,90.57980066511773,94.56755661693289,93.4608605169587,109.55
95.50864516921068,84.53537932698465,96.41998590866343,90.27445523312356,90.57980066511773,90.64704640852977,94.70163565309943,140.3
90.56821668605288,84.53537932698465,95.66011708960478,95.15762518147955,90.57980066511773,85.89459533284919,88.67603033822154,167.76
95.85291598026572,82.94522284803485,78.37401766990844,85.118115510873,98.06422469132565,90.64704640852977,87.07891656228729,171.64
80.55339659330113,82.94522284803485,78.37401766990844,90.27445523312356,89.89604485301814,97.64492240313112,91.50031459563868,177.31
80.55339659330113,82.94522284803485,96.23396073447576,85.118115510873,98.06422469132565,90.05057279427781,94.70163565309943,175.52
72.57376016674077,67.71572035841595,59.017387965875486,62.841119707338684,58.86712621235536,53.604633482742074,59.67432908954693,158.974
71.81248428667385,73.62956360400342,68.80618436615964,66.55206081907653,60.210250115007625,72.29033339616697,68.56705529286567,155.64
78.53783463993896,74.03631764745553,78.47986656929659,61.295555375686305,82.06428372903487,57.04718836965778,68.08497733040703,106.84
64.30930161594118,65.17160943197604,68.16409499524437,73.60822780484561,72.64599575295227,58.40902599781143,71.04750254901842,209.752
80.15951636086035,70.01852770593158,72.81147343888816,84.05526793037099,70.1081749219963,77.71479978197922,74.05508707789129,208.844
76.4300099197321,78.69767432809938,71.89984927587712,72.45360767438359,72.78952095692458,74.9667418400583,74.60944025417201,158.491
76.4300099197321,69.46006106418277,72.2215170790463,71.09804051290638,71.92011182117145,78.63027204034158,79.60670071787821,143.346
104.90412203677671,103.37428477905884,120.86671957848424,115.05235023052187,126.47177143294003,111.98006100800806,103.95629730145708,93.75
125.31010247726935,103.70118398241405,116.31609549733952,106.13816248560923,105.23297446576075,124.76534569154873,103.95629730145708,89.4231
103.86285518351352,103.37428477905884,116.31609549733952,115.05235023052187,102.93769252994082,102.82088893074652,110.65938807224939,111.0577
125.31010247726935,107.85509139566048,115.61452323572851,110.10669420298056,126.47177143294003,124.76534569154873,112.52059878496958,109.6154
107.38852207264794,106.64802336526245,95.73669506433538,106.13816248560923,102.93769252994082,102.82088893074652,109.15052894490103,250.96155
106.74414416056365,118.10108872606934,89.71673382030575,103.64323098437931,110.10892803988051,96.52449027437652,106.57850317369262,341.8269
98.36527077620903,98.46160308195793,89.71673382030575,106.08528561555391,100.74611542824475,96.52449027437652,100.87488862372584,275.48075
125.31010247726935,121.90229492239446,116.31609549733952,106.13816248560923,126.47177143294003,111.98006100800806,112.52059878496958,108.01
116.65655080976406,129.32532536624745,122.01629246138211,116.95312781564589,113.65739566060178,116.83794045999447,112.44470357130375,114.065
109.70936294158307,110.54239435458523,127.84970934209936,116.9012775387189,105.93198284340146,130.5669000456829,114.97061680149415,111.915
114.76474979237454,114.98218566578545,119.36819006456625,109.16581913943972,117.25748517965606,101.03063713286835,116.61637607871212,20.9
70.73523774865883,70.85617705833076,69.28834573864681,78.1921399450174,59.246019349086744,69.153602904072,73.3475294374262,45.803
79.43115961388087,56.62850493641714,61.32812104253347,81.93441760295924,75.39940049124898,73.70860126164142,65.12179757223355,65.793
79.43115961388087,55.95956135156123,60.80263501248549,57.66994308991696,59.065717819090146,65.85108233875381,70.3467603112297,100.63
92.94302026042494,91.72021739173557,94.6232623551404,90.6715070358537,101.63719840516437,98.97324810967221,103.36372265781263,135.324
117.1495702808847,101.0109098717317,102.20397286892869,109.31466159206674,92.95102859972461,98.97324810967221,103.46709055857973,93.886
98.28120815554914,98.45585386952281,101.87608017642093,86.62674008260092,92.63882961118654,98.63995752434415,93.04764474486556,116.772
97.32988656407151,89.11669646613075,87.14356771024303,87.27793190379414,81.1677645862109,85.89885145955425,99.74171938338269,94.846
67.03742524502923,60.673650875477435,69.37562665695339,72.74343428994709,75.1050473993284,59.44511760571332,74.5336227135324,157.602
74.98967713211643,78.90205013447253,83.65824643819262,76.95693674725504,88.33881268269073,72.18882481089899,72.89357866572871,90.116
67.03742524502923,60.673650875477435,72.97992400045388,58.50957893095496,78.58308606340024,59.44511760571332,76.21693926681066,138.741
85.37149803778105,86.05087135411284,93.63864223767645,94.09929124186729,91.19261459699014,95.11535713302945,96.98930566257864,24.171
40.48643650565342,52.58206963306969,45.00859506974601,48.643124908065,50.30767240819749,45.59010493282492,42.94715708492749,52.306
93.95999858045768,94.51092058936474,94.79305172279062,89.78453108742995,88.45753604372703,96.33378808093012,86.86172015995527,103.966
98.83355595659698,103.05298671950325,102.01982447868528,102.25078590336551,92.39802457702612,109.68580922041485,110.96185700375887,82.97
98.83355595659698,92.25712643056897,104.90179874807508,101.34341406236874,115.6276194582233,96.79269233574581,96.62607521997245,96.936
95.82305716389243,91.77779630034213,108.6051298046237,101.75434867631272,114.31078722962526,93.60750283367572,110.76884134629928,87.0
91.52394532186878,104.77549933557003,101.10633932616571,101.52959639470609,96.53335249456921,95.6159587880585,96.22322213759081,80.428
61.569219496263514,71.78982084603913,68.73009086935761,71.02152685186897,73.33946635765712,54.79055176934515,62.74985191570611,87.485
74.86590315388035,75.33891753471039,67.57954241365607,83.14760634218169,63.938904989055764,66.19120700917027,76.19027596909132,111.454
76.06594176928611,83.1578201168131,68.04478409629975,66.73327213013218,74.33464587459744,81.26502159601209,84.74433963389737,261.274
90.76035193879072,99.28944559206055,104.81041568809863,99.6206391885673,102.05465541221979,99.98813900749205,94.0148440366579,126.08
76.06594176928611,83.1578201168131,85.28654819709999,66.73327213013218,91.08652501244579,77.96747673541165,79.6441184893921,98.571
76.44835975781454,80.71467623976898,65.87474714709211,56.35192178466174,59.857791362672145,55.43485227809907,70.07531025942818,166.08
75.95090458213805,83.10578954955488,93.39465604366819,80.40952121181549,85.19012122498029,79.11081609274312,88.60853650587445,80.33
76.6474180589213,68.68668150017291,68.05773845239523,72.10058465932138,56.852326564360254,66.98886150134626,90.89375101197862,13.26
33.578155242427755,39.43070720713088,38.68850391219779,40.758733029467066,35.11557171905925,41.27170430477134,42.13059546896797,13.79
36.90571316619943,33.91570692746488,37.48926837420197,45.5191339628232,42.213798309520286,40.7169220311054,39.397069171171786,13.01
37.63567209299858,45.44945525141088,40.53140129605239,46.777931401495934,42.09823252565842,37.728763650072885,41.3597036686696,14.2
70.26868278322345,60.88346260877335,60.9899225876371,72.35021222770501,71.62873295762657,74.00639899607692,62.99976578477138,82.75
52.71415115712859,53.10369313499417,53.18827861838951,47.87078671852104,48.2642881895232,45.93519060977495,58.629516284440164,15.2
35.568501351683395,42.42382525959361,34.87781181418111,35.935178138180255,32.96033568430738,40.75340681588075,36.26831531217177,12.09
81.79157590122891,90.36816248009468,67.80247992401925,80.40952121181549,81.17885333995675,74.47800595196651,88.60853650587445,71.5
76.6474180589213,65.2013205218338,48.238803026420335,72.10058465932138,64.40020627648539,64.54549951195573,77.37213216063483,12.65
36.07981265781886,35.851309841757605,40.34864489814765,45.67893765897399,42.007615009106225,41.850525137246464,34.38664621993559,13.2
30.29854938813803,38.35877383397996,35.19926177549263,45.5191339628232,34.59232139409344,38.79403814052402,40.239655984287985,12.16
37.615659287582474,38.315782483467174,40.03437966434949,40.0776496039706,42.09823252565842,43.45413556707436,35.37858169306215,13.35
71.52398535123378,80.03159116074639,79.79397061981471,64.95762335321905,73.78902425019739,76.94864343258007,68.50117738068154,376.66
66.10933226467098,69.47713415250354,72.8979975297576,73.39617429537456,70.52027051617004,71.54398017593503,64.55133485009148,213.12
82.06687291680248,64.99266994483882,69.10349067744883,66.1675685884264,71.62873295762657,71.53698330713564,71.07281659522646,71.62
50.26313380279179,50.19540938983018,51.13896550480087,57.858654958156464,48.2642881895232,57.12172153075714,58.629516284440164,13.87
32.74399478116986,42.42382525959361,36.589157754178345,32.51262586918991,41.09117451649709,39.98215135884516,36.92195541447497,10.72
67.52071917797221,74.21851963412776,70.57228621575723,55.112639118796345,78.06943554152807,67.66636468041698,79.73478545887099,104.56
64.1738984084264,59.473576525903916,68.72132361422484,52.08722667719514,67.18121027328941,56.150194762829756,60.612065814333164,103.51
95.63893977080573,93.94350291537019,103.77718392777498,91.76293856768494,93.80472039634836,95.69733230835557,96.2510026310262,728.17
82.56865506981515,90.69258026497529,70.54369678675934,82.9649811159506,72.45547743689673,76.13377396124125,78.1618452190666,502.01
58.96944616705043,63.55301276506774,65.45645972888761,58.88565987504966,63.04341072123515,69.93019662922921,57.79950001702995,13.29
62.93751441257511,57.38553481872001,52.20566925921284,59.370711337434706,55.28613087739506,57.03987245328587,61.68822632345243,12.86
52.91747688565716,60.19205415995887,67.29236116839546,61.80096113471793,61.75057242085502,72.84416379530269,48.81566495393455,13.29
92.80621682946455,89.2445965471439,98.39526184173164,106.93702394749951,98.78161922698835,103.0028675579245,99.18219120261607,40.56
91.04194036359559,76.65932880485703,74.05133949188004,75.32675628806545,82.15112274869385,90.06563917112764,76.9530828655589,98.37
64.75407160109286,77.67567373838186,75.9627581796535,66.70728193817793,67.31542890246318,62.23620601924345,64.86743404891557,100.52
61.87939455301414,57.083113481010265,48.85676870353567,60.147529783960394,55.55516119280192,59.76405294869855,42.141959399458926,120.05
44.50804560335405,35.97475935053726,38.07097658893299,43.34982943317282,38.52869004001963,40.44934871597945,43.69015180030237,12.85
47.71865641170661,39.45160414618866,39.33988279907748,44.33751663333617,35.11428998477301,43.261569502876846,44.807751446476075,14.11
90.50996032617434,76.1492110830154,82.90498480419855,93.219886751546,88.74907102733435,85.33839146297906,82.34977314614558,13.68
64.20376183190567,71.62560263395653,77.12161408862735,69.32769395627965,68.22214410466695,76.02433006105294,56.23385947996447,90.56
45.5847299501921,58.748618849903615,42.64927477047401,53.27373479143196,53.54226576453824,56.5013751613582,45.680613259113194,17.59
61.00308168061716,55.64673413990703,54.5615083676712,55.49002698845149,50.50782122797008,52.109214521020874,67.79374382482598,13.41
61.00308168061716,58.748618849903615,53.18827861838951,57.858654958156464,54.33461599526414,53.06334862644315,67.79374382482598,11.03
67.65862560511529,66.4357464635355,65.71918386331909,70.96309939332413,56.852326564360254,68.8039100688837,90.89375101197862,12.3
54.23549432224082,68.68668150017291,63.46577230964774,70.96309939332413,64.40020627648539,68.8039100688837,51.28544960297501,163.41
52.83672744125017,55.81798052108219,48.238803026420335,55.05557975928866,56.852326564360254,64.54549951195573,46.20877090975114,174.46
67.65862560511529,65.2013205218338,48.238803026420335,57.38538806145501,55.67076695371889,58.030284047975364,46.20877090975114,288.21
52.83672744125017,55.81798052108219,65.71918386331909,57.38538806145501,56.852326564360254,66.98886150134626,51.28544960297501,370.44
76.6474180589213,66.4357464635355,48.238803026420335,72.10058465932138,55.67076695371889,68.8039100688837,46.20877090975114,188.31
133.88395510300754,137.42252247630614,129.3713690878885,118.4484128728149,123.51062098420921,122.96427363901725,114.99141266878232,241.8
110.14901012515169,132.38602680272135,116.18730881653768,126.93318935975445,111.02268244016108,94.55107263304245,128.47817114040075,107.17
101.63275258732916,114.12919489837793,99.56508761359949,113.51525102012705,99.85942410801036,89.80189733506303,108.97736370467663,143.84
127.2520436854734,101.70981897072244,117.37389376234542,111.64430255974135,113.50068855093163,108.92913210152383,120.87738897823434,116.86
130.18328614561838,103.50039065488762,101.3667342713082,111.64014012645471,113.79911170474267,94.62352281378321,107.03226538086197,254.69
116.7277090693092,117.18895106106174,121.44924600168169,120.60500701666805,107.21289074228271,109.96621224449538,112.81056530599176,131.92
128.70382050160154,132.80750619468756,135.8356714364912,120.60500701666805,120.28502432541966,123.34848823806034,129.0877339213535,100.0
