6,13,42,69,420,1234567890,473129,multimodal Rh
20.112617,19.850002,14.73579,19.200325,32.531197,15.193028,18.903862,35.9
83.04017,97.43941,45.35817,114.97195,80.4969,39.328354,61.081413,0.0
2458.3892,4882.5093,534.7895,12642.947,8597.99,6013.338,5110.6836,0.0
35.352665,9.142758,35.09611,20.574038,32.531197,28.272446,25.33783,19.8
50.055077,27.904022,4.3727193,139.21959,80.4969,105.670975,63.120174,0.0
5204.7134,5359.3745,891.1845,12642.947,8597.99,8332.918,9432.418,0.0
19.945765,21.981024,17.058947,21.825344,20.171211,23.404598,18.954514,33.7
83.097786,48.56035,16.06151,54.732254,65.953606,93.69514,64.92612,0.0
6523.78,3314.02,253.46663,2959.6772,5741.9546,6013.338,9122.081,0.0
10.652534,12.121652,9.300281,13.586564,12.812001,10.387873,14.936093,5.896
155.7173,156.55449,167.20378,148.83861,174.69206,149.51694,145.78883,120.558
3570.7644,1752.0659,117.131226,2913.0022,5549.611,5988.6455,9122.081,0.0
10.503784,8.852059,8.066516,13.070604,11.625644,11.206998,11.264621,7.881
170.49275,170.2643,167.21614,160.80362,163.62895,161.96245,143.92361,171.514
4211.054,4840.755,180.25433,7230.3535,2323.9124,2569.1746,4951.0957,0.0
9.154719,8.49802,6.7946124,27.974537,12.812001,9.759929,11.264621,8.794
118.93798,170.73488,173.44287,148.83861,111.23157,171.25368,143.92361,187.004
3570.7644,4213.849,112.95447,2913.0022,5549.611,6810.131,4951.0957,0.0
7.9892135,8.266511,0.57052153,10.302743,6.4965897,29.459429,13.951846,0.0
184.0645,171.23633,190.26387,148.83861,166.41438,153.82529,155.5891,227.238
2144.7998,1752.0659,159.54823,2913.0022,4794.015,7355.252,9122.081,0.0
5.120459,5.572429,0.75698584,10.302743,6.4965897,8.21011,11.447707,67.746
608.827,549.2541,837.8923,461.43118,544.37195,519.5808,346.94217,747.254
3570.7644,4500.7563,159.54823,2913.0022,4794.015,5988.6455,4951.0957,0.0
45.324318,45.0892,58.119354,36.899433,37.683475,39.402863,33.79356,0.0
569.1393,552.98956,745.5863,379.39136,536.87225,476.72318,406.43387,886.6567334392631
2144.7998,1752.0659,281.91254,7230.3535,2323.9124,7124.7134,9313.312,0.0
5.15534,7.5958805,2.9270682,9.909973,8.907044,8.448871,11.242971,0.0
313.29468,587.1372,185.29836,364.462,536.87225,351.40024,359.59964,838.0
4199.772,4213.849,207.5697,8365.326,2323.9124,6810.131,9855.369,0.0
5.277878,7.5958805,0.75698584,10.302743,8.907044,8.21011,10.791805,0.0
605.8678,587.1372,825.6908,461.43118,536.87225,519.5808,406.43387,149.529
4211.054,4213.849,159.54823,2913.0022,2323.9124,5988.6455,9313.312,1222.712
6.2694974,6.0167885,1.7240559,10.302743,7.5092144,8.532788,10.891285,0.0
465.70145,444.73486,510.0058,447.95694,334.67844,393.33472,328.66736,781.0
3796.8108,4917.689,203.16194,2913.0022,5761.139,7355.252,9122.081,0.0
6.2694974,5.572429,1.356509,9.650445,8.907044,8.21011,10.791805,0.0
465.70145,341.48087,731.201,425.67212,536.87225,519.5808,406.43387,531.0677018889306
3796.8108,4500.7563,276.55707,7872.5156,2323.9124,5988.6455,9313.312,0.0
5.277878,5.572429,1.2870629,9.670631,7.5092144,8.103656,11.091774,0.0
342.51086,341.48087,396.52246,359.92465,334.67844,164.17078,268.5718,749.438581998361
4211.054,4500.7563,282.21774,7230.3535,5761.139,7124.7134,8363.222,0.0
63.094967,58.897144,69.365135,46.31458,54.08534,50.574654,42.246056,0.0
414.21194,397.15576,482.17725,359.92465,334.67844,164.17078,329.48956,382.0
3796.8108,1752.0659,276.55707,7230.3535,5761.139,7124.7134,9855.369,0.0
36.113422,7.524556,1.6535867,12.182414,8.7273035,37.413315,12.517902,75.33
203.7056,217.03687,249.20717,189.63202,202.75955,164.17078,174.08215,492.971
4199.772,4840.755,163.5863,2913.0022,5549.611,7124.7134,9122.081,0.0
22.327991,48.50929,48.774517,21.662714,28.18512,23.504478,21.439503,0.0
168.00243,363.5666,465.82214,144.54312,149.37259,153.23206,144.41925,255.0
3796.8108,4917.689,159.54823,7872.5156,5761.139,6810.131,9855.369,0.0
8.759005,10.000564,48.774517,11.898346,11.005687,12.039598,14.526444,33.653
213.48845,217.60924,465.82214,198.3778,211.46173,200.53177,158.53806,201.522
4211.054,4213.849,159.54823,8208.173,5888.5728,2569.1746,4951.0957,0.0
6.018185,5.572429,0.57052153,10.302743,6.4965897,29.459429,12.024494,0.0
182.79483,176.4173,190.26387,148.83861,166.41438,153.82529,150.1138,226.0
3796.8108,4500.7563,159.54823,2913.0022,4794.015,7355.252,9313.312,0.0
4.4849834,6.090074,0.57052153,8.566145,6.411428,8.532788,10.995944,0.0
185.47523,171.23633,207.90694,162.4297,178.45726,153.82529,152.9331,224.0
4211.054,1752.0659,159.54823,8208.173,5888.5728,7355.252,9855.369,0.0
4.9435143,4.9421473,0.70813495,9.2851715,6.526701,8.532788,11.264621,0.0
182.79483,186.51785,201.13278,162.78226,176.85239,153.82529,149.68208,216.0
3796.8108,4840.755,278.999,7872.5156,5761.139,7355.252,4951.0957,0.0
5.0584664,6.090074,0.70614177,10.302743,6.4965897,7.91457,11.623076,0.0
174.53108,171.23633,188.96832,155.68227,167.79338,159.26784,139.89635,211.0
2144.7998,1752.0659,278.999,2913.0022,4794.015,2569.1746,4951.0957,0.0
5.120459,6.0109015,-0.025797453,9.2851715,7.1538086,8.532788,11.091774,0.0
137.2058,138.6125,154.28163,127.45756,133.73154,138.88882,126.85146,191.0
3570.7644,4872.2075,112.049194,7872.5156,5761.139,7355.252,8363.222,0.0
4.9435143,5.8205547,5.1992908,10.302743,6.647549,7.784285,13.092232,0.0
38.997875,36.058617,3.031375,59.417767,44.19244,63.890408,65.21866,154.0
3796.8108,4213.849,191.08968,2913.0022,5549.611,5988.6455,9313.312,0.0
4.7977858,6.0109015,0.70762366,28.518902,6.4965897,8.532788,13.092232,98.0
48.31594,138.6125,4.626896,62.277935,47.53041,56.92773,65.21866,0.0
4199.772,4872.2075,159.54823,8365.326,4794.015,7355.252,9313.312,0.0
63.094967,8.9513645,27.617098,28.287342,55.20754,55.810062,38.237392,50.0
38.997875,138.6125,2.9360273,59.417767,43.6206,63.890408,64.794075,0.0
3796.8108,4872.2075,121.54236,2913.0022,5888.5728,5988.6455,4951.0957,0.0
9.343136,8.9513645,47.49145,12.667819,55.55125,55.810062,14.339411,24.0
48.31594,138.6125,6.3836,57.98891,45.75,63.890408,70.29268,0.0
4199.772,4872.2075,199.25629,7230.3535,2323.9124,5988.6455,8363.222,0.0
31.047613,29.614262,25.301456,31.089705,34.35826,32.762413,28.325909,78.366
288.94037,262.75858,334.3955,240.29123,258.5077,238.77925,249.50662,0.0
11032.243,6594.604,6837.0503,9694.652,8349.697,6033.4673,11399.325,7088.165
31.047613,35.84494,25.301456,29.669645,44.879646,32.08299,28.325909,57.544
288.94037,209.58662,334.3955,225.41988,274.59235,227.0797,249.50662,0.0
11032.243,10063.338,6837.0503,9120.875,10067.777,8091.623,11399.325,4501.252
35.85616,29.614262,41.390915,29.669645,35.322178,32.08299,34.267673,76.042
217.64008,262.75858,252.3956,225.41988,211.49057,227.0797,167.04578,459.196
6652.2827,6594.604,4094.573,9120.875,7852.196,8091.623,10561.211,13769.583
31.047613,47.648983,56.497025,49.996292,44.74301,43.082104,37.600006,0.0
288.94037,248.95996,289.80038,207.80745,234.36076,218.31943,184.38487,272.627
11032.243,8368.154,6100.752,6761.55,6646.16,10846.487,7984.699,3434.329
47.135983,46.87186,56.31045,49.996292,44.879646,39.582813,34.267673,0.0
245.97632,235.4847,285.95587,207.80745,274.59235,153.07455,167.04578,287.654
8870.678,6425.8096,5973.5356,6761.55,10067.777,11930.376,10561.211,3012.454
31.047613,35.84494,25.301456,32.713306,36.380733,39.582813,30.082672,73.273
288.94037,209.58662,334.3955,161.85545,172.85739,153.07455,153.59293,713.87
11032.243,10063.338,6837.0503,11370.789,9539.343,11930.376,11799.104,1899.367
34.42035,34.35137,39.645332,31.006191,32.04869,33.09563,30.81864,25.05
23.034681,21.996769,1.2567135,43.65715,29.806688,41.96754,55.32889,0.0
6684.0884,7530.6997,4876.9565,9562.438,7609.5825,9321.226,11833.09,0.0
30.222025,33.17181,36.97328,29.498953,33.49358,31.621456,30.581936,32.1
23.17348,26.255188,0.9616856,47.179577,32.00082,38.55397,51.90576,0.0
6149.227,6762.946,4484.995,8808.181,8939.794,8333.439,7307.55,0.0
30.222025,33.17181,36.699776,29.074291,33.167343,29.99192,30.002337,38.17
23.17348,26.255188,1.5215319,45.66387,30.993752,39.24469,58.697605,0.0
6149.227,6762.946,4876.313,9292.306,7574.436,7795.6123,10100.46,0.0
34.42035,29.927597,36.9497,31.006191,33.167343,31.119715,26.421474,39.37
23.034681,27.992617,0.9919623,43.65715,30.993752,40.012928,53.07075,0.0
6684.0884,6367.205,4819.724,9562.438,7574.436,2727.4617,9524.374,0.0
35.393177,34.331512,35.01535,29.498953,33.955376,31.119715,30.002337,31.789
22.785759,24.708006,1.0232801,47.179577,32.361057,40.012928,58.697605,0.0
6027.0933,4600.8667,536.6326,8808.181,7735.6206,2727.4617,10100.46,6091.49
30.222025,29.927597,35.01535,29.498953,29.620512,31.119715,26.421474,53.621
23.17348,27.992617,1.0232801,47.179577,29.723734,40.012928,53.07075,0.0
6149.227,6367.205,536.6326,8808.181,3106.0662,2727.4617,9524.374,17356.307
35.482464,36.725296,39.675987,33.550617,32.04869,29.99192,30.002337,30.17
22.785759,27.992617,1.2567135,46.85638,29.806688,39.24469,58.697605,0.0
7165.1577,7172.9336,7193.882,9935.69,7467.736,7795.6123,10100.46,0.0
28.786158,36.725296,46.50349,29.074291,32.04869,31.912092,26.421474,31.07
23.034681,27.992617,1.5215319,45.66387,29.806688,40.012928,53.07075,0.0
6684.0884,7172.9336,6572.93,9292.306,7467.736,6886.98,9524.374,0.0
28.786158,30.494528,46.50349,33.550617,33.49358,33.09563,26.421474,32.0
23.034681,26.255188,1.5215319,46.85638,32.00082,41.96754,53.07075,0.0
6684.0884,6079.5073,6572.93,9935.69,8939.794,9321.226,9524.374,0.0
28.786158,30.494528,39.675987,31.307226,33.167343,31.912092,30.002337,44.2
23.034681,26.255188,1.2567135,44.986053,30.993752,40.012928,58.697605,0.0
6684.0884,6079.5073,7193.882,6393.3335,7574.436,6886.98,10100.46,0.0
28.786158,30.494528,34.177135,29.074291,32.04869,29.99192,26.421474,67.768
23.034681,26.255188,0.9616856,45.66387,29.806688,39.24469,53.07075,0.0
6684.0884,6079.5073,2198.206,9292.306,7467.736,7795.6123,9524.374,20349.739
35.051304,35.136696,46.50349,33.550617,33.167343,31.912092,30.002337,28.387
22.678331,24.708006,1.5215319,46.85638,30.993752,40.012928,58.697605,0.0
5129.678,4673.3345,6572.93,9935.69,7574.436,6886.98,10100.46,10187.132
36.236763,38.61038,43.14185,36.5918,37.938137,34.243366,32.61055,30.84
23.507936,27.992617,1.3511883,45.66387,29.806688,38.55397,56.48152,0.0
4756.737,6045.6416,944.79626,9125.036,6579.73,6786.96,10574.274,0.0
36.236763,35.632233,43.14185,31.966984,37.938137,33.214928,30.002337,44.98
23.507936,21.996769,1.3511883,47.179577,29.806688,36.802803,58.697605,0.0
4756.737,5455.3384,944.79626,8808.181,6579.73,8893.968,9816.125,0.0
36.236763,34.331512,41.41521,36.5918,35.30098,33.922962,32.61055,43.59
23.507936,24.708006,1.5215319,45.66387,32.361057,40.012928,56.48152,0.0
4756.737,2122.2207,749.1684,9125.036,7074.553,2727.4617,10574.274,0.0
36.188286,34.331512,38.69346,33.101765,35.420128,33.214928,32.82684,44.98
23.109766,24.708006,0.9616856,43.65715,31.087349,36.802803,53.07075,0.0
5840.3823,2122.2207,1046.3799,8086.2188,6018.65,8893.968,9524.374,0.0
36.236763,34.331512,38.69346,32.149147,34.900204,34.243366,30.002337,51.35
23.507936,24.708006,0.9616856,46.85638,32.00082,38.55397,58.697605,0.0
4756.737,2122.2207,1046.3799,9827.703,7180.7515,6786.96,9816.125,0.0
37.673508,37.222584,38.69346,36.5918,34.900204,33.922962,32.82684,36.169
22.678331,27.439514,0.9616856,45.66387,32.00082,40.012928,53.07075,0.0
2936.1367,5916.311,1046.3799,9125.036,7180.7515,2727.4617,9524.374,1565.973
45.28904,44.444664,54.270847,38.365177,43.037975,40.688255,35.084507,33.34
22.785759,23.24113,1.3443469,43.65715,29.723734,41.74967,55.32889,0.0
4378.654,5088.469,223.76996,8086.2188,2600.5364,2727.4617,10377.339,0.0
42.57324,38.125587,50.357655,37.18016,43.037975,40.688255,33.654884,48.49
25.096003,27.518028,1.3453373,44.986053,29.723734,41.74967,56.48152,0.0
2186.4116,4682.0015,315.92673,3049.3672,2600.5364,2727.4617,9818.683,0.0
42.57324,38.125587,50.357655,34.36356,39.18563,40.688255,30.581936,49.89
25.096003,27.518028,1.3453373,46.85638,31.087349,41.74967,51.90576,0.0
2186.4116,4682.0015,315.92673,9374.265,5250.106,2727.4617,5132.4385,0.0
36.188286,44.444664,50.357655,34.36356,38.68986,38.185986,33.369923,51.4
23.109766,23.24113,1.3453373,46.85638,29.806688,38.55397,58.697605,0.0
4826.558,5088.469,315.92673,9374.265,6579.73,6786.96,8602.234,0.0
45.28904,38.125587,43.894207,34.36356,39.18563,37.820694,33.41881,51.35
22.785759,27.518028,1.3792645,46.85638,31.087349,41.96754,53.07075,0.0
4378.654,4682.0015,101.349976,9374.265,5250.106,7952.841,9524.374,0.0
36.188286,38.561962,43.894207,32.28405,36.380577,34.92846,30.581936,74.97
23.109766,24.708006,1.3792645,47.179577,32.00082,36.802803,51.90576,0.0
4826.558,2122.2207,101.349976,8532.443,6495.608,7791.2085,5132.4385,0.0
16.726479,16.583073,16.540283,18.057743,18.451923,17.15979,19.028112,24.406
23.034681,27.439514,1.2567135,44.986053,29.723734,41.96754,58.697605,0.0
8406.242,8464.83,7507.8823,7189.8423,7883.11,9321.226,10662.185,15157.41
24.127815,18.075111,18.947866,18.057743,18.451923,19.545856,19.028112,14.622
22.678331,21.996769,1.7493976,44.986053,29.723734,36.802803,58.697605,0.0
7623.002,9703.742,7628.6826,7189.8423,7883.11,11243.974,10662.185,7954.722
24.3707,23.669405,14.93512,22.56785,23.182878,23.681023,22.77268,15.95
22.678331,27.439514,1.4528311,43.65715,32.361057,41.96754,51.90576,0.0
7623.002,8464.83,7809.0273,11371.826,9860.199,9321.226,8577.617,8057.472151938113
16.741056,17.015717,16.0412,18.057743,21.23768,16.976746,17.862667,28.052
22.785759,27.992617,1.4528311,44.986053,32.00082,39.24469,55.32889,0.0
8738.729,9996.385,7334.435,6545.936,10745.957,10137.596,12492.4795,7304.189
23.74136,24.228758,26.902885,22.56785,21.23768,23.052021,22.5137,13.085
23.109766,21.996769,1.2665347,43.65715,32.00082,38.55397,56.48152,0.0
9543.273,9703.742,7665.815,11371.826,10745.957,10546.712,12377.33,6257.259
16.309265,18.694542,26.902885,18.057743,18.032799,23.052021,17.862667,22.909
23.034681,26.255188,1.2665347,44.986053,29.806688,38.55397,55.32889,0.0
8151.3384,8949.735,7665.815,6545.936,9491.804,10546.712,12492.4795,8317.638
21.248383,21.126057,22.12592,21.214989,21.23181,20.991373,21.189886,15.323
23.034681,26.255188,1.2567135,43.65715,32.361057,38.55397,56.48152,0.0
7787.6157,8548.683,1106.515,11371.826,9834.571,10290.299,12377.33,2432.637
17.527025,18.95357,16.041513,17.290607,17.71558,18.337385,17.862667,22.31
23.17348,27.992617,1.2665347,47.179577,32.00082,36.802803,55.32889,0.0
9127.411,9996.385,3997.8833,12090.568,10745.957,11243.974,12492.4795,0.0
9.863633,9.59165,0.6292313,9.570009,9.598344,10.866853,14.526444,0.0
57.45655,36.250378,96.80568,103.06406,44.591248,105.794785,72.76839,281.407
6443.444,9528.616,5786.2876,12056.292,9426.294,11640.265,7827.283,6641.136
9.863633,9.59165,0.6787483,10.137877,9.598344,9.07896,14.526444,0.0
57.45655,36.250378,94.308205,99.417175,44.591248,99.9289,72.76839,285.122
6443.444,9528.616,5676.7007,9998.192,9426.294,9334.208,7827.283,6520.443
9.863633,9.59165,0.54600674,12.740502,8.415332,9.51809,14.526444,0.0
57.45655,36.250378,280.7977,146.92987,156.0853,158.8262,72.76839,0.0
6443.444,9528.616,6686.383,6246.477,6579.582,6356.71,7827.283,5522.769
6.9973974,7.044837,0.54600674,11.033036,8.251883,9.014496,13.420556,0.0
163.49725,169.4307,280.7977,147.13219,165.54105,159.9882,143.53549,0.0
9383.341,9592.651,6686.383,12306.509,10554.638,11514.228,12820.873,4051.791
10.068504,10.806181,7.6979423,11.617236,7.9251366,11.079483,18.647058,21.969
213.50107,308.106,284.43475,197.90782,49.33372,199.67473,180.72029,492.619
6515.432,6807.542,6390.783,12056.292,10462.817,11514.228,12829.24,6736.985
11.006205,12.820621,14.62114,20.717794,7.9251366,20.85747,18.647058,0.0
230.59619,192.91275,280.4009,250.5293,49.33372,267.62195,180.72029,500.366
9383.341,9592.651,6180.6567,9998.192,10462.817,9334.208,12829.24,6670.173
10.428744,12.820621,7.0003858,11.033036,7.9251366,9.330594,14.366659,22.122
339.95767,192.91275,321.95966,214.74414,49.33372,225.02475,195.7837,370.256
8911.561,9592.651,6150.1064,12306.509,10462.817,11332.598,7827.283,6609.168
10.428744,10.806181,14.440355,20.717794,14.732816,20.85747,18.647058,0.0
339.95767,308.106,444.08588,250.5293,309.77512,267.62195,180.72029,0.0
8911.561,6807.542,6669.576,9998.192,10554.638,9334.208,12829.24,4858.654
7.992054,7.2471547,0.78838104,9.667604,9.179819,8.373474,10.925498,21.892
25.40267,58.397076,61.104633,84.593895,88.60134,60.016796,77.30749,365.174
13258.422,11867.002,9221.103,13561.871,12722.624,12896.75,9745.071,8123.108
9.932776,12.686773,7.006573,10.942853,10.560456,11.764236,13.06777,0.0
168.35452,207.26306,161.87065,135.34544,143.77621,177.97148,127.802734,0.0
8844.967,11676.831,8719.109,12107.025,8319.697,7921.7524,12829.24,12322.904
7.992054,12.686773,7.4268484,12.7278,9.179819,11.079483,13.398655,0.0
25.40267,207.26306,122.58933,116.96802,88.60134,132.05653,116.232864,119.231
13258.422,11676.831,10724.593,13731.658,12722.624,13053.651,13668.396,6189.658
9.388029,9.574195,0.78838104,9.667604,9.179819,11.413411,14.528711,0.0
158.07466,143.81221,61.104633,84.593895,88.60134,134.68504,133.32802,0.0
10315.978,8268.143,9221.103,13561.871,12722.624,11619.321,12173.116,11781.66
8.414724,11.22832,5.4574695,13.184948,13.728812,13.801883,14.528711,0.0
59.51054,144.36322,186.33525,135.5802,222.44972,165.39354,134.96315,0.0
5455.5874,2655.9155,1660.7333,3380.6875,7137.0835,8556.741,9357.298,1688.558
9.173133,9.37446,5.4574695,11.967203,13.728812,8.537359,13.06777,8.15
122.52927,154.12006,186.33525,146.4664,222.44972,43.574997,113.44007,114.65
3181.1138,5532.86,1660.7333,9329.343,7137.0835,7826.1104,10214.491,1639.534
10.021836,9.37446,6.586241,11.967203,13.728812,13.801883,13.59872,0.0
135.95665,154.12006,163.81519,146.4664,222.44972,165.39354,132.31224,0.0
4464.726,5532.86,1694.8871,9329.343,7137.0835,8556.741,10872.179,1581.602
8.414724,8.493946,3.0111172,10.061801,8.076222,8.537359,13.028119,10.57
59.51054,46.812668,37.84099,57.52916,50.37038,43.574997,72.74623,381.814
5455.5874,5210.1226,1841.9834,8453.942,6777.891,7826.1104,10073.392,1739.724
19.355766,19.254997,20.733839,20.50487,19.607073,20.559654,13.801446,0.0
51.333435,55.522785,10.8751335,57.52916,56.567406,63.890408,72.74623,0.0
4569.972,6206.266,1996.1722,9941.199,3239.8015,8636.927,11801.839,1290.721
8.923115,9.591733,1.3662466,11.6335335,8.250633,8.537359,13.801446,20.99
43.271305,46.12598,12.994041,72.2421,50.37038,43.574997,72.74623,0.0
5455.5874,6000.989,1538.6664,9396.662,6777.891,7826.1104,11801.839,1162.139
16.69199,15.942705,16.503738,14.4632,18.098892,18.469694,18.957542,11.97
40.44574,335.36423,1.8682508,112.21395,41.800735,55.94893,80.510475,0.0
4587.281,5007.6304,358.75372,7892.699,2548.4866,7810.1836,8991.33,0.0
10.4621315,10.212718,8.572035,12.575792,10.648212,10.58439,13.243304,9.79
373.90256,338.3443,13.441105,112.21395,38.534527,48.798897,130.66452,0.0
2405.2222,5007.6304,347.06485,7892.699,6508.6694,7611.859,9662.723,0.0
10.852355,10.919677,7.2465677,12.947726,11.589587,10.58439,14.120334,8.66
25.042227,31.824348,1.808031,52.874912,34.16156,48.798897,59.57471,0.0
5455.5874,6206.266,347.01605,8632.751,7137.0835,8428.203,10872.179,0.0
12.021657,12.109423,9.5734005,14.068753,12.2901945,13.104306,14.3102865,6.39
30.12044,34.29346,3.071269,48.182114,41.800735,42.368362,64.20028,0.0
4841.644,5956.7354,372.11115,4040.6553,2548.4866,9598.424,9357.298,0.0
13.141089,14.219253,3.2385304,15.725461,12.240941,14.028495,15.855386,17.42
66.13846,73.17119,1.2934116,88.02173,50.37038,45.738464,64.1248,0.0
3822.3752,5101.8984,31.698212,3055.7874,6024.8403,7150.2637,9425.743,0.0
13.141089,17.466366,3.2385304,17.853716,18.098892,12.344638,18.728489,13.81
56.33461,26.342375,1.337006,50.891975,41.800735,48.798897,59.57471,0.0
4841.644,2001.9058,1841.9834,9396.662,2548.4866,8428.203,10872.179,0.0
20.756153,21.253397,18.664211,17.811977,28.708952,21.475546,24.892664,4.5
47.33014,107.3665,62.19768,176.22932,62.8914,62.47184,125.13667,0.0
3947.177,2034.8262,291.41644,3406.7942,5761.139,3153.4478,8363.222,0.0
13.511066,13.160637,10.731299,15.663536,13.890676,13.57082,15.111538,8.136543910587097
197.50633,183.40427,221.83081,162.90561,517.0775,153.30508,407.30502,0.0
7846.486,7867.764,5193.1924,9716.181,6883.7866,9173.061,10013.727,1078.702
11.533674,14.0199795,8.940562,13.640704,13.890676,12.785016,15.111538,11.41
37.12451,37.77898,2.331223,55.159164,517.0775,49.528805,407.30502,231.423
4653.221,2015.7686,1168.5635,2975.9597,6883.7866,8643.338,10013.727,5332.687
12.239414,13.115603,6.8120103,14.135751,11.476039,14.3174515,49.05087,4.941
152.23715,154.53166,199.89641,143.89014,161.71011,155.1692,55.318638,143.268
26210.693,25790.676,32719.8,23417.004,26195.658,23819.332,5562.912,90419.726
11.356855,11.53143,7.8630557,13.527941,11.912947,13.442285,49.05087,6.286
102.99968,144.3501,140.36343,124.208626,96.94331,125.55432,55.318638,217.305
53371.305,55945.11,82520.59,45038.305,46123.04,48443.7,5562.912,34883.02084775767
5.0627675,6.0600142,0.24041882,8.457746,6.495633,7.977336,10.900246,0.0
62.90743,78.989105,58.25551,121.96269,96.218544,56.805794,120.98866,150.0
3822.3752,1757.7783,-11.576785,8403.544,5136.1772,2569.1746,4980.3813,0.0
5.1500525,6.0600142,0.3292454,8.850295,6.495633,7.8911448,10.900246,0.0
163.54544,203.54459,198.22258,140.5065,207.80849,187.2941,174.83176,250.0
3618.076,1757.7783,227.15472,7252.382,5136.1772,7076.1973,4980.3813,0.0
5.1500525,6.0600142,4.5253444,9.915775,6.652942,8.086227,10.790683,0.0
236.18152,153.61275,220.0716,193.61882,264.10367,179.4203,283.58658,400.0
3618.076,6826.0483,222.76546,5652.874,5718.0356,7530.4673,8570.152,0.0
5.0627675,13.024193,6.4754205,9.037391,14.300988,8.19354,10.733419,0.0
63.655083,46.12598,65.423096,69.17711,275.68848,46.654346,140.06337,0.0
7239.8823,5532.86,372.11115,8969.448,6760.9966,26278.51,12691.573,6700.0
4.794813,5.400832,0.25889665,8.457746,6.652942,8.086227,10.790683,0.0
126.73891,72.8247,84.906715,121.96269,100.75444,135.51552,94.63819,108.0
4921.401,5234.794,562.6098,8653.697,7192.303,8361.263,9324.371,0.0
5.1500525,5.732944,0.27269298,9.915775,6.652942,8.19354,10.790683,0.0
123.57327,42.720737,122.25901,102.516136,100.14816,43.236263,94.63819,134.0
4993.2954,9489.199,987.6318,2889.435,16277.289,10679.928,9324.371,0.0
4.802179,5.732944,0.3320034,9.915775,6.652942,8.19354,10.799735,0.0
75.66418,42.720737,78.92657,102.516136,100.14816,43.236263,121.60781,138.0
7871.492,9489.199,25430.375,2889.435,19444.207,10679.928,9855.369,0.0
4.891864,5.732944,0.24041882,9.915775,6.495633,8.086227,10.799735,0.0
134.22563,114.240776,156.99237,129.48868,207.39825,123.27986,121.60781,154.0
4325.763,4714.2534,-11.576785,2889.435,5136.1772,7530.4673,9855.369,0.0
5.0627675,6.0600142,0.27269298,9.037391,6.7003155,8.086227,10.830822,0.0
152.54677,155.01782,154.32755,124.260345,136.87967,123.27986,136.16544,157.0
3822.3752,1757.7783,244.32907,8073.2334,2402.9197,7530.4673,9425.743,0.0
4.794813,6.0600142,0.30017966,8.457746,6.652942,7.977336,10.799735,0.0
214.73645,203.54459,241.71678,196.37192,213.01715,208.30115,187.06918,189.0
4598.072,1757.7783,205.11269,8403.544,5718.0356,2569.1746,9855.369,0.0
5.0627675,6.0600142,0.42426604,9.915775,6.595557,7.977336,10.810312,0.0
41.71487,118.35782,33.101498,81.98058,65.65789,92.18478,121.60781,0.0
3822.3752,1757.7783,123.68007,2889.435,5761.139,2569.1746,9855.369,50000.0
4.802179,5.732944,0.24250345,8.457746,6.595557,7.977336,11.07332,0.0
91.51112,25.600689,192.42859,225.41988,150.64772,219.48622,187.06918,442.0
22850.625,20494.22,19551.701,10611.746,5761.139,2569.1746,9855.369,0.0
4.891864,5.4554367,2.2424214,9.368581,6.445141,8.19354,10.830822,0.0
161.8469,140.18875,172.33139,144.60963,158.84973,137.24805,134.73152,152.0
5211.3003,4582.845,703.5732,8738.613,5510.269,8010.2744,9862.798,0.0
5.540669,5.4554367,1.2080246,9.368581,6.525871,8.88702,10.799735,0.0
157.77237,140.18875,176.35501,144.60963,148.49687,129.89307,122.037735,175.0
4227.764,4618.888,387.10333,8738.613,6717.0024,2569.1746,10031.65,0.0
5.0627675,6.0600142,0.3061556,9.0569,6.7319465,8.0650215,10.925498,0.0
150.59172,174.53639,116.643295,78.26854,142.74896,98.571815,120.62387,233.0
3822.3752,1757.7783,-171.3844,8452.465,6048.2407,7502.1216,5091.7,0.0
4.794813,5.7630067,0.3061556,9.0569,6.7003155,8.689014,10.830822,0.0
175.68097,250.76378,212.79083,157.68806,145.26938,283.6946,151.2566,316.0
4413.4087,4714.2534,-171.3844,8452.465,2402.9197,6013.338,9425.743,0.0
4.891864,5.7630067,0.56517905,9.0569,6.7319465,7.7461348,10.810312,0.0
169.26399,165.1055,64.46209,140.66151,129.38014,136.11276,166.55219,142.0
6422.9136,5654.3647,163.38808,10789.22,15696.425,7906.26,10031.65,0.0
5.540669,6.0600142,0.56517905,9.368581,6.9046125,8.0650215,10.925498,0.0
121.44192,159.06305,76.591805,123.208916,142.76921,175.60477,118.28651,192.0
5111.472,1757.7783,163.38808,8935.368,6107.433,7611.859,5091.7,0.0
4.794813,5.7630067,0.9889427,9.36211,6.7003155,8.689014,10.790683,0.0
213.42389,154.12006,311.7554,137.11316,145.10739,293.46982,184.42287,231.0
4587.281,5209.029,164.92952,8658.028,2801.6316,6254.703,8991.33,0.0
9.888335,7.3925886,7.117222,11.711582,11.011862,18.44182,16.766083,1.728
29.00651,33.72146,-2.112652,55.65311,58.55798,44.15976,55.502434,0.0
3796.8108,4917.689,668.1957,8365.326,4794.015,5988.6455,4951.0957,0.0
10.135935,9.774813,2.986198,11.711582,9.769234,11.206998,13.093191,3.425
38.285034,34.57476,79.535385,115.175186,69.58586,43.57896,62.3447,0.0
4199.772,4500.7563,143.75037,8365.326,5888.5728,2569.1746,9122.081,0.0
17.481182,11.17017,22.521988,14.887856,10.245836,11.333686,12.995937,3.425
27.232119,31.178923,-10.351445,55.080482,42.044262,44.673588,59.06833,0.0
2144.7998,1752.0659,205.82991,8208.173,5549.611,7124.7134,9313.312,0.0
9.950977,10.983019,6.091729,17.034431,15.77975,15.327441,15.382611,9.446
27.940615,39.151836,1.3741645,55.080482,35.07006,51.128143,55.502434,0.0
4212.0435,4840.755,430.67422,8208.173,4794.015,7355.252,4951.0957,0.0
13.564238,10.61765,15.250231,12.099276,9.8604555,15.835299,13.163366,49.564331720150875
96.21369,53.00398,59.723553,91.00629,156.80214,97.02579,90.12082,0.0
4212.0435,4840.755,150.29085,7872.5156,4794.015,6810.131,8363.222,2051.79
43.620754,38.29373,46.34524,37.52096,38.34871,44.3376,26.101816,5.905
27.232119,30.93882,1.3741645,46.28518,35.07006,43.57896,55.502434,120.031
2144.7998,4213.849,446.20645,7230.3535,4794.015,2569.1746,4951.0957,0.0
22.405989,33.542675,25.184713,26.254368,13.288381,13.5608835,29.367352,59.507385814551206
78.20099,86.66907,21.159782,55.28836,80.07147,73.73468,80.61161,0.0
4199.772,4500.7563,331.7328,8365.326,5888.5728,5988.6455,9313.312,0.0
35.156696,46.623394,37.39259,37.52096,12.980816,43.35162,37.86604,42.266270627833954
41.32094,41.633286,23.965723,49.57904,80.07147,49.661125,71.824585,0.0
3570.7644,4917.689,186.29475,7230.3535,5888.5728,6810.131,9122.081,0.0
48.924862,29.673475,52.234257,34.63857,37.726395,34.51526,39.57767,24.99
37.808014,78.01299,6.5924764,62.277935,49.877567,85.254395,70.704216,0.0
3779.5486,4851.7974,673.3056,8963.874,5693.6577,7429.499,9562.8125,0.0
32.56934,37.8252,47.18044,18.79891,15.652687,31.384483,29.212738,48.77
38.25541,37.305935,2.0019941,175.41261,85.20781,64.95049,166.75331,0.0
4680.4204,2413.978,199.21272,7872.5156,6894.764,7793.9463,9470.778,0.0
17.848866,22.769985,23.775661,18.607252,15.652687,17.450428,20.511473,53.85
29.857595,99.07558,413.23508,53.80753,85.20781,209.44083,110.718414,0.0
4210.152,5906.942,577.7719,7872.5156,6894.764,7429.499,9855.369,0.0
14.882914,10.836501,10.973478,27.138586,12.391257,18.27227,12.024494,16.383
29.465513,246.0407,107.64394,241.31638,283.23657,43.205288,65.11089,548.755
4210.152,8188.8,8714.385,3434.0164,7093.0376,6013.338,12134.452,0.0
14.058691,17.547684,14.22207,14.664151,18.65296,17.47339,17.520967,0.0
29.465513,382.07422,511.037,85.460045,148.78561,288.8121,122.8478,483.919
4217.483,4500.7563,104.50959,7872.5156,2323.9124,2569.1746,9855.369,11191.801
12.285818,12.981845,8.850619,13.300376,12.73642,12.877739,15.200439,12.2
53.995056,38.943123,101.77408,130.58931,64.07096,59.896065,73.80847,0.0
4717.6763,6214.5317,436.04333,8750.642,6912.144,8388.139,7241.9756,0.0
14.362049,15.830566,17.3845,19.492546,17.171686,15.655794,15.752321,10.9
188.69011,79.001114,247.32013,67.36524,59.60631,169.56546,77.35359,0.0
7241.5522,7567.936,4235.451,9716.181,8043.6714,8965.322,5797.919,0.0
11.34187,12.727792,6.539157,15.364304,13.902761,12.11827,15.346509,10.5
50.62075,59.60297,63.361195,72.2421,54.155045,67.894806,79.26065,0.0
4890.9897,6064.123,452.05902,9716.181,2569.6155,8643.338,10013.727,0.0
11.550993,12.367383,14.228033,14.231001,15.435037,14.709112,18.025915,9.9
292.2887,32.461056,623.59314,244.36623,435.93417,396.2349,321.62796,0.0
5556.8364,2202.041,476.69122,9716.181,6942.9624,8643.338,10070.244,0.0
11.070852,11.092544,5.7566514,14.3880825,12.877431,13.085814,14.256545,8.093
93.05671,108.30377,217.27504,106.52402,106.309235,140.53955,145.33984,296.793
53436.76,77024.93,108239.6,81836.84,61571.777,67242.17,71736.234,133722.391
11.08818,15.757417,14.968257,13.4871,13.084606,16.039701,16.123455,6.08
109.98659,207.67743,137.57666,199.74356,106.309235,171.16794,140.39288,189.9
62856.117,84077.92,85825.875,54904.9,61571.777,56826.38,51162.45,208361.201
12.946413,13.723288,5.946973,15.03277,8.212835,14.704032,15.111538,6.148
44.94775,45.840973,73.63111,117.3656,151.85414,56.596455,102.37839,245.251
53436.76,53785.168,76981.18,46092.844,52534.82,46291.668,41234.06,116127.497
11.289741,15.09446,12.87721,15.045939,13.221186,16.516556,18.448797,6.238
502.6198,482.47067,772.50934,356.63254,436.3137,394.9928,321.62796,290.916
106393.83,84077.92,128739.68,81836.84,97348.99,92328.75,71736.234,76930.347
17.89073,12.44657,15.706063,15.333347,12.815227,13.275853,17.010601,7.139
293.82037,74.7092,178.82884,371.14774,70.09126,202.26906,118.86977,102.848
4936.599,5022.4683,1168.5635,3459.8792,6883.7866,8388.139,9158.418,2246.406
18.016651,13.230072,10.51428,13.300376,13.084606,14.527251,13.283415,19.542
109.98659,275.01355,386.5926,137.10118,106.309235,104.30773,129.06873,266.845
4936.599,5022.4683,1329.9634,8750.642,5678.938,6788.132,10070.244,4936.797
11.8841095,13.160637,6.539157,13.640704,12.878505,13.037892,15.487204,11.077662466522199
188.0231,183.40427,111.51172,371.14774,136.92033,111.409874,144.79367,0.0
4936.599,5500.6353,786.9438,2975.9597,6912.144,6788.132,10777.833,1065.889
11.138761,12.367383,8.361954,14.088259,11.070747,13.257689,15.200439,15.73781107769198
178.71027,205.9638,245.82076,145.91603,197.61145,154.7669,195.20831,844.947
3786.4473,3182.3105,1502.3842,9437.013,6883.7866,3499.3857,5262.965,0.0
16.367712,11.282595,11.008427,15.62699,14.793579,14.571344,16.41243,10.0
32.15029,185.12633,32.35527,48.96368,34.742714,65.93763,56.410194,0.0
2144.7998,4917.689,71.350044,7230.3535,2323.9124,5988.6455,9855.369,0.0
16.367712,11.282595,11.183817,16.712856,14.441742,16.536411,16.282682,11.5
32.15029,185.12633,3.4838293,48.404587,47.93003,44.137257,58.340454,0.0
2144.7998,4850.0825,118.96132,2786.8257,5888.5728,7355.252,9122.081,0.0
16.039505,14.106792,12.067614,16.712856,15.408736,15.885926,16.897064,10.5
33.01918,28.744423,2.721584,48.404587,32.974503,47.626827,52.24839,0.0
4214.4897,4213.849,118.96132,2786.8257,5761.139,2569.1746,4812.68,0.0
33.263226,19.905445,49.942318,22.280087,34.995388,29.945492,31.84485,12.5
47.89493,43.51449,8.038118,48.96368,34.742714,38.66836,58.340454,0.0
4214.4897,4850.0825,196.5805,7230.3535,2323.9124,7124.7134,9122.081,0.0
14.094965,19.118196,0.95122415,11.5190735,9.5345335,10.466361,28.070229,11.8
129.37204,423.0671,658.08356,331.63046,351.86084,360.42047,105.522896,0.0
3570.7644,4840.755,196.5805,8365.326,5549.611,7355.252,8363.222,0.0
45.913067,33.836636,12.876483,47.705437,43.622746,11.597966,28.070229,11.9
87.021576,155.81854,207.23517,56.478214,49.85375,60.886944,70.4458,0.0
4214.4897,4840.755,199.21272,2786.8257,2323.9124,2569.1746,8363.222,0.0
11.38103,12.346635,12.876483,14.346771,11.884037,14.240063,14.51193,94.539
34.001064,47.711433,186.72389,47.68421,38.26744,43.733154,62.29306,0.0
3796.8108,4850.0825,199.21272,7230.3535,5761.139,6810.131,9855.369,0.0
14.094965,14.906663,11.671145,14.850798,15.432682,15.433867,28.070229,0.0
129.37204,33.63097,4.4101067,49.27289,49.85375,38.66974,105.522896,725.19
3570.7644,1733.7915,143.17714,8208.173,2323.9124,7124.7134,8363.222,0.0
29.17988,18.892946,11.506712,21.528143,27.592102,25.01191,14.8450575,0.0
86.21576,72.36003,153.70604,75.23568,149.64937,43.04091,117.3069,186.161
2144.7998,4850.0825,199.21272,7230.3535,4794.015,6810.131,9855.369,0.0
14.6112585,19.905445,12.9145975,22.280087,15.464139,15.78707,16.638033,55.942
31.325842,43.51449,2.721584,48.96368,59.062313,43.205288,56.410194,0.0
4199.772,4850.0825,118.96132,7230.3535,5888.5728,5988.6455,9855.369,0.0
16.039505,13.4837885,14.9178295,15.195337,15.503042,16.536411,15.740165,26.873682475830066
33.01918,27.126728,1.5784985,53.621914,32.974503,44.137257,56.724304,0.0
4214.4897,4500.7563,106.49255,7872.5156,5761.139,7355.252,9313.312,0.0
13.926479,15.1907625,12.543451,15.195337,15.933519,13.823836,15.740165,11.886
30.93376,43.51449,3.7006307,53.621914,34.742714,43.04091,56.724304,0.0
4199.772,4850.0825,165.9365,7872.5156,2323.9124,6810.131,9313.312,0.0
65.94772,65.25449,16.769135,45.69446,61.55277,57.838917,43.164204,42.9
69.98589,36.37733,0.9804705,45.13618,34.872643,39.24469,65.03693,0.0
6984.555,5529.9014,451.51996,8978.797,6163.267,7555.128,10737.49,0.0
65.94772,33.620285,41.584496,45.69446,32.40949,31.57039,43.164204,89.0
69.98589,24.72713,9.1286545,45.13618,50.360973,45.131542,65.03693,0.0
6984.555,5829.2603,269.48532,8978.797,7909.097,6786.96,10737.49,0.0
62.846443,22.285505,37.169,49.715744,27.399065,29.772535,27.529104,99.0
73.99802,122.55299,121.90758,128.50967,79.398865,92.03948,71.64272,0.0
2381.4355,4699.6763,349.7377,8996.91,8517.589,7697.8745,10075.356,0.0
51.291206,54.213535,64.905556,39.860386,48.45824,45.017056,41.267467,0.0
42.04084,40.30448,3.2055204,72.11675,48.46463,44.871708,63.012104,104.405
4199.772,4850.0825,114.637085,8208.173,5888.5728,5988.6455,9122.081,0.0
34.477947,29.699587,34.301983,30.976135,29.810888,32.08299,28.096645,87.5
52.908535,54.970997,36.21229,55.043247,57.02937,59.630142,66.392876,0.0
3796.8108,4213.849,199.21272,7872.5156,5549.611,6810.131,4812.68,0.0
36.53545,37.029858,43.902493,39.860386,36.610355,37.387886,31.61352,60.715
51.457096,55.932003,38.380642,72.11675,72.63234,66.29968,75.66381,0.0
3570.7644,4500.7563,177.34999,8208.173,5761.139,2569.1746,8363.222,0.0
39.390743,54.213535,48.775696,39.860386,36.610355,36.80129,41.267467,49.165
49.408543,40.30448,38.080406,72.11675,72.63234,68.64743,63.012104,0.0
4212.0435,4850.0825,190.75629,8208.173,5761.139,7355.252,9122.081,0.0
10.075139,16.496105,19.171345,13.346335,21.932722,44.72753,19.186821,11.0
251.21376,30.700373,203.64268,213.00746,315.7328,49.09415,64.6492,0.0
3570.7644,4840.755,688.7523,8365.326,5888.5728,7355.252,4812.68,0.0
23.28942,54.27417,19.844305,27.778059,15.318916,52.224495,43.501404,92.698
37.86052,32.56713,3.3586195,46.76644,25.788813,46.382854,183.83939,0.0
2564.812,4207.4077,574.32556,8211.479,6586.399,2746.5408,8379.013,3056.991
59.329563,64.3234,18.720125,48.46117,17.268475,50.65506,19.654877,31.62235696465397
29.021433,94.225655,3.3559434,69.17711,25.788813,36.793045,223.66441,0.0
5137.6655,5533.5596,1467.4067,7872.5156,4003.0142,7104.9956,8394.133,1145.379
11.499337,11.642128,7.5002265,14.608435,12.128194,12.606437,14.749471,6.97101
22.449928,28.54303,2.0337453,48.918896,29.396456,38.55397,57.207764,0.0
3977.8992,5509.3735,434.65524,2889.435,2627.2366,6549.4414,9542.628,0.0
10.915593,11.662959,7.5002265,12.9385805,11.946074,13.708617,15.024655,7.11151
21.817572,29.94256,1.1294559,46.76644,28.4079,41.96754,52.1479,0.0
4663.971,5836.6436,434.65524,8793.492,5761.139,7952.073,5045.7134,0.0
12.093634,13.574064,9.636318,14.608435,14.321042,14.340629,15.73044,8.37939
24.081217,24.42197,1.3115557,48.918896,32.464924,36.793045,59.305286,0.0
4814.2173,5184.5884,263.3559,2889.435,6680.2896,7438.02,8683.716,0.0
14.379109,13.574064,10.164692,14.156266,14.321042,14.385271,15.73044,8.90616
37.312904,25.563824,56.33258,46.587788,34.83626,51.756454,59.305286,0.0
5885.3086,9983.978,13122.934,11729.085,17896.111,6549.4414,23765.188,0.0
14.379109,14.959915,11.470184,15.572437,15.56601,17.48636,15.784474,10.17328
28.583597,32.09321,4.390666,48.182114,35.73729,43.852486,59.279053,0.0
2941.5571,6206.266,372.11115,3357.9507,5765.7456,7826.1104,10214.491,0.0
17.093426,16.721863,9.365188,15.806567,13.228901,17.19171,19.423868,10.17328
29.021433,33.948353,2.9490469,46.76644,28.402323,46.654346,64.20028,0.0
4841.644,5956.7354,1955.3451,9329.343,7137.0835,8556.741,9357.298,0.0
5.650149,5.640524,1.9103711,9.915775,6.5656023,8.19354,10.830822,1.80886
26.125818,28.54303,4.97078,46.462055,31.69793,41.96754,57.207764,0.0
3822.3752,5509.3735,735.1142,2889.435,6451.682,7952.073,9542.628,0.0
5.459887,5.4683895,1.5351326,9.212868,6.5656023,7.977336,10.132879,1.77312
23.376307,29.390444,1.2125968,47.03879,31.69793,40.611576,52.89501,0.0
2564.1533,6627.8203,137.42226,9525.016,6451.682,2569.1746,10665.186,0.0
4.986039,5.4683895,2.001596,9.212868,6.7003155,7.8911448,10.132879,1.84736
24.081217,29.390444,3.7123716,47.03879,29.396456,39.646645,52.89501,0.0
5665.2534,6627.8203,470.7201,9525.016,2724.489,7981.0576,10665.186,0.0
5.568338,5.6798887,1.5290482,9.037391,6.7003155,8.164975,11.07332,1.86588
94.11088,150.17659,-0.41745716,46.587788,141.3884,128.53943,61.329197,0.0
4619.363,4864.6353,956.7353,8606.908,2796.7083,6549.4414,9855.369,0.0
11.499337,11.669495,8.070976,12.9385805,12.199119,13.708617,14.819671,6.66909
23.790802,30.838724,1.635744,46.76644,42.488144,42.2018,55.32889,0.0
3516.3484,5055.126,95.787544,8377.96,4985.0034,7727.6377,9855.369,0.0
10.995574,11.669495,8.062864,13.768511,12.199119,12.857771,15.024655,6.82051
27.71084,30.838724,1.635744,49.163162,42.488144,36.793045,55.502434,0.0
2118.317,5055.126,95.787544,8658.767,4985.0034,7405.932,5045.7134,0.0
11.499337,11.251717,8.275065,14.608435,11.995377,12.9328575,14.749471,7.53711
23.790802,27.430302,1.5533408,50.080677,33.69961,43.45818,59.38839,0.0
3516.3484,4446.48,137.39394,2889.435,5505.9653,2569.1746,9383.949,0.0
10.831204,11.642128,7.685946,14.608435,12.199119,13.708617,14.817661,8.23603
28.024073,28.54303,1.5038449,50.080677,42.488144,42.2018,60.087776,0.0
3822.3752,5114.7603,12.77966,2889.435,4985.0034,7727.6377,8550.095,0.0
12.751787,13.562156,11.429073,14.338997,13.4997835,13.837347,15.057591,9.62679
23.790802,27.67681,2.0772557,49.163162,32.86898,40.526306,55.502434,0.0
3516.3484,1757.7783,193.86423,8658.767,5761.139,7060.8057,5045.7134,0.0
12.38352,12.577989,12.039628,14.338997,13.063645,13.837347,14.749471,11.75596
24.637514,30.838724,1.5038449,49.163162,33.69961,40.526306,59.38839,0.0
4351.7817,5055.126,12.77966,8658.767,5505.9653,7060.8057,9383.949,0.0
12.751787,12.600412,9.112753,14.608435,12.664569,13.837347,14.749471,12.57501
28.941322,28.54303,1.1499281,50.080677,42.488144,40.526306,59.38839,0.0
3516.3484,5114.7603,202.09944,2889.435,4985.0034,7060.8057,9383.949,0.0
4.986039,5.4683895,1.5070431,9.212868,6.6460357,7.977336,11.058916,1.75755
24.637514,30.286608,0.83958805,49.107307,33.294994,43.45818,53.974785,0.0
4536.4478,5177.9277,139.32558,8720.009,5963.894,2569.1746,4884.191,0.0
5.650149,6.083593,1.9066074,8.457746,6.6153536,8.086227,10.132879,1.75755
24.19906,27.67681,0.9661043,46.76644,34.907326,36.793045,53.050785,0.0
3822.3752,1757.7783,141.22894,8377.96,5761.139,7479.969,9509.862,0.0
5.459887,5.712269,2.1834044,8.457746,6.5656023,8.086227,10.132879,1.8362
26.42525,28.54303,1.6226072,46.76644,36.22148,36.793045,53.050785,0.0
2118.317,5114.7603,202.09944,8377.96,5083.059,7479.969,9509.862,0.0
5.459887,5.712269,1.5070431,9.915775,6.6153536,8.164975,11.058916,1.68038
26.42525,28.54303,0.83958805,46.830536,34.907326,39.105667,53.974785,0.0
2118.317,5114.7603,139.32558,2889.435,5761.139,6013.338,4884.191,0.0
4.986039,5.6798887,1.5070431,8.850295,6.5656023,7.977336,10.132879,1.7754
24.637514,29.379684,0.83958805,45.3247,36.22148,43.45818,53.050785,0.0
4536.4478,4361.8325,139.32558,7252.382,5083.059,2569.1746,9509.862,0.0
11.441257,12.51361,8.29991,17.782991,12.423428,13.115585,14.829522,7.97921
23.100924,23.976103,1.4954754,45.714256,32.563145,41.96754,59.29164,0.0
2158.2964,1757.7783,32.45544,2889.435,5505.9653,7952.073,8603.849,0.0
10.998091,11.567811,9.904441,17.782991,12.511322,13.160226,14.829522,8.14147
26.125818,27.153587,0.39801311,45.714256,28.4079,38.55397,59.29164,0.0
3822.3752,4371.2524,108.83576,2889.435,5761.139,6013.338,8603.849,0.0
14.380895,12.571453,11.233351,14.338997,14.744905,13.115585,15.58996,12.25983
26.125818,27.752062,0.39801311,47.03879,31.544641,41.96754,52.1479,0.0
3822.3752,5027.907,108.83576,8681.342,2324.2034,7952.073,5045.7134,0.0
15.281977,16.207476,12.434784,14.945042,14.724193,13.713788,15.742301,16.25142
24.016058,24.635601,6.011532,45.909252,32.49998,50.763367,59.29164,0.0
4391.5444,4714.2534,71.35292,8073.2334,5696.47,2569.1746,8917.044,0.0
16.417803,16.281092,15.5427065,16.532751,15.063454,13.713788,16.575016,17.61427
20.226578,26.678541,0.36516744,52.169216,28.402323,67.318695,67.2666,0.0
4464.726,1966.2241,611.04535,8453.942,7137.0835,2758.0398,10214.491,0.0
5.37323,5.9838467,9.681477,9.244492,7.594362,7.8911448,12.051582,1.97364
23.97729,27.153587,-0.39933735,45.3247,32.563145,39.646645,52.1479,0.0
4511.7593,4402.019,453.9072,7252.382,5520.815,7134.873,4930.7686,0.0
5.459887,5.6201544,9.681477,10.061697,7.594362,7.8911448,10.880839,1.96044
23.100924,27.752062,-0.39933735,45.41996,32.563145,39.646645,55.32889,0.0
2315.6714,5152.382,453.9072,2889.435,5520.815,7134.873,9855.369,0.0
5.37323,6.9292645,11.157534,9.448797,7.392353,10.627093,12.051582,1.97364
23.97729,23.976103,-0.48986775,45.909252,30.446253,36.793045,52.1479,0.0
4511.7593,1757.7783,453.9072,8000.993,5761.139,7482.2847,4930.7686,0.0
5.650149,6.774235,11.083929,9.212868,7.594362,10.627093,10.132879,2.13915
24.576761,31.542946,-0.41226155,50.727463,32.49998,36.793045,72.443695,0.0
3822.3752,5240.9,228.82126,9047.542,5727.9077,7649.4927,9509.862,0.0
18.1832,17.661013,34.29266,20.348286,17.844275,14.334264,19.615156,0.0
154.7069,216.31764,164.82884,157.29701,223.5438,206.8592,161.18192,248.327
4242.5107,7075.98,33914.92,5056.3765,8084.2515,26278.51,11264.323,0.0
10.355488,10.836714,12.193907,12.691665,13.92069,14.334264,14.149349,55.504
195.30774,98.090385,190.08241,155.90146,212.60204,161.52394,165.397,0.0
6661.6616,6967.407,3525.0945,10353.422,4949.661,10269.852,6210.2134,2395.542
14.899062,13.613897,11.021905,18.530666,16.043034,17.256876,14.200214,27.177
162.81125,184.20131,100.13564,164.71655,63.8408,143.1447,165.397,0.0
4199.772,4213.849,302.28693,7872.5156,5761.139,7124.7134,6210.2134,1143.554
14.899062,15.372529,13.447767,15.386287,18.52938,17.256876,22.32843,13.908
162.81125,58.96505,55.848404,71.07185,67.83267,143.1447,80.510475,254.612
4199.772,4840.755,308.78064,8208.173,5888.5728,7124.7134,8363.222,0.0
16.982878,15.6540985,17.856163,15.386287,17.328793,17.315115,17.078861,13.681
132.18759,33.72146,127.42892,55.080482,35.07006,44.15976,91.70726,256.293
3570.7644,4850.0825,203.72206,8208.173,4794.015,5988.6455,9122.081,0.0
16.613684,14.973722,20.046492,16.758095,16.388573,16.274122,17.683968,12.294
191.7691,188.52322,9.897366,55.28836,167.63106,51.128143,99.35528,0.0
2144.7998,4840.755,458.05704,8365.326,5549.611,7355.252,8363.222,0.0
7.221525,14.973722,12.579792,11.506995,16.388573,14.779596,16.61557,22.953
39.072502,188.52322,2.5071669,55.080482,167.63106,46.447906,77.355415,0.0
4199.772,4840.755,3532.0408,8208.173,5549.611,7124.7134,9855.369,0.0
18.773785,10.836714,13.557116,19.746157,16.043034,17.315115,20.14551,5.555
54.76333,98.090385,96.075676,90.671776,63.8408,67.388565,74.80109,864.446
5655.8755,6967.407,2601.6042,10261.72,7739.1265,7028.6426,10929.529,11568.104
18.773785,19.200922,12.193907,18.76642,16.043034,14.334264,19.615156,2.748
54.76333,184.20131,190.08241,164.71655,63.8408,161.52394,137.40988,175.349
5655.8755,7041.7866,3525.0945,10284.3125,7739.1265,10269.852,11264.323,0.0
10.355488,10.836714,17.850832,20.348286,13.92069,15.419596,18.49569,18.359
195.30774,98.090385,200.97353,157.29701,212.60204,204.30923,150.93082,0.0
6661.6616,6967.407,3798.8472,5056.3765,4949.661,5327.877,11774.218,1491.723
14.899062,19.200922,18.157328,18.76642,15.491779,17.256876,14.149349,4.9
162.81125,184.20131,164.82884,164.71655,168.42006,143.1447,165.397,180.32
6727.656,7041.7866,2487.749,10284.3125,8322.422,9099.264,6210.2134,7695.8
15.397088,15.951088,13.557116,18.76642,15.491779,15.419596,14.149349,29.956152552420832
196.1219,176.13313,96.075676,164.71655,168.42006,204.30923,165.397,0.0
7609.062,4652.035,2601.6042,10284.3125,8322.422,5327.877,6210.2134,0.0
15.397088,19.200922,13.557116,19.746157,13.92069,15.419596,18.849846,14.735671940753138
196.1219,184.20131,96.075676,90.671776,212.60204,204.30923,152.1817,0.0
7609.062,7041.7866,2601.6042,10261.72,4949.661,5327.877,10324.449,0.0
14.899062,15.951088,17.850832,20.348286,19.219107,17.315115,20.14551,2.748
162.81125,176.13313,200.97353,157.29701,155.33035,67.388565,74.80109,125.188
6727.656,4652.035,3798.8472,5056.3765,7602.969,7028.6426,10929.529,0.0
11.577205,11.570421,6.8453526,11.201305,11.029443,15.429776,14.728836,86.134
104.41252,86.50781,93.37372,105.04345,71.17303,77.40405,106.83223,0.0
9915.061,9867.6875,3698.1182,12694.479,10930.166,12458.729,14216.365,0.0
30.278568,41.221844,27.36079,25.183615,24.947712,30.413055,33.095104,1.682
57.20079,95.20736,70.63765,72.2421,56.36451,67.71273,61.08208,100.274
7531.4263,8292.361,1857.6509,12696.683,4142.1104,11947.683,12903.435,2003.775
9.502655,10.5100565,55.14269,11.201305,41.366936,38.65449,33.095104,30.3069981554375
76.061165,84.96462,4.200089,105.04345,44.19244,59.648582,61.08208,238.604
6710.9214,8117.833,160911.73,12694.479,88226.37,71770.86,12903.435,118901.904
9.502655,15.6849,4.51741,11.201305,12.402951,10.585626,12.709251,65.939
76.061165,169.63002,5.069415,59.63569,48.916878,57.547546,68.87843,0.0
6710.9214,64465.57,496431.7,317249.25,394757.38,352259.25,267516.22,167458.034
9.502655,15.6849,58.90868,36.2531,34.958977,36.960236,33.70219,0.0
76.061165,169.63002,17.037762,57.98891,45.75,59.648582,70.704216,0.0
6710.9214,64465.57,80398.73,73328.86,84283.67,71770.86,64446.383,517947.468
12.658465,11.113524,51.3346,14.080212,11.205666,17.315115,14.339411,0.0
41.40502,84.3936,17.037762,55.159164,47.53041,58.24921,71.68775,0.0
285634.9,272431.8,80398.73,185965.11,246974.98,9049.541,161166.06,857538.7
18.1832,15.951088,12.193907,20.348286,13.92069,15.419596,14.149349,0.0
154.7069,176.13313,190.08241,152.82384,212.60204,204.30923,165.397,0.0
4395.767,4652.035,3525.0945,5056.3765,4949.661,5327.877,6210.2134,2930784.852
56.89928,59.632328,80.32643,29.929995,51.68335,47.990208,37.55227,0.0
23.664278,25.903027,0.5618672,52.85451,31.75507,39.96039,54.087048,300.0
4538.4595,5142.7407,293.2197,8223.258,6421.9526,6868.9375,10075.356,0.0
34.536125,34.70635,45.940697,29.929995,32.916985,32.00579,28.636665,85.0
29.101341,31.310883,10.191126,52.85451,40.861107,89.726105,57.26923,0.0
4496.6763,5376.8296,264.80707,8223.258,5322.318,7543.1904,9717.869,0.0
40.857533,41.925583,54.402786,43.61332,51.68335,45.964806,44.517513,50.0
31.001726,42.007977,0.5618672,52.935223,31.75507,39.96039,64.21424,0.0
2381.4355,5529.9014,293.2197,9140.552,6421.9526,6868.9375,10561.211,0.0
50.47529,56.647438,45.940697,38.32494,51.68335,32.00579,44.517513,35.0
30.864367,25.903027,10.191126,47.889004,31.75507,89.726105,64.21424,0.0
4593.3306,5142.7407,264.80707,8910.113,6421.9526,7543.1904,10561.211,0.0
22.409456,33.916508,7.4475145,35.205555,8.941964,24.355255,17.605162,17.0
86.14921,71.80182,202.0076,135.65085,90.085754,41.662704,79.52074,0.0
5090.9097,39559.387,3148.5854,47004.406,31298.785,7179.0337,29861.068,0.0
13.387307,13.7686615,14.240966,11.570719,9.894369,15.02614,16.154934,8.377
51.333435,55.522785,10.875946,67.266846,37.329178,98.763405,77.355415,0.0
4521.2427,9572.679,1890.792,10939.931,31298.785,7697.8745,13627.332,0.0
6.503008,9.57748,5.7281775,11.818772,9.894369,12.706209,12.14086,12.478
162.63527,188.66255,187.83208,146.75803,154.60866,153.12105,137.23466,0.0
8719.627,9542.246,965.3871,12424.73,31298.785,11947.683,12666.953,0.0
13.958049,14.81918,6.3510885,10.44162,14.057648,16.4586,17.29245,4.579
46.86539,21.668507,462.83432,67.266846,69.515465,64.443474,73.24523,211.601
5090.9097,4500.7563,92384.13,47004.406,7765.225,7583.9727,9313.312,58490.82290990921
8.098226,14.81918,3.0498059,10.44162,8.006632,10.124343,12.213356,15.254
446.7624,21.668507,693.2054,332.50873,389.81467,366.66245,290.78018,874.847
61111.633,4500.7563,92384.13,47004.406,55737.94,43233.668,36401.58,0.0
15.367686,14.81918,14.085925,16.88414,16.2753,17.340984,17.143393,0.0
522.8825,21.668507,299.8362,385.16028,215.16125,210.40659,406.43387,741.631
47265.934,4500.7563,1857.6509,45038.305,9999.834,11649.948,9313.312,100827.969
15.586827,12.763484,16.73488,19.600529,20.237076,15.5443125,20.377632,21.3
45.347466,61.06265,65.31332,66.66038,56.076767,110.39082,122.910194,0.0
2144.7998,4917.689,331.5326,3406.7942,5888.5728,5988.6455,9855.369,0.0
20.188927,24.18419,16.402304,21.656523,17.980282,21.707842,20.899773,19.6
38.79457,29.321623,35.58997,87.39699,91.26095,67.696976,104.2523,0.0
4212.0435,1733.7915,167.99983,7872.5156,5549.611,2569.1746,9855.369,0.0
11.791897,9.646641,5.795111,12.521962,8.9126835,13.254957,13.357755,8.317638
103.39316,174.30557,215.20256,182.00165,196.86555,104.30773,155.05576,0.0
3570.7644,4213.849,133.50134,7872.5156,2323.9124,5988.6455,8363.222,0.0
9.888335,8.453437,7.573754,11.711582,8.9126835,11.157068,13.115867,10.965
187.91216,221.36385,147.31792,170.78023,196.86555,202.26906,158.33005,0.0
3796.8108,4840.755,157.05061,8365.326,2323.9124,7124.7134,9855.369,0.0
8.428424,8.453437,6.453231,12.521962,9.647526,11.157068,13.461317,8.912509
192.95282,221.36385,198.02885,182.00165,181.07826,202.26906,122.73418,0.0
4214.4897,4840.755,211.30902,7872.5156,5549.611,7124.7134,9313.312,0.0
10.384966,9.646641,6.5238943,11.143865,8.9126835,10.978358,13.069376,6.486
143.53464,174.30557,154.56898,134.59929,196.86555,138.61182,135.44637,305.642
4199.772,4213.849,146.44862,8208.173,2323.9124,7355.252,9122.081,0.0
11.791897,10.322096,6.453231,12.521962,10.304445,13.254957,13.357755,2.297
103.39316,143.31168,198.02885,182.00165,141.3179,104.30773,155.05576,287.206
3570.7644,4500.7563,211.30902,7872.5156,5888.5728,5988.6455,8363.222,0.0
11.791897,10.3697605,7.573754,12.184656,11.183742,13.254957,13.461317,0.0
103.39316,113.672295,147.31792,111.96392,113.49095,104.30773,122.73418,492.344
3570.7644,4872.2075,157.05061,7230.3535,5761.139,5988.6455,9313.312,0.0
8.556495,22.569267,0.40286142,11.514514,7.173283,8.19553,13.84836,0.0
28.146936,28.798103,8.669008,49.635574,41.153065,43.08103,69.05845,0.0
2144.7998,4872.2075,730.1899,2786.8257,5549.611,6810.131,9855.369,1429.0
6.3724895,8.017125,4.682393,14.7272835,10.027456,9.292687,13.84836,0.0
26.541666,36.392952,3.4415624,46.864017,34.89435,45.02741,69.05845,0.0
3796.8108,4213.849,996.016,7872.5156,4794.015,7355.252,9855.369,1128.0
7.2147593,8.136169,0.59244484,14.376183,8.392101,9.223831,12.404822,0.0
28.146936,34.43578,31.36615,115.776085,39.298695,62.22319,66.91715,0.0
2428.1396,2738.3706,1154.2338,7230.3535,5888.5728,5988.6455,9122.081,2859.0
7.4633975,8.250782,0.55480903,14.376183,10.806724,10.384276,13.84836,0.0
97.76211,96.617546,118.61078,126.6709,34.89435,134.3534,115.76292,0.0
16023.361,8148.5635,14287.167,23639.457,25128.531,3306.7263,17725.121,4187.0
11.550993,55.673103,27.408285,18.518454,19.566725,50.129864,15.5903015,0.0
174.59125,156.6474,234.38051,157.29701,173.67297,204.30923,159.99243,460.644
6199.4624,6037.1597,1889.3319,5056.3765,6777.891,4379.6187,6210.2134,35504.948
8.14801,8.852059,6.1784177,9.442093,9.440203,9.759929,13.115867,16.365270316611227
160.34154,170.2643,207.03621,131.99611,35.07006,145.60558,152.9331,0.0
2144.7998,4840.755,212.32321,8208.173,4794.015,6810.131,9855.369,0.0
8.895092,9.5407,5.031604,12.270751,10.42832,12.11827,12.0995865,2.9
27.7422,28.24443,1.0245684,46.76644,33.40576,44.414974,57.467426,0.0
5556.8364,6214.5317,452.05902,9437.013,5678.938,8643.338,4883.29,0.0
11.125693,9.014918,4.400348,12.387572,32.416035,10.953221,12.794745,4.4
38.620888,30.348732,0.96654797,46.565388,72.60743,36.793045,62.21949,0.0
3786.4473,5022.4683,1095.5233,2854.1096,6912.144,8388.139,10013.727,0.0
8.751971,7.5651155,4.283633,13.268051,11.743198,9.76423,13.980458,7.95
25.977928,29.77564,7.6424656,46.76644,41.29053,44.404537,56.410194,0.0
4653.221,1850.7158,452.05902,9437.013,2569.6155,2689.1345,10777.833,0.0
48.75616,40.19642,12.64381,43.820507,40.55408,14.691303,10.994288,70.0787402
60.57618,30.623116,45.122932,49.518948,74.307945,41.662704,86.00107,0.0
3796.8108,4850.0825,190.03754,7230.3535,2323.9124,7124.7134,4812.68,0.0
52.483364,47.6383,64.534744,42.832516,48.838654,51.32783,41.267467,60.6299213
31.37501,37.593937,2.4263608,71.07185,44.01737,44.137257,74.583885,0.0
2144.7998,4840.755,106.0072,8208.173,5888.5728,7355.252,9122.081,0.0
51.790104,47.6383,61.64799,42.286015,45.24189,42.49068,35.594692,60.6299213
31.29658,37.593937,3.836739,51.062042,36.647194,53.714203,87.92497,0.0
4214.4897,4840.755,225.85251,8365.326,5761.139,5988.6455,4812.68,0.0
40.782528,48.56402,60.828693,39.293736,45.24189,7.859079,40.11139,61.4173228
37.23845,28.577747,1.0552397,46.864017,34.012688,53.714203,62.119663,0.0
4214.4897,4500.7563,199.21272,7872.5156,5761.139,5988.6455,8363.222,0.0
7.516503,47.52392,19.686443,10.080247,7.3692856,10.027135,35.594692,61.4173228
30.608126,30.623116,-2.6173472,49.518948,37.95762,53.714203,57.886528,0.0
3796.8108,4977.938,-14.282257,7230.3535,4794.015,5988.6455,4812.68,0.0
48.911102,18.936531,64.4546,20.089964,48.838654,45.705494,14.782803,0.0
78.42387,49.44729,101.30967,124.97021,143.14105,46.382854,171.52805,180.314961
2144.7998,4850.0825,139.2953,8365.326,5888.5728,2569.1746,9855.369,0.0
21.97971,4.9010115,0.7453415,27.6361,29.59952,24.317383,14.028855,0.0
84.505066,113.34883,82.06958,87.884155,87.19018,110.97082,107.056335,220.866142
3570.7644,4213.849,161.72011,2860.3167,4794.015,6810.131,9855.369,0.0
5.954296,5.572429,-2.1124356,11.979007,7.6300855,10.526879,14.339411,0.0
152.17505,108.54006,151.1962,127.35065,169.8321,149.49086,171.06012,215.748031
4211.054,4500.7563,223.5766,2860.3167,5549.611,7124.7134,8363.222,0.0
34.580227,49.97649,42.0316,29.58671,43.4411,10.613919,40.11139,0.0
104.03457,85.18706,27.629276,139.80461,129.1599,132.6764,133.51634,230.314961
2144.7998,1733.7915,115.07948,2791.1519,5888.5728,7124.7134,8363.222,0.0
9.702995,10.922731,12.229087,13.8654995,12.92825,15.199217,15.144419,3.563
99.85231,33.78436,165.3495,79.3123,31.580599,122.34858,142.4708,0.0
4377.6504,4500.7563,467.46857,8374.099,5761.139,7225.798,8393.068,0.0
19.863579,10.760642,11.32495,14.38521,16.887115,15.249699,14.787,3.497
38.300636,142.98302,166.39368,47.889004,37.724094,109.842865,56.48152,0.0
4688.355,1891.3179,377.30255,8277.961,7033.6597,7225.798,9122.081,0.0
12.012359,19.472275,9.429293,14.746773,25.23625,12.229005,17.209808,8.389
26.220474,67.623405,48.85151,47.230843,36.074955,50.55053,105.74085,0.0
3593.364,1891.3179,219.64241,2961.9497,6226.637,2569.1746,9855.369,0.0
15.8807955,11.334167,10.045491,20.897123,25.23625,12.167814,15.410641,18.82
66.471924,73.97523,9.9715805,65.31198,70.77156,37.996468,60.690628,541.749
4217.483,4500.7563,150.69235,8374.099,6226.637,7214.731,9122.081,0.0
14.8338175,16.71152,24.943733,49.456974,22.106688,15.842075,17.189003,99.559
31.994257,95.65447,3.7313466,48.08125,54.73584,73.34489,238.16309,0.0
5137.6655,1966.2241,1475.0264,7230.3535,6605.917,5988.6455,9378.822,0.0
18.141983,16.59178,88.41781,17.552923,27.434423,52.224495,15.739431,86.31
42.246452,93.93677,7.769595,68.67591,37.06709,51.88211,130.05037,0.0
4973.2964,1966.2241,372.11115,8632.751,6760.9966,2758.0398,10214.491,5388.375
15.52566,10.97937,35.827137,10.022054,21.779018,15.037697,13.295137,17.783
114.88588,81.650345,-1.4955448,132.82831,69.00861,122.34858,140.42215,0.0
3526.154,2323.5874,168.18005,8214.481,5761.139,7087.341,5054.2686,0.0
15.52566,15.200033,35.827137,18.529291,21.779018,23.404598,25.40083,0.0
127.0947,32.776527,-1.4955448,44.072216,69.00861,39.328354,59.019176,191.5
3547.7175,4850.0825,168.18005,7230.3535,5761.139,5988.6455,9122.081,6000.87
18.043697,20.919493,23.307585,11.754111,16.01011,11.951253,13.424654,36.517
112.44176,43.534996,25.727427,52.73365,89.38578,41.662704,61.488037,0.0
3840.658,4850.0825,1034.6053,7872.5156,2369.2166,7104.9956,5054.2686,0.0
18.043697,16.482252,13.328698,14.973058,18.52938,11.951253,17.597212,31.623
112.44176,81.714905,24.512222,56.970203,48.179596,41.662704,219.34868,0.0
3618.0818,4254.8296,432.63962,7230.3535,5959.9546,7104.9956,9855.369,1154.782
20.655415,20.854166,24.649157,21.728645,16.306257,21.397684,19.897516,6.465
61.886486,66.70792,3.4662244,50.952015,70.59639,55.56759,62.028893,634.7921505179139
4438.5923,4850.0825,609.32166,8372.511,2369.2166,7087.341,5054.2686,0.0
65.97968,66.171585,15.254106,32.859993,10.806724,16.716839,15.833955,9.531
165.35716,191.18341,280.94055,69.40548,94.75852,132.15067,289.79117,0.0
8414.527,6967.407,2487.749,10261.72,7602.969,10269.852,10929.529,2268.129
18.311365,54.525814,18.200432,16.46673,13.871354,15.394999,39.031666,5.96
130.6114,49.989784,9.781694,69.17711,62.143875,67.81742,73.24523,182.2
3618.0818,1891.3179,395.62347,7872.5156,5616.485,7592.2803,9378.822,0.0
17.28061,12.764004,8.157984,13.768825,13.813669,11.58797,15.932955,11.568
130.6114,162.93665,175.73853,140.14964,133.23718,137.53825,139.15184,0.0
3618.0818,4850.0825,884.5662,8256.334,2369.2166,7872.3,8394.133,0.0
15.709848,12.764004,13.797779,16.46673,14.703566,14.907938,15.932955,7.499
59.00941,162.93665,12.706165,147.13219,55.000954,63.890408,139.15184,124.094
2916.459,4850.0825,342.54825,7872.5156,5761.139,5988.6455,8394.133,0.0
13.192176,12.986926,10.311853,15.251949,12.940101,12.031423,15.932955,16.973
130.6114,165.92018,125.95876,116.628456,132.87465,149.02963,139.15184,201.434
3618.0818,4859.2695,722.02826,8372.511,4865.888,9671.189,8394.133,0.0
13.583122,15.207981,11.062533,16.983707,14.433037,12.031423,17.144245,10.0
157.14246,140.0102,114.48846,140.9739,134.70085,116.12701,136.56952,181.161
4215.4243,1891.3179,722.02826,2867.9163,5959.9546,9671.189,9855.369,0.0
15.159007,14.210418,10.965501,16.46673,13.724483,14.907938,16.287123,9.839
161.11754,161.77614,180.06805,133.97539,199.63495,145.77419,139.15184,115.471
2474.6602,4254.8296,342.54825,7872.5156,5616.485,5988.6455,8394.133,0.0
13.526396,15.371575,10.28294,15.356646,13.724483,11.951253,15.479321,20.71
414.26157,461.68558,590.8797,327.75888,287.64282,306.2954,262.83078,0.0
4215.4243,4254.8296,342.54825,2867.9163,5616.485,7104.9956,9122.081,1447.236
67.13154,64.92155,92.30027,51.97486,56.10164,11.192199,43.12694,63.0
33.54029,35.441933,22.457848,64.05784,50.42536,137.24805,63.956074,0.0
2144.7998,4267.4907,62.093136,8365.326,5916.8247,7355.252,9122.081,0.0
36.18268,10.714033,18.14348,13.781009,39.58382,11.192199,17.401257,98.0
38.595676,51.560513,15.698124,45.13618,36.15959,137.24805,103.44862,0.0
3796.8108,4840.755,161.30116,7230.3535,6107.433,7355.252,10031.65,0.0
65.470695,64.92155,72.06941,44.302563,39.58382,57.838917,49.05087,0.0
30.38707,39.13987,8.414207,46.31011,54.82481,105.548065,53.974785,132.0
3570.7644,4267.4907,169.62204,7958.913,6107.433,6822.0664,4812.68,0.0
12.368866,14.08352,10.746422,15.880611,14.676425,15.059896,16.070057,19.3
28.618486,32.169704,0.9305882,54.909298,34.702923,43.733154,101.9802,0.0
3796.8108,4840.755,233.4697,8365.326,5549.611,6810.131,9313.312,0.0
16.675024,18.221888,16.62556,20.77126,18.707281,17.70273,19.992073,12.5
24.239157,43.80372,1.3777026,49.635574,31.72864,36.793045,59.84471,0.0
4199.772,4213.849,193.14105,2786.8257,5761.139,7124.7134,9122.081,0.0
26.339432,27.299955,13.572131,15.391339,14.430632,15.660325,15.353133,11.4
27.017794,74.31291,48.736195,67.098045,77.34014,77.276024,88.82189,0.0
4214.4897,4213.849,104.59802,8365.326,5549.611,2569.1746,4812.68,0.0
26.339432,11.9184885,13.35635,13.746206,20.197649,15.66023,16.223644,9.8
27.017794,74.31291,22.582787,97.71408,40.99849,41.662704,63.499947,0.0
4214.4897,4213.849,239.85446,7872.5156,2323.9124,7124.7134,9122.081,0.0
28.411743,33.01557,33.369396,26.100584,29.59952,25.0591,23.840702,0.0
95.98065,79.49915,90.765434,104.06366,85.39549,97.683266,103.72763,223.69
6948.429,6543.886,7130.4717,10504.649,8496.941,8966.893,9855.369,0.0
36.797703,30.345173,33.369396,17.021006,29.59952,25.559477,21.82161,0.0
70.45518,94.83792,90.765434,122.144485,85.39549,103.69478,110.1238,150.37
4689.689,7822.713,7130.4717,11692.036,8496.941,5996.3633,10734.764,0.0
18.913057,22.534405,23.103819,17.021006,20.853287,25.0591,21.82161,86.05
116.27949,111.33014,106.420685,122.144485,103.17256,97.683266,110.1238,0.0
8214.539,8031.596,5693.885,11692.036,6243.297,8966.893,10734.764,0.0
18.913057,15.697666,27.451506,17.021006,20.853287,22.13838,21.82161,65.79
116.27949,125.99718,104.88679,122.144485,103.17256,110.39082,110.1238,0.0
8214.539,8047.97,5440.262,11692.036,6243.297,8428.704,10734.764,0.0
25.833872,22.534405,33.369396,26.100584,22.60384,24.916798,25.09756,41.03
103.729256,111.33014,90.765434,104.06366,100.50801,110.62369,107.13363,0.0
7832.275,8031.596,7130.4717,10504.649,8538.366,9558.257,10298.22,0.0
36.797703,33.01557,37.744904,23.91056,32.383545,22.13838,23.840702,0.0
70.45518,79.49915,74.1899,103.94985,83.11441,110.39082,103.72763,184.183
4689.689,6543.886,3332.3804,5130.203,5761.139,8428.704,9855.369,16886.043
36.797703,22.534405,21.413744,27.86856,20.853287,25.0591,25.09756,0.0
70.45518,111.33014,111.00259,91.53158,103.17256,97.683266,107.13363,185.724
4689.689,8031.596,4793.1846,8371.3125,6243.297,8966.893,10298.22,14231.352
24.139149,28.564835,37.744904,27.86856,32.383545,28.702513,21.82161,0.0
89.45097,89.33997,74.1899,91.53158,83.11441,87.572784,110.1238,201.798
6851.86,5490.071,3332.3804,8371.3125,5761.139,8828.882,10734.764,9594.83
36.797703,30.345173,27.451506,27.827026,22.60384,28.702513,24.863417,0.0
70.45518,94.83792,104.88679,100.42752,100.50801,87.572784,100.13852,139.522
4689.689,7822.713,5440.262,9680.675,8538.366,8828.882,10665.186,8144.264
28.411743,33.01557,37.744904,27.827026,32.383545,25.559477,23.840702,0.0
95.98065,79.49915,74.1899,100.42752,83.11441,103.69478,103.72763,111.392
6948.429,6543.886,3332.3804,9680.675,5761.139,5996.3633,9855.369,8265.342
24.139149,15.697666,21.413744,23.91056,22.60384,25.559477,23.840702,86.056
89.45097,125.99718,111.00259,103.94985,100.50801,103.69478,103.72763,0.0
6851.86,8047.97,4793.1846,5130.203,8538.366,5996.3633,9855.369,7026.626
28.411743,15.697666,21.413744,17.021006,23.734745,22.13838,23.840702,61.601
95.98065,125.99718,111.00259,122.144485,104.2082,110.39082,103.72763,0.0
6948.429,8047.97,4793.1846,11692.036,8873.386,8428.704,9855.369,0.0
48.20034,32.528152,32.07161,12.012746,42.77955,38.781322,24.577375,72.459
66.70836,73.96984,94.520996,133.36218,68.02349,53.714203,94.26757,0.0
2423.8545,5214.6294,347.06485,8712.847,5761.139,6254.703,5093.3057,8497.116963830049
48.131195,32.528152,32.07161,12.012746,45.420444,40.38211,24.577375,71.0
60.142353,73.96984,94.520996,133.36218,75.598274,85.71109,94.26757,0.0
9480.558,5214.6294,347.06485,8712.847,11714.937,11295.094,5093.3057,0.0
59.634888,50.91599,51.4916,43.820507,50.206886,39.551678,40.11139,0.0
38.37801,54.476208,137.66469,58.062565,52.29787,157.08324,68.29059,152.809
3907.6672,2399.5874,366.0545,7892.699,5369.9194,3278.547,8991.33,0.0
12.135386,23.729662,51.4916,12.012746,17.282791,39.551678,20.738106,64.777
100.33374,153.26723,137.66469,133.36218,106.238655,157.08324,122.27556,0.0
5111.472,5461.208,366.0545,8712.847,2896.8308,3278.547,9855.369,0.0
64.58056,8.140866,90.54474,44.730614,55.619957,12.144462,43.54407,0.0
70.89555,296.15164,22.01759,65.96502,67.10489,320.5267,71.810196,440.764
3907.6672,5409.5083,347.06485,8606.908,2896.8308,7759.0615,5093.3057,0.0
6.725229,8.140866,1.079492,11.311702,8.212835,12.144462,12.317977,98.712
373.90256,296.15164,434.53473,301.09576,329.92728,320.5267,291.86737,0.0
2423.8545,5409.5083,302.99744,9147.195,5880.4995,7759.0615,10302.891,0.0
35.411617,10.734606,3.149469,12.947726,11.528723,12.022091,14.043924,0.0
108.53127,135.98415,168.4664,115.04721,99.84985,146.67653,145.2198,880.214
5139.97,1966.2241,336.1053,8606.908,2548.4866,7685.895,9855.369,0.0
35.411617,9.979249,2.1031163,12.575792,10.648212,12.144462,12.317977,0.0
108.53127,511.18045,806.3672,389.85907,466.06433,406.61804,324.23938,169.744
5139.97,5040.0356,759.9052,7892.699,6502.1294,7759.0615,10302.891,0.0
13.908328,21.712873,16.837572,15.477064,13.288381,14.496004,15.232801,8.403
155.3621,161.45453,302.315,155.89546,154.23312,144.38722,152.9331,172.368
3570.7644,4213.849,103.22053,8365.326,5888.5728,7355.252,9855.369,0.0
11.500708,11.721777,9.03672,13.054051,10.584602,13.123463,14.17949,8.561
143.26828,141.32062,149.0537,131.99611,152.29623,133.46313,132.25601,192.88
2144.7998,4500.7563,159.54823,8208.173,5761.139,5988.6455,9122.081,0.0
11.002416,11.216455,8.382127,12.930042,12.813526,13.123463,13.646537,8.894
155.16426,156.39093,196.87407,141.58257,150.74477,133.46313,152.9331,144.597
4199.772,4917.689,192.75043,7230.3535,4794.015,5988.6455,9855.369,0.0
19.895138,26.40721,38.773037,21.5864,7.2242403,8.799611,12.874225,3.5124102063219853
63.022636,185.26523,175.80261,113.926346,112.448875,122.789474,153.74348,302.052
6922.3477,5361.8823,2612.6545,7230.3535,2323.9124,7708.043,10018.99,0.0
12.806486,18.832003,42.824444,20.035887,48.035473,21.744417,16.494581,0.0
42.533756,62.84916,80.27661,58.005413,104.576706,97.29746,60.287823,189.641
4287.195,1832.6968,2167.0525,8504.473,7067.2056,8161.574,5033.869,0.0
29.402153,11.719806,6.4088626,14.135751,11.267163,12.547028,13.810905,7.5
67.89377,24.704176,-1.2873049,45.13618,40.040264,44.414974,69.46137,0.0
4538.4595,1905.8652,381.1092,8223.258,6580.139,7908.2705,9717.869,0.0
29.402153,17.26832,9.209612,11.894875,12.162199,16.777224,14.382681,7.5
67.89377,88.77181,31.305735,52.963017,49.45068,157.08324,90.63431,0.0
4538.4595,4646.0366,272.15277,9140.552,5322.318,2753.5706,10075.356,0.0
12.844634,17.26832,7.6083393,17.90265,12.037708,13.020563,14.382681,14.2
337.99274,53.3444,80.84338,301.09576,59.657158,63.890408,150.50903,0.0
2493.354,4646.0366,427.60587,11236.987,6621.28,6868.9375,10075.356,0.0
13.423557,11.685045,9.621352,14.914753,12.371642,12.685058,14.205091,7.0
23.664278,30.268267,-8.755238,45.13618,35.18453,41.46685,59.509605,0.0
4538.4595,5529.9014,437.77383,8223.258,6621.28,7543.1904,10561.211,0.0
11.018926,11.685045,11.192965,11.956209,15.770661,16.381832,17.224682,7.4
30.592352,31.132174,1.0543057,47.889004,40.861107,112.91065,51.90576,0.0
4645.562,5529.9014,196.27771,8910.113,5322.318,2753.5706,4949.986,0.0
13.470228,11.076291,8.886265,34.007183,17.230406,15.433641,25.462893,10.5
61.66562,25.600689,133.42458,292.20456,100.16927,44.137257,74.75826,0.0
4538.4595,5142.7407,209.9139,11236.987,5322.318,7908.2705,8725.842,0.0
45.32287,21.12906,22.427114,23.803411,25.78797,8.19553,34.241955,54.25
24.251764,31.259499,1.9727659,46.864017,33.890434,42.61326,56.410194,0.0
3821.3206,4917.689,190.36116,7872.5156,4794.015,6810.131,9855.369,0.0
42.256866,39.246574,51.9019,37.106045,44.002796,38.48038,32.58944,51.85
35.124954,31.066156,3.0251012,46.683304,36.882877,37.996468,54.087048,0.0
4199.772,4840.755,173.92868,2854.1096,5888.5728,7124.7134,9313.312,0.0
14.79782,47.33951,59.69727,26.677006,15.932972,14.436395,31.880756,55.78
26.60881,30.593664,2.3391817,48.387936,37.654034,47.864178,59.599293,0.0
3570.7644,1823.2788,191.84027,8208.173,5549.611,2689.1345,8363.222,0.0
14.79782,13.520925,8.751912,26.677006,12.903425,14.436395,15.579696,52.29
26.60881,31.259499,3.0251012,48.387936,37.654034,47.864178,62.2442,0.0
3570.7644,4917.689,173.92868,8208.173,5549.611,2689.1345,9122.081,0.0
43.925114,49.561523,51.70821,38.09938,44.013706,39.269444,33.07085,4.29
30.19124,28.461395,2.6375215,46.864017,32.428833,44.414974,59.599293,0.0
4214.4897,4213.849,191.84027,7872.5156,5761.139,7355.252,8363.222,0.0
5.8373666,6.1393538,0.7268421,9.835545,10.183282,8.747773,11.410495,0.0
148.64616,151.45718,164.86856,138.73376,146.77048,139.03423,136.84338,109.55
3570.7644,4840.755,116.399796,8208.173,2323.9124,5988.6455,8363.222,0.0
4.663169,6.8907294,0.36422688,9.835545,10.183282,9.028616,11.874286,0.0
144.19437,136.96996,155.1644,138.73376,146.77048,138.39636,125.70971,140.3
4199.772,4500.7563,190.36116,8208.173,2323.9124,7355.252,9855.369,0.0
5.8262496,6.0705404,0.30429345,9.835545,7.166138,9.028616,12.0995865,0.0
137.71677,142.35081,153.9993,138.73376,139.09175,138.39636,123.39706,167.76
3821.3206,4213.849,191.84027,8208.173,5549.611,7355.252,4812.68,0.0
5.4535875,6.8907294,1.3466351,9.931158,10.183282,8.509219,12.0995865,0.0
139.84413,136.96996,144.99426,128.4177,146.77048,136.72852,123.39706,171.64
4214.4897,4500.7563,173.92868,7872.5156,2323.9124,2689.1345,4812.68,0.0
5.8262496,5.9613256,0.36422688,9.835545,7.5002317,8.19553,11.874286,0.0
137.71677,140.8823,155.1644,138.73376,131.33868,133.84508,125.70971,177.31
3821.3206,4917.689,190.36116,8208.173,5761.139,6810.131,9855.369,0.0
5.730846,6.565883,1.3466351,9.931158,7.5002317,8.747773,11.874286,0.0
141.3281,138.30505,144.99426,128.4177,131.33868,139.03423,125.70971,175.52
2144.7998,1823.2788,173.92868,7872.5156,5761.139,5988.6455,9855.369,0.0
6.0243587,7.0842237,36.979347,11.702723,8.448004,10.322457,13.570776,0.0
170.01547,137.45856,137.86464,107.25754,139.61569,175.25308,119.45186,158.974
4199.772,4872.2075,167.19862,8365.326,5549.611,2569.1746,4812.68,0.0
18.79705,6.450086,30.153889,10.648827,11.227199,24.731083,23.699968,0.0
138.89433,124.186195,105.4598,128.89975,130.54008,108.054596,131.46576,155.64
3796.8108,4500.7563,167.19862,7872.5156,5888.5728,6810.131,9122.081,0.0
6.0243587,6.769554,0.3210655,10.648827,22.394636,8.429694,10.284911,32.28
141.58922,148.34843,146.93527,128.89975,130.54008,133.03902,126.05634,106.84
4199.772,4840.755,278.5545,7872.5156,5888.5728,7124.7134,9313.312,0.0
6.0243587,6.905687,1.7161515,11.702723,8.682221,10.322457,15.579028,0.0
213.37218,162.46242,200.55765,113.1895,147.7968,210.37048,120.70254,209.752
4199.772,1733.7915,188.44626,8365.326,4794.015,2569.1746,4812.68,0.0
6.4768386,6.769554,1.2758534,9.244492,11.227199,22.635357,15.579028,0.0
151.73308,148.34843,156.91364,129.88841,130.54008,122.789474,120.70254,208.844
3570.7644,4840.755,166.0248,7230.3535,5888.5728,6810.131,4812.68,0.0
23.770529,23.157757,22.029945,10.648827,22.394636,22.635357,26.592314,0.0
130.1746,152.88535,141.19154,172.09756,130.54008,122.789474,122.64886,158.491
2144.7998,4500.7563,189.11176,7872.5156,5888.5728,6810.131,8363.222,0.0
6.0243587,6.769554,2.60947,10.648827,15.097914,8.429694,13.75069,24.825
138.19551,148.34843,137.78633,172.09756,106.59819,133.60924,125.92381,143.346
4199.772,4840.755,97.65173,7872.5156,5761.139,7124.7134,9855.369,0.0
10.557083,6.669384,8.875508,10.920578,6.51511,9.524562,13.680851,93.75
98.98358,114.56835,97.486145,107.95251,110.28968,113.75268,113.06103,0.0
2144.7998,4840.755,188.28949,7230.3535,4794.015,7355.252,8363.222,0.0
5.98886,5.829161,0.3142044,8.278265,6.51511,8.697732,10.859589,89.4231
108.04705,159.81723,102.48489,110.79535,110.332855,127.750595,106.19032,0.0
4199.772,4500.7563,157.64394,8208.173,4794.015,7124.7134,9313.312,0.0
9.690056,7.2594366,3.4048495,9.423904,9.277861,12.051656,12.048047,0.0
117.201126,179.47028,169.66702,127.80532,153.0472,187.14615,171.06012,111.0577
3570.7644,4850.0825,158.59163,8365.326,2323.9124,7355.252,8363.222,0.0
8.169661,6.669384,1.4003233,10.080247,8.465462,12.051656,12.048047,0.0
171.80429,237.77583,244.68419,187.05934,209.35318,194.4203,174.32227,109.6154
4211.054,4840.755,105.02966,7230.3535,5761.139,7355.252,8363.222,0.0
11.524778,6.669384,3.8587737,10.080247,6.51511,8.257468,15.712704,0.0
187.9316,237.77583,244.96645,187.05934,213.0416,203.86697,98.87014,250.96155
2144.7998,4840.755,158.59163,7230.3535,4794.015,6810.131,9122.081,0.0
5.98886,5.829161,3.8587737,17.404076,14.33851,11.821506,15.712704,0.0
214.00139,199.85112,262.9232,144.96803,175.5346,194.4203,98.87014,341.8269
4199.772,4500.7563,158.59163,2786.8257,5549.611,7355.252,9122.081,0.0
10.7878685,7.4729977,13.07198,17.404076,7.6076956,11.461505,15.712704,0.0
212.41812,200.41647,222.15771,155.93793,213.0416,164.70161,98.87014,275.48075
4212.0435,4850.0825,1378.1533,2786.8257,4794.015,7124.7134,9122.081,0.0
10.557083,45.724705,50.498608,52.255573,8.604848,17.36091,10.859589,0.0
98.98358,50.635796,8.601662,62.277935,66.08184,56.596455,107.17564,108.01
2144.7998,4213.849,179.47751,8365.326,5888.5728,2569.1746,9313.312,0.0
6.9729257,56.090954,12.819532,13.203817,6.51511,8.697732,24.116362,0.0
99.929985,43.635345,114.13761,112.27223,115.17516,106.58326,113.06103,114.065
3570.7644,4850.0825,188.28949,8365.326,4794.015,7124.7134,8363.222,0.0
18.369804,55.575714,10.931792,20.1434,10.381358,11.465562,13.076798,0.0
102.623955,43.635345,105.45083,139.84914,98.964294,110.97082,107.39156,111.915
4211.054,4850.0825,187.31293,7230.3535,5549.611,6810.131,9122.081,0.0
52.292194,53.7779,13.52979,21.327925,50.79785,55.810062,40.49489,20.9
138.70613,129.25551,128.10507,159.6731,131.42032,136.67075,120.62387,0.0
4199.772,4840.755,814.66,7872.5156,4794.015,5988.6455,4812.68,0.0
9.129573,11.756154,48.161434,15.680946,12.124833,8.19553,27.989548,4.653
30.082514,36.392952,88.71728,58.49219,35.508568,41.15354,60.393906,0.0
2428.1396,4213.849,776.8197,7872.5156,5761.139,6810.131,8363.222,0.0
35.87082,17.483803,29.70763,12.715967,15.145132,50.074547,16.295902,5.933
27.440176,55.703453,105.09285,55.288,39.298695,36.793045,60.899357,0.0
4411.4565,1966.2241,2205.99,7230.3535,6230.4653,7124.7134,9122.081,0.0
30.19637,10.322364,8.373467,14.045771,18.643284,11.938967,13.608471,37.85486858398839
29.298124,136.72925,49.67975,50.952015,101.53302,120.29538,66.85058,0.0
4199.772,2620.234,297.56677,8365.326,3239.8015,3256.2476,9313.312,0.0
11.096128,11.341886,6.736866,11.236249,13.583247,13.214297,13.446177,55.34194205865454
121.48783,97.76868,121.61175,118.28606,96.30227,105.548065,108.98736,0.0
2428.1396,4500.7563,474.11758,8208.173,4794.015,6810.131,9122.081,0.0
12.395603,42.898888,28.37717,15.659822,16.208122,28.090162,23.81411,8.41
27.440176,28.798103,1.0628233,50.952015,39.298695,41.512085,60.393906,100.63
4199.772,4872.2075,192.076,8365.326,5888.5728,5988.6455,8363.222,0.0
53.604282,10.423034,63.830162,40.043663,48.92132,57.838917,40.701523,8.082
44.316006,104.68226,12.262791,55.043247,63.092796,59.630142,71.15227,135.324
3796.8108,1733.7915,161.30116,7958.913,6107.433,6822.0664,10031.65,0.0
13.1082945,10.423034,9.667321,14.801762,14.377176,57.838917,14.635595,66.16167932838616
126.2023,104.68226,132.29857,121.0294,121.27455,59.630142,117.053894,0.0
4212.0435,1733.7915,170.11957,3002.7283,4794.015,6822.0664,9313.312,0.0
18.564083,15.287463,26.420494,18.806507,20.129599,22.277288,17.21791,9.62
91.043945,31.422302,279.0651,122.144485,82.37466,125.3114,65.70852,116.772
4199.772,4500.7563,324.1576,8208.173,5549.611,3599.6235,4812.68,0.0
27.209534,30.645033,27.634317,23.810953,20.197649,25.77932,19.213867,56.14663314933911
181.17497,39.926308,139.7894,135.62811,122.24909,106.54505,59.632954,0.0
4212.0435,4500.7563,239.20746,8208.173,2323.9124,7124.7134,9313.312,0.0
27.954805,15.287463,18.976383,24.980305,15.374485,16.990808,19.213867,16.125
88.980156,21.914822,19.694061,78.84569,77.35725,67.82707,55.885365,157.602
3570.7644,4500.7563,251.14938,8365.326,5888.5728,5988.6455,9313.312,0.0
14.320009,13.854741,12.68796,17.37535,16.591518,13.053197,19.06383,23.305136900853356
104.122116,24.965733,100.94452,123.63846,75.448204,95.09257,56.018784,120.45
3796.8108,4500.7563,167.59749,7230.3535,5761.139,6810.131,9313.312,0.0
15.687393,8.965317,0.6934313,16.346308,18.010012,18.269236,19.142113,12.88
143.08586,142.56567,151.82047,135.41447,121.49115,134.22519,56.04044,138.741
4212.0435,4213.849,122.80798,2786.8257,2323.9124,2569.1746,9313.312,0.0
24.37595,16.308464,36.604538,13.692001,15.603034,24.868088,22.024994,24.171
131.50385,119.5028,32.10463,129.09152,110.56905,130.45111,101.00078,0.0
4212.0435,1733.7915,97.65173,7872.5156,4794.015,2569.1746,8363.222,0.0
17.93832,37.33585,39.810413,17.505508,41.56479,14.765447,17.411955,2.432
38.955307,57.38972,17.45823,54.569496,60.584248,42.550797,66.186325,0.0
4231.0864,4840.755,239.85446,8365.326,5888.5728,6810.131,8363.222,0.0
27.64617,39.457672,18.996367,14.430361,9.640701,11.769822,13.3224125,42.73410141783565
23.332926,28.615082,3.9925008,63.276638,33.88021,43.236263,59.495834,0.0
4246.3022,4213.849,165.0029,8365.326,4794.015,7355.252,9122.081,0.0
15.472828,39.44829,46.214134,12.1323595,21.104446,11.769822,26.166893,2.432
37.361076,48.4377,6.024162,82.27659,76.22092,43.236263,82.66284,0.0
3570.7644,4213.849,85.418335,7230.3535,2323.9124,7355.252,4812.68,0.0
47.623344,36.7852,23.81827,17.505508,18.40271,14.738538,13.3224125,5.675
23.741941,36.124012,-6.25243,54.569496,50.025265,48.407673,59.495834,0.0
4199.772,4840.755,294.38614,8365.326,5888.5728,2569.1746,9122.081,0.0
5.8262496,54.686077,66.88798,44.867886,29.328606,39.911015,37.305305,3.288
65.55595,95.90063,-0.87408406,68.32099,72.33643,54.901108,56.410194,103.966
3821.3206,4840.755,164.23923,2854.1096,4794.015,7124.7134,9855.369,0.0
62.123802,48.868805,87.94376,46.32656,58.635925,52.85862,49.35012,47.05917161590501
32.25402,50.410877,1.6485523,54.120224,36.433334,45.02741,55.661278,0.0
2144.7998,4917.689,164.23923,7230.3535,2323.9124,7355.252,4812.68,0.0
49.125874,41.86281,63.292065,32.652565,52.65817,50.65506,32.61294,96.936
36.50885,33.08117,1.8388175,48.387936,35.000465,37.996468,64.638306,0.0
4199.772,4213.849,116.399796,8208.173,5761.139,7124.7134,9122.081,0.0
61.501938,20.201279,78.42061,44.340347,58.921227,52.85862,36.93949,87.0
32.25402,50.410877,2.7731264,54.120224,36.433334,45.02741,64.638306,0.0
2144.7998,4917.689,191.84027,7230.3535,2323.9124,7355.252,9122.081,0.0
64.86674,20.201279,85.555565,27.933863,34.282066,53.095863,44.946716,80.428
28.28876,50.410877,0.31198162,51.484615,37.73659,41.35965,59.599293,0.0
4214.4897,4917.689,164.23923,8365.326,5888.5728,5988.6455,8363.222,0.0
25.193155,14.61102,31.535437,29.70034,9.423528,8.19553,31.100521,9.625328360490174
104.01914,86.79803,130.48906,105.56161,83.42847,114.41683,119.1831,0.0
3570.7644,4213.849,177.34999,2786.8257,5549.611,6810.131,9855.369,0.0
11.730051,24.18419,21.040524,21.352121,15.618146,21.657904,19.08523,5.049
23.17348,29.321623,58.632683,46.85638,31.190193,51.222134,61.095604,111.454
3796.8108,1733.7915,115.9662,8365.326,4794.015,7355.252,4812.68,0.0
23.862497,40.96212,64.433464,37.597137,23.183678,40.3798,35.17734,15.465
132.78456,62.580124,18.690514,50.267094,109.2259,66.29968,61.48345,261.274
4212.0435,1733.7915,114.637085,8365.326,5549.611,2569.1746,9313.312,0.0
26.193123,37.095715,43.64827,30.860868,26.18502,18.367802,30.400461,7.485
142.80971,107.162254,63.82967,118.60407,89.28191,163.23918,109.558464,126.08
4212.0435,4850.0825,231.51462,8208.173,5549.611,5988.6455,9122.081,0.0
23.862497,40.96212,15.586931,18.24729,23.183678,18.367802,17.822449,72.12452002016333
132.78456,62.580124,239.36089,160.7202,109.2259,163.23918,152.42798,0.0
4212.0435,1733.7915,199.21272,7230.3535,5549.611,5988.6455,4812.68,0.0
18.73156,17.5128,4.743134,12.616655,10.806724,22.926151,14.09417,6.971
26.369333,28.798103,1.2399448,46.864017,34.89435,37.996468,60.393906,166.08
5691.522,24443.623,4200.293,13156.265,25128.531,12986.985,11918.62,0.0
