6,13,42,69,420,1234567890,473129,Rh (1_1000 nm) (highest intensity)
153.91151,36.98796,89.18359,140.61378,164.9387,87.5472,32.52455,35.9
41.43321,20.25451,70.91359,32.080162,37.558437,37.311478,115.90774,19.8
20.127142,24.37834,34.609974,49.30001,20.332592,16.251713,8.931649,33.7
102.11369,67.865685,171.3929,122.91526,153.6439,143.13426,165.61368,120.558
102.79996,88.125046,132.68011,176.13525,153.6439,143.13426,192.60655,171.514
170.52205,229.15173,227.19902,177.32248,222.15915,187.20694,198.68423,187.004
225.43738,214.68639,225.4625,225.46758,219.93324,226.07825,203.08072,227.238
965.8168,763.93665,966.8332,160.43712,673.1689,785.0356,866.3628,747.254
737.686,627.5949,747.7865,160.43712,673.1689,641.38446,725.9064,970.424
219.67404,222.85014,781.4581,155.73813,781.67993,170.22957,789.27435,838.0
782.9774,763.0104,781.4581,830.5265,781.67993,787.9548,789.27435,149.529
943.92175,532.3681,723.15076,752.16595,744.16833,780.2934,550.16815,781.0
953.6614,689.28406,427.87897,946.7808,355.95898,655.1744,861.5251,779.484
382.95648,374.59802,382.62195,398.90604,310.9377,387.42783,382.36703,989.039
491.13672,355.4493,491.5459,548.62933,282.8755,476.4791,478.19943,382.0
274.86298,182.83063,252.49785,254.08972,286.14734,250.98235,252.4675,492.971
148.5473,59.07136,78.84981,178.77113,456.06662,141.5347,169.30429,255.0
254.89851,59.07136,255.22252,255.1756,250.58337,249.49965,250.37573,201.522
227.69536,220.5914,226.93874,226.24983,219.69902,235.12267,203.08072,226.0
225.48811,231.49495,226.68933,216.50673,282.63644,203.31464,210.62894,224.0
130.18704,122.54415,95.21362,121.35524,81.78077,119.28924,165.02611,216.0
191.86403,178.86832,164.42809,218.19894,189.32536,185.01234,189.64098,211.0
173.46317,178.86832,162.98744,222.69629,163.2552,163.70627,166.83858,191.0
158.7429,122.484566,97.97824,133.75995,60.540176,149.56787,115.111786,154.0
55.096443,64.26464,79.75238,50.133987,52.159245,50.159946,50.41643,98.0
69.044655,48.223557,85.69703,35.74588,57.312347,61.547485,67.749306,50.0
50.23401,49.703728,50.096584,50.155693,50.39922,50.920788,50.916832,24.0
212.0588,217.75475,188.67087,225.3828,268.35916,202.1131,201.59615,78.366
244.91946,220.13931,230.48253,257.3302,268.35916,232.14809,285.49786,57.544
190.71622,165.7471,188.67087,257.3302,268.35916,202.1131,201.59615,459.196
212.0588,217.75475,188.67087,225.3828,186.86102,207.41614,187.86584,272.627
212.0588,180.33763,187.37248,143.33328,268.35916,232.14809,185.62347,287.654
160.99907,220.13931,230.48253,143.33328,172.34435,160.97131,160.00104,713.87
36.460464,40.409023,36.448364,38.059048,38.43087,39.00111,38.31712,25.05
36.471745,36.966263,36.036,37.734623,33.254658,35.80834,37.670834,32.1
34.2176,32.18977,36.036,31.722904,38.43087,34.655167,37.670834,38.17
34.2176,35.34547,35.01416,38.059048,35.10323,34.655167,35.010162,39.37
36.460464,40.409023,36.448364,37.734623,36.62225,33.821068,37.670834,31.789
36.460464,32.18977,36.448364,31.722904,33.254658,33.821068,33.0041,53.621
39.067562,38.739304,38.47713,38.49082,40.693592,35.537643,37.206738,30.17
38.2573,38.49431,38.256577,38.25036,33.632793,35.537643,41.2485,31.07
39.067562,41.190277,39.857155,36.615677,33.632793,36.505245,38.047466,32.0
39.067562,35.861534,39.857155,36.615677,40.693592,36.505245,37.206738,44.2
32.75003,33.24872,32.75261,32.74895,33.632793,35.537643,32.833588,67.768
38.95334,41.190277,39.857155,38.951435,40.693592,39.058792,41.2485,28.387
43.947758,42.382298,43.94988,44.02775,43.961437,43.657513,43.7415,30.84
41.983334,40.916496,37.22286,40.7454,39.764687,43.657513,43.7415,44.98
40.070503,41.477757,37.22286,44.02775,38.83295,42.222477,43.7415,43.59
40.070503,41.477757,40.75589,40.755062,39.764687,40.93878,41.982502,44.98
39.69328,42.382298,37.22286,40.609848,38.83295,39.759064,39.694958,51.35
41.983334,41.477757,37.22286,40.609848,42.602837,42.222477,41.982502,36.169
54.41782,56.377712,54.431667,55.643417,50.21468,53.681488,50.233166,33.34
50.279877,45.736526,50.430202,50.28577,50.278553,49.492424,50.29024,48.49
45.42114,56.377712,50.430202,55.643417,50.202705,48.72594,50.19798,49.89
50.279877,49.81131,49.913948,50.28577,50.278553,44.915695,49.900043,51.4
49.912838,56.377712,50.430202,45.08926,49.900784,48.72594,50.29024,51.35
45.42114,45.736526,46.286278,45.08926,50.21468,44.915695,50.233166,74.97
14.884218,15.208695,14.770444,15.014906,15.702015,16.429081,16.564432,24.406
15.932838,18.270937,15.938862,16.10163,17.39571,20.410429,16.564432,14.622
26.968664,15.161208,27.863525,26.928875,27.03851,22.797953,27.474976,15.95
13.187016,15.161208,13.141335,13.158082,22.814548,14.686044,22.417147,28.052
27.98118,27.774855,27.975513,27.977226,22.814548,26.645874,22.417147,13.085
13.170166,16.098717,13.138651,27.977226,14.407583,14.509523,14.005697,22.909
22.374287,23.152285,22.337793,22.352722,22.69274,23.038233,22.659092,15.323
15.396112,17.381405,15.370313,15.361599,16.270138,15.713018,16.045042,22.31
285.1603,267.843,285.29233,284.76657,277.50125,281.19092,279.6447,281.407
281.18814,265.67838,281.12054,281.02966,272.3266,273.14456,277.4056,285.122
429.2683,348.03784,430.1142,429.5165,397.9253,383.81122,410.48923,492.619
425.93634,351.85007,489.48618,489.63318,397.04785,376.54044,414.80832,500.366
495.20676,348.03784,489.48618,489.63318,453.47617,455.0193,470.88797,370.256
119.73703,133.00545,430.99112,119.47596,124.03513,135.52823,405.8725,365.174
366.4238,369.03485,430.99112,365.97308,361.9687,366.73715,405.8725,119.231
28.390804,345.90274,255.53699,381.28897,341.7313,338.3517,219.36746,8.15
28.390804,10.986557,255.53699,8.187567,9.365021,9.592019,219.36746,381.814
339.09256,123.73813,264.76868,411.04327,74.67013,86.69332,140.54256,20.99
18.279049,17.44353,129.00667,11.6404,14.965698,15.120554,17.465338,11.97
15.752001,8.967979,131.05096,123.09225,222.75229,20.732569,12.60093,9.79
10.559822,8.485708,9.170925,8.585557,10.844581,9.216666,11.696049,8.66
9.982728,10.579731,8.826838,8.752704,9.497186,9.6788845,9.36163,6.39
12.519291,13.729611,12.61327,11.847482,15.204579,18.825945,17.045256,17.42
11.32531,21.940155,12.4571295,18.055016,12.097798,15.373794,14.362046,13.81
38.572136,15.636631,27.869476,46.49927,95.54599,192.72935,20.487045,4.5
11.436549,11.839189,147.08954,11.412478,24.670805,12.775992,11.663575,3.338
3.3415375,4.1190286,147.08954,3.3373072,24.670805,3.6133127,3.434919,11.41
216.8774,200.23221,217.09921,217.20053,209.03192,211.88937,34.726116,143.268
142.92963,133.11867,143.10133,143.00734,138.32886,133.50992,34.726116,217.305
134.4776,110.45363,157.93571,163.34027,156.61171,164.67072,159.47119,150.0
189.4779,184.8358,189.25574,189.42934,190.74742,188.26973,195.29768,250.0
215.32188,224.66408,406.98386,192.48901,225.59386,192.60297,296.0979,400.0
134.38011,132.40813,135.47162,133.81091,138.66042,143.3931,134.07872,108.0
133.62828,109.13897,137.67656,136.0269,130.29121,130.94984,137.61089,134.0
133.74261,109.13897,133.75598,134.03192,130.29121,129.42662,137.61089,138.0
250.3624,155.31934,156.91954,157.1027,156.88535,159.46191,155.92009,154.0
250.3624,145.69104,153.8366,153.98808,153.95546,159.49072,153.94144,157.0
250.35979,239.88757,249.76003,250.58461,245.10294,244.81448,259.07596,189.0
119.22167,149.71442,307.95026,162.46707,229.80658,147.28549,330.838,442.0
190.5197,171.37106,226.44095,194.77731,252.70738,177.41138,171.9022,152.0
179.52655,146.96516,210.50906,156.54492,241.82558,174.22723,157.35744,175.0
192.21794,177.80978,281.43665,184.54785,217.45753,193.88332,201.47499,233.0
277.14896,205.40527,278.08795,92.184296,284.55777,270.72168,263.9478,316.0
172.33205,153.39882,190.9445,142.65527,174.29391,98.41838,73.426544,142.0
139.98653,186.89703,135.13795,123.297714,122.65164,203.89531,85.2076,192.0
264.94867,315.0761,334.32397,292.4718,243.18431,331.6884,211.80273,231.0
20.389084,35.121197,29.14873,82.65617,38.4771,91.93673,115.28817,1.728
2.7076309,2.7239285,7.75133,10.68368,6.332978,2.880031,2.9806592,3.425
10.871416,21.448,13.4782915,7.0091767,20.289734,10.789908,27.500395,3.425
11.534229,4.7569165,7.029109,13.177731,10.1193495,5.7605467,10.4612875,9.446
7.957756,6.3257775,28.192413,79.77644,2.5509992,158.22792,204.35957,75.482
32.082882,6.3257775,41.43694,6.597098,8.761295,69.116196,99.43093,120.031
7.8670316,28.846928,25.890804,6.6689873,4.9481854,21.038145,8.615822,93.303
79.66209,37.2378,47.758133,93.248184,40.60547,89.77076,26.066608,51.008
34.683105,62.653034,59.281776,48.769253,57.526543,61.3279,54.683376,24.99
53.392403,59.081398,58.76673,48.99159,37.401558,49.944798,46.89475,48.77
103.05219,334.9521,63.61032,87.58049,43.14742,62.07487,265.0297,53.85
65.24218,340.2205,235.52728,203.86745,52.09693,87.57571,129.0909,548.755
124.38788,345.9191,20.114891,84.696205,319.2936,204.7524,320.3592,483.919
9.563059,7.4869905,18.371492,8.604791,11.349409,51.39309,9.790835,12.2
263.78632,200.41113,233.09514,71.94863,112.06431,211.14053,9.938644,10.9
5.3172507,4.6099863,4.142204,11.061021,17.205824,17.968052,12.344285,10.5
7.042028,3.9896402,5.438991,3.8418777,8.940525,6.0204425,7.9465966,9.9
9.028155,9.396724,54.438824,41.803623,180.19225,7.3878384,8.403339,296.793
135.03154,265.08542,187.15022,170.11177,260.24612,283.41205,291.4209,6.08
39.394512,246.5855,21.045712,113.84801,71.51259,111.881004,256.68484,245.251
32.748528,6.5669155,25.407585,13.543905,26.11191,19.231089,8.711145,290.916
161.33244,7.993613,47.66108,24.634012,22.54982,87.47821,47.485302,7.139
5.942699,7.6956573,5.4315867,5.733086,6.9030733,6.458834,6.3331246,266.845
6.718781,9.851595,62.691517,7.1068563,7.846837,14.135363,10.240286,3.162
34.320507,7.62513,74.19073,8.185258,59.983635,47.38437,7.8744745,3.849
10.702729,16.992317,11.918173,13.1186,20.35671,16.192312,14.098589,10.0
10.59552,11.370017,12.074894,9.977156,20.35671,16.192312,14.216711,11.5
11.91917,12.603199,11.8844595,11.886469,11.993373,15.255657,12.042194,10.5
55.905315,48.09162,55.952015,55.919003,55.13926,54.899902,55.456448,12.5
715.0058,481.7532,720.5251,720.3787,599.32385,574.8744,172.54552,11.8
92.47504,91.56247,93.36,94.24207,93.32854,93.99644,92.5964,11.9
12.213611,14.290441,11.863535,12.646613,13.041384,12.822906,14.26281,94.539
11.880125,13.0490465,11.841158,11.826414,12.327605,12.615503,172.54552,725.19
51.276978,27.231585,18.402325,35.79747,52.69224,28.579582,20.945953,186.161
12.561923,48.09162,12.496637,12.570546,13.689624,13.974012,13.342358,55.942
11.204801,11.790763,11.8844595,11.890982,11.993373,12.524171,14.020725,47.836
10.557646,11.35629,10.537223,10.54562,10.860673,12.190393,10.854679,11.886
94.62176,113.292366,76.62121,82.32419,88.57583,87.59208,88.719826,42.9
97.025665,76.23702,42.782814,47.42511,47.887802,46.284943,42.97033,89.0
89.929245,112.93419,95.425995,91.96818,49.478485,88.65213,97.05078,99.0
63.894966,64.74169,65.569664,63.91216,54.369354,63.943233,65.39301,104.405
67.826805,66.65833,79.65693,67.793915,54.369354,66.900604,79.402695,87.5
76.58641,64.74169,65.569664,95.603676,94.03277,94.651375,65.39301,60.715
82.09427,79.702484,79.65693,95.603676,94.03277,94.651375,79.402695,49.165
25.34726,19.424255,14.906849,22.52648,104.26914,15.014155,20.254211,11.0
16.627985,11.150507,11.663553,9.974338,11.1854105,12.577118,11.283922,92.698
14.490335,12.9471,38.305172,13.819322,13.995708,9.216863,62.026123,11.069
6.5046735,7.7576785,7.047325,7.045076,6.380126,7.055567,6.743164,6.97101
6.6021757,7.419006,6.611282,6.8049884,6.380126,6.8161,6.818647,7.11151
6.5689306,8.6711235,8.497233,8.675288,11.476204,7.676722,7.3246136,8.37939
6.572472,10.537241,9.121957,9.518358,11.732651,7.535945,7.8244147,8.90616
12.174202,10.662633,12.682315,91.30066,14.099982,11.629657,11.2995405,10.17328
15.853577,10.662633,12.638896,91.30066,15.479077,15.171794,10.257123,10.17328
1.7759132,1.9829537,1.7728697,1.7940719,1.8402854,1.8834808,1.7999206,1.80886
1.8737042,1.9835662,1.8058903,1.7958679,1.821225,1.8834808,1.8327407,1.77312
1.7484725,2.1661408,1.8645527,1.7884753,1.9307638,2.0971427,1.9393239,1.84736
2.7303944,2.7061522,2.9444976,2.0566154,2.0016005,1.9402463,2.032274,1.86588
7.867952,8.130121,7.6811495,7.338556,7.2428565,8.412394,7.8994756,6.66909
7.835306,8.518068,7.5947824,7.075505,7.296259,7.649557,7.1816335,6.82051
8.241215,8.721859,8.23859,8.250483,8.375742,8.443152,8.343938,7.53711
7.589064,8.052992,7.536282,7.5398917,7.7240696,7.7211823,7.6341043,8.23603
11.74899,11.477426,9.336908,11.751131,11.520478,11.858462,11.639161,9.62679
12.5324,12.15867,9.336908,8.987005,9.715682,12.3104105,9.686303,11.75596
11.112146,11.753938,9.336908,8.987005,11.118767,10.667009,10.68141,12.57501
1.7845162,2.0505621,1.8338436,1.7614758,1.8351331,1.8309851,1.8163089,1.75755
1.7644985,2.0505621,1.8338436,1.75871,1.8377979,1.8399543,1.8135508,1.75755
1.7401279,2.0505621,1.7304999,1.7195926,1.7878565,1.8303126,1.7821137,1.8362
1.829014,2.0505621,1.8345202,1.7488453,1.8534762,1.8654089,1.8028214,1.68038
2.0255113,2.0191312,1.6861931,1.7333295,1.9285278,1.9225434,1.936872,1.7754
8.177689,9.054568,9.733885,8.321662,8.254039,15.352101,8.375514,7.97921
7.6647153,8.478817,9.573206,7.6746745,8.101863,15.352101,8.4703045,8.14147
14.224358,12.94985,15.731554,10.135066,15.706503,20.981428,14.157624,12.25983
10.255667,11.453624,10.6904,9.154676,12.189142,12.4735775,9.85772,16.25142
54.357777,14.506234,9.482884,64.80442,50.927986,14.035639,22.516539,17.61427
1.9367703,2.1771336,1.9637878,2.0003185,2.0330966,1.9703251,2.025899,1.97364
1.9716399,2.1771336,1.9102272,1.9756104,2.0149672,2.0770125,1.9782891,1.96044
2.303467,2.209832,2.1189451,2.0982032,2.2175672,3.0383275,2.2272131,1.97364
2.0402584,2.1464715,5.747788,2.1444492,2.025101,2.151462,2.0182955,2.13915
144.82654,82.179855,85.7342,40.995277,12.756345,39.87946,148.28746,248.327
107.54217,106.02924,114.315216,133.0863,119.78436,140.92824,149.0712,55.504
192.91418,112.71097,151.60555,119.898186,105.18119,95.31312,123.33414,27.177
22.954098,21.67667,29.065128,15.431669,16.01436,26.054262,27.889067,254.612
22.807423,17.793291,27.743973,167.28725,213.88304,31.847212,86.925415,13.681
20.128202,21.957458,27.398256,15.851066,15.018801,22.369614,14.83572,12.294
147.95676,66.29056,16.983025,21.28165,15.186577,34.248375,21.182,22.953
72.30896,82.179855,76.616455,78.221954,68.10825,78.22921,78.04449,864.446
140.20555,106.02924,88.77532,99.90554,68.10825,140.92824,128.88689,175.349
140.20555,131.24817,135.6565,129.28963,163.49431,140.92824,128.88689,18.359
107.54217,96.04754,88.77532,129.28963,163.49431,140.92824,97.453285,180.32
140.20555,102.8223,76.616455,99.90554,119.78436,119.60327,149.0712,88.607
117.468,82.179855,117.43989,133.0863,163.49431,119.60327,149.0712,50.159
72.30896,102.8223,114.315216,103.100746,163.49431,98.12581,149.0712,125.188
30.218657,30.062622,34.57412,55.42464,104.258385,78.24783,36.66545,86.134
94.86913,16.409386,45.619858,55.279587,43.5513,26.588732,47.194153,100.274
96.81882,91.14803,86.14678,53.168144,66.552475,42.71084,66.04596,51.558
50.47484,55.396336,61.6311,54.95569,52.21388,57.875538,52.118942,65.939
49.903618,78.03872,49.96619,84.787315,81.51161,49.148438,82.41603,300.0
49.903618,49.775597,49.96619,49.957275,52.10148,49.148438,50.578857,85.0
42.086323,38.25726,52.402184,44.71669,41.77344,39.164677,36.997353,50.0
50.075703,52.281628,49.96619,50.11735,50.905388,51.81201,50.578857,35.0
167.10193,211.52757,182.7687,22.42063,164.53464,32.95729,112.72397,17.0
12.207239,19.76305,96.77099,20.303205,16.097683,20.121557,19.129557,8.377
68.423164,287.72128,200.9235,234.4537,107.14533,94.557755,76.41132,12.478
22.194252,218.29564,18.180897,571.0925,46.457935,18.838139,17.111649,211.601
727.6004,490.14685,738.3553,564.05884,503.72803,498.06155,625.4429,874.847
820.07513,462.5079,866.81854,566.05347,403.89804,473.43234,734.7247,741.631
41.71851,30.975574,89.76447,13.794101,62.658348,15.957979,39.760147,21.3
14.93499,8.177018,9.144277,20.243584,19.829681,5.6978374,11.9008465,19.6
54.122585,60.392296,140.0524,61.908302,50.52861,104.60966,83.89795,8.317638
56.889774,87.635345,140.0524,79.623,50.52861,104.60966,79.39726,10.965
60.862217,87.635345,30.328245,59.92842,82.53686,80.96487,35.64919,8.912509
56.889774,60.392296,40.936165,59.92842,50.52861,104.60966,35.64919,305.642
60.862217,41.56946,30.328245,61.908302,41.501774,22.483467,35.64919,287.206
54.122585,87.635345,30.328245,37.209476,50.52861,22.483467,37.258972,492.344
168.3994,80.44284,36.32646,57.04029,16.539362,23.371094,42.361668,460.644
120.23969,303.37988,30.431925,153.12067,34.475857,267.10776,14.103376,7.507
4.400541,4.609799,4.4024377,4.3965974,4.9159145,4.7198577,6.664698,2.9
5.400189,6.2729774,2.2119317,3.0109634,3.330524,2.9143689,6.664698,4.4
26.090195,16.906996,8.801481,20.29726,24.574265,31.625154,19.365738,7.95
97.27262,60.369987,180.31348,87.16717,80.767136,63.999493,176.85895,70.0787402
97.27262,60.532734,61.030598,84.527405,63.722603,70.22048,68.08397,60.6299213
61.02619,61.142536,61.157677,64.230125,61.381996,69.11293,60.607967,60.6299213
135.85025,60.054394,103.09112,62.856125,63.10205,70.24543,75.18834,61.4173228
114.63295,65.99832,125.46392,78.304985,172.97087,95.481384,83.81592,61.4173228
148.02963,132.48775,183.5508,100.89747,125.35707,154.35364,176.18669,180.314961
141.43288,86.78777,80.65134,89.00157,119.11216,73.13825,103.94458,220.866142
181.29494,170.65643,222.41296,197.52231,186.04134,224.95819,194.1934,215.748031
190.28796,194.00352,72.27037,160.2741,76.25069,102.76915,182.55783,230.314961
23.74998,13.419596,129.29445,5.032795,11.767787,13.109083,13.740496,3.563
12.446794,8.393002,5.5157266,5.7082267,6.6227655,5.230825,13.740496,3.497
25.275143,14.622718,17.431759,11.051853,14.628555,17.291319,12.733448,8.389
85.19553,56.657063,158.41158,49.518703,104.167076,25.311037,8.630246,18.82
16.875273,19.343105,23.959696,49.65424,15.325526,83.66088,7.276289,99.559
29.173944,46.577793,24.193195,88.35594,20.877766,70.89105,7.0510836,86.31
25.41922,31.28087,164.4577,173.50926,135.31792,9.069679,129.15605,17.783
25.685562,31.28087,20.685225,21.49157,26.854212,9.265614,30.76977,191.5
9.009381,50.07779,13.719233,59.310127,311.50085,28.060032,201.71205,36.517
336.9056,143.53178,61.805016,125.36147,348.79605,20.672663,342.26373,31.623
40.77959,24.298847,28.605412,19.931826,14.51879,16.82279,27.414942,732.105
457.7022,27.083887,82.74368,328.0258,247.41264,211.39151,98.889694,9.531
7.8107886,12.422055,11.891204,7.6723213,8.573966,11.971488,12.965219,182.2
8.191277,93.905556,168.57338,7.649618,8.573966,86.902176,117.93673,11.568
11.681056,14.212474,13.606006,12.07369,13.738568,17.361864,12.449773,7.499
7.8915577,9.784621,9.887115,18.500269,8.471891,11.948026,8.737261,16.973
20.171322,18.241663,11.542683,18.900349,19.441027,19.384468,18.305258,181.161
173.77455,148.6332,180.0815,181.02412,164.21672,133.03012,173.69225,115.471
40.77959,489.46414,726.48883,727.952,599.8709,543.9503,27.414942,20.71
98.48526,141.65044,105.61428,103.27091,90.757225,97.28108,85.72178,63.0
108.59927,153.82594,99.850624,67.299355,84.09072,102.9425,109.25604,98.0
94.88564,83.13501,97.65234,67.416374,93.84075,97.28108,103.34901,132.0
9.695779,13.222717,8.472401,17.87547,12.660114,11.148955,14.419144,19.3
8.899861,20.055647,8.151205,21.39053,19.451878,11.251546,19.04891,12.5
11.2316065,75.96778,12.731449,11.309311,14.214108,19.62622,10.650678,11.4
28.883352,71.58263,13.128625,16.688272,17.868813,19.25418,36.73751,9.8
99.25132,120.867355,125.7173,119.28728,100.91553,115.89921,106.0686,223.69
110.22333,120.867355,113.31464,92.69385,109.68719,93.504875,129.86583,150.37
113.96545,105.28957,113.31464,92.69385,124.41547,120.64878,129.86583,86.05
112.80091,116.02245,118.95709,119.28728,109.68719,93.504875,129.86583,65.79
128.7731,120.867355,125.7173,124.14208,124.41547,115.89921,125.08649,41.03
99.25132,101.73997,99.20894,108.317345,124.41547,93.504875,101.49049,184.183
99.25132,105.28957,99.20894,92.69385,109.68719,93.504875,129.86583,185.724
112.80091,101.73997,109.839455,92.69385,100.91553,93.504875,101.49049,201.798
113.96545,105.28957,99.20894,92.69385,110.40992,120.64878,129.86583,139.522
110.22333,120.867355,113.31464,92.69385,124.41547,114.57054,125.08649,111.392
128.7731,101.73997,109.839455,92.69385,100.91553,114.57054,129.86583,86.056
99.25132,120.867355,125.7173,119.28728,118.94449,120.64878,129.86583,61.601
71.341,74.73246,71.32079,71.10505,72.548584,67.08622,72.35532,72.459
72.49715,76.667656,72.38659,72.515396,73.15389,92.05739,73.12424,71.0
64.98998,70.62764,65.00591,64.89926,65.84204,81.65132,67.20885,152.809
152.06032,136.57343,152.51361,153.00815,148.50636,144.04163,149.56918,64.777
379.99402,102.429115,98.874825,376.34412,513.33154,96.6994,98.690384,440.764
379.99402,361.81592,440.45795,376.34412,513.33154,396.86002,408.05008,98.712
225.13263,194.02472,169.28477,169.60216,168.84058,172.95207,169.75409,880.214
225.13263,194.02472,873.95435,875.6722,719.8754,667.8012,748.3405,169.744
145.69504,159.72589,192.41484,192.2554,174.63489,167.14055,179.70888,172.368
140.0624,138.71068,144.62814,144.78679,161.07854,104.14489,142.60922,192.88
191.90111,166.92992,192.1347,191.98288,161.07854,182.40355,182.1964,144.597
164.86954,149.96893,132.203,160.90161,134.71301,110.05584,226.69257,302.052
197.79858,239.37833,201.68427,331.80347,144.37619,167.96619,179.85722,189.641
7.666992,10.145184,7.2635326,18.102764,11.679174,26.217356,7.807135,7.5
16.064936,11.626258,9.402106,13.624497,20.028915,26.171446,9.946021,7.5
9.30569,10.226179,9.701677,7.891784,10.475336,10.895686,10.999137,14.2
8.3959055,6.5497766,7.406793,7.0633807,7.5554795,8.018711,7.499759,7.0
7.7540274,9.915899,9.503021,8.596814,11.476349,11.6721525,8.094438,7.4
13.926512,14.134846,9.848614,9.095893,10.451411,15.123139,14.214853,10.5
103.913536,99.281044,92.42076,124.80019,96.537895,65.95279,95.72775,54.25
55.660664,54.989956,53.449444,70.92149,55.99113,59.17446,55.60625,51.85
59.965313,44.32734,52.21815,56.643925,58.017193,61.49014,57.39259,55.78
33.915318,6.0458364,50.1128,4.3259883,5.058658,62.26024,55.6705,52.29
74.18642,52.012184,52.723595,64.941605,54.109898,62.26024,55.6705,4.29
165.84204,154.1091,165.84103,165.83858,160.3371,164.41048,170.93246,109.55
150.45241,150.21358,155.4368,153.30865,151.4297,164.41048,170.93246,140.3
150.45241,139.87129,155.4368,152.29005,150.2248,120.24022,151.2045,167.76
150.45241,144.87305,146.13127,151.61928,149.69914,120.24022,170.93246,171.64
150.63655,154.1091,150.6248,153.30865,160.3371,120.24022,143.54282,177.31
150.88666,139.87129,146.13127,150.89122,151.4297,120.24022,143.54282,175.52
139.31937,188.88011,199.6326,190.5945,143.10614,135.3399,198.76802,158.974
107.1014,128.41327,195.37254,111.01424,103.245346,96.49747,138.83684,155.64
127.640434,127.91815,147.03117,93.29468,128.36407,140.37685,103.066505,106.84
135.78069,121.53038,153.90459,159.67934,170.24359,152.2333,23.72762,209.752
158.98859,149.41595,172.2926,146.76811,155.21773,170.00916,186.1905,208.844
168.61188,165.69753,144.45721,147.44348,197.0065,144.1777,142.6133,158.491
123.757355,33.893726,76.227875,89.103676,71.8801,154.64404,153.27574,143.346
103.377495,107.73806,89.24222,105.18021,96.812096,115.331276,90.428314,93.75
103.377495,107.73806,111.105385,113.0631,112.406395,115.331276,113.211296,89.4231
250.05444,110.779305,126.14939,122.64531,176.69785,119.41982,147.37656,111.0577
250.77797,192.18102,229.99702,250.41492,182.33467,223.29774,218.71068,109.6154
191.46094,242.32806,230.94229,202.2324,302.28812,173.587,280.21826,250.96155
275.1885,228.79324,273.72684,202.2324,255.78091,211.7303,198.77817,341.8269
256.01172,201.52356,329.99417,90.15294,299.18182,166.76083,198.77817,275.48075
84.62068,91.307625,82.699135,93.65198,91.634224,96.70426,90.428314,108.01
96.876686,105.93685,114.69905,87.272675,105.375786,106.274994,102.37172,114.065
70.16224,80.84066,29.153252,54.84815,64.5453,73.64595,84.67115,111.915
120.03365,165.33142,89.52336,51.638397,82.70143,118.36105,94.221794,20.9
34.37204,14.054522,45.10467,32.540966,35.164845,15.425304,63.486073,4.653
18.150824,61.824257,30.110744,49.2635,25.460482,86.31941,126.66875,5.933
113.8197,105.084404,73.9094,115.475914,166.8361,116.2643,17.46473,45.803
78.02259,90.84902,90.449486,56.913357,82.82074,109.125305,64.85038,65.793
73.597145,94.85474,56.93711,56.913357,82.82074,109.125305,92.14205,100.63
127.04997,90.88117,92.12432,93.79321,93.41596,92.44205,92.81542,8.082
127.04997,10.163666,92.12432,8.123527,8.960051,9.892294,8.238031,93.886
55.15379,107.16963,24.322964,79.52726,76.20507,24.01281,54.968132,116.772
135.05133,100.33241,172.41135,44.498547,110.326126,139.32228,121.80035,94.846
131.46861,73.92277,80.67281,84.355,135.99046,115.03762,145.5907,157.602
48.175587,66.00258,65.93558,32.299183,37.647316,118.89468,133.48076,90.116
156.92902,73.92277,156.992,156.9192,144.8007,140.11046,150.29144,138.741
446.3677,235.57965,418.9522,47.86905,303.61713,400.92365,236.98615,24.171
24.118898,16.54917,4.803508,36.61851,60.53662,20.151123,22.670414,2.432
70.4857,121.68726,7.2556176,16.886078,9.0261,11.22006,12.390082,52.306
38.364037,15.821311,10.410899,13.023604,46.533527,15.82066,7.941066,2.432
58.503036,9.728453,4.3275785,4.5648656,58.130898,5.053605,8.872836,5.675
107.432,123.0122,93.95699,83.43515,90.23999,115.06263,87.72213,103.966
62.132183,55.06991,68.9303,91.47143,85.42994,85.90692,86.44966,82.97
60.4344,55.45809,66.62115,64.69192,80.977844,99.66628,84.97362,96.936
81.05917,75.93675,80.287544,80.291534,77.85579,71.23281,79.054085,87.0
86.49132,80.13277,86.56827,86.914536,83.08806,78.486946,82.98727,80.428
7.825461,5.602376,6.264137,4.636448,11.899609,8.720616,6.0772247,5.578
40.026688,62.96104,14.9647,22.655888,54.788532,27.166899,32.384323,5.049
98.6386,93.85508,98.38068,98.45991,97.29353,95.703,99.182335,261.274
34.30926,93.99112,108.063675,141.9824,220.39737,32.00445,26.530315,126.08
258.67618,209.19965,259.33337,259.81317,231.51898,219.7264,238.47603,98.571
11.524368,10.330431,19.263744,11.4043865,11.154866,24.999199,13.01601,6.971
71.53401,70.523926,76.63532,71.63799,70.845024,75.13367,71.35622,80.33
88.27135,95.90468,68.210556,206.82999,137.25742,129.16129,88.92516,13.26
13.199183,14.07739,13.201491,13.191157,13.234188,13.081466,13.177271,13.79
13.807764,13.924279,12.200725,12.195316,12.436699,14.6800785,12.6519985,13.01
13.331624,13.7365885,13.348406,13.379432,13.391222,12.99219,12.215271,14.2
71.810265,47.846428,71.65518,40.77159,73.81395,71.18447,71.24077,82.75
11.816608,13.089522,11.358593,11.361016,10.655336,11.487487,11.412343,15.2
6.865181,7.685739,6.856277,6.871407,7.181704,7.3571467,7.129955,7.13
10.698253,11.113251,10.691272,10.665534,10.829766,10.861606,10.6036,12.09
7.0986385,10.757659,7.0696073,7.067792,7.263333,7.6078634,7.5137153,7.27
80.29996,77.858055,76.63532,80.27437,80.5216,81.845375,79.361115,71.5
99.012245,67.43388,99.06776,206.82999,137.25742,79.50136,68.748634,12.65
13.758169,14.07739,13.755527,13.814478,13.829476,13.701398,13.832806,13.2
13.807764,13.662217,13.043378,13.013606,13.256672,14.6800785,13.229398,12.16
14.18319,14.345302,14.192065,14.130855,14.273858,12.99219,12.215271,13.35
80.43362,84.9154,96.52009,64.2994,124.223625,33.111748,38.70972,376.66
51.8381,99.84536,119.638466,133.70357,77.30175,233.40361,41.686848,213.12
82.59433,47.846428,82.78833,40.77159,81.25039,81.87333,84.63504,71.62
11.993722,12.501242,11.511478,12.885976,10.655336,11.5480385,12.944253,13.87
7.1874123,7.824877,7.130552,7.118964,7.4328637,7.628082,7.256263,6.85
12.061772,12.242366,12.088397,12.080632,12.097346,11.680912,12.128617,10.72
7.279947,10.757659,7.290104,7.3071046,7.4586005,8.278755,7.530181,7.06
172.60416,20.13332,122.759285,33.882748,30.09071,48.84067,70.48568,104.56
139.03278,153.82594,119.50364,124.63429,111.133934,173.8091,140.50807,103.51
197.79282,309.68442,64.60364,153.96198,116.48804,227.06808,172.83836,728.17
49.537655,36.18929,78.286995,72.02834,41.373756,88.86177,24.162155,502.01
29.906778,10.158047,11.598368,13.708072,29.879185,19.613075,10.437143,13.29
32.061745,14.578025,15.254426,14.605609,16.061152,20.432968,14.838449,12.86
30.465288,14.071271,13.796017,13.366419,13.338714,14.647898,12.385777,13.29
92.53575,65.10583,98.96521,47.097214,41.901695,78.46607,59.37385,9.06
89.612946,55.801155,26.770695,51.05303,104.82892,73.07325,86.1318,98.37
72.51064,137.91847,103.786285,97.75828,118.0965,121.510765,82.683044,100.52
15.629074,64.93635,25.402382,132.04198,23.179253,67.59478,28.207926,120.05
12.799816,12.681326,13.467778,12.099578,11.303527,10.638678,10.318015,9.79
11.519716,13.008127,11.062282,13.478229,14.309235,11.39595,12.614503,12.85
9.478947,11.343021,10.178664,9.756148,10.641589,12.021128,11.297161,14.11
42.201157,29.33725,114.85595,61.408855,157.57822,38.20399,70.4816,13.68
28.585773,72.03402,14.419307,82.78731,26.462038,104.53899,88.32525,90.56
11.337054,11.486008,11.127859,11.121734,13.446708,11.838928,11.22453,17.59
11.337054,13.089522,14.221887,12.885976,13.446708,12.839121,12.944253,8.4
11.337054,12.100077,14.221887,12.286284,10.655336,11.5480385,11.630892,13.41
11.816608,13.089522,14.221887,12.286284,13.446708,11.838928,12.319024,8.97
11.891961,12.100077,11.89032,12.286284,11.990032,11.838928,11.22453,11.03
11.993722,12.501242,14.221887,12.885976,13.446708,12.473016,12.944253,8.97
83.31427,69.94697,56.452614,206.82999,98.80537,129.16129,82.88421,12.3
51.895916,68.121506,68.210556,68.71301,68.57624,129.16129,68.748634,163.41
68.07306,67.43388,56.452614,206.82999,57.381687,69.07811,88.92516,174.46
83.31427,69.94697,56.452614,63.37927,47.20342,54.41116,82.88421,288.21
51.895916,67.43388,68.210556,206.82999,47.20342,79.50136,68.748634,370.44
88.27135,69.94697,56.452614,67.34626,57.381687,54.41116,67.2853,188.31
207.83435,151.1167,226.73177,156.138,172.34435,121.10134,167.65242,241.8
190.71622,220.13931,230.48253,257.3302,172.34435,207.41614,285.49786,107.17
247.1014,147.73833,196.20963,220.90358,174.43645,153.2866,249.74576,143.84
245.80862,144.11385,193.50041,143.17976,142.51492,162.05615,160.9259,116.86
76.241165,135.45808,79.5963,95.13436,113.67296,85.668335,108.808914,254.69
80.70945,193.07437,88.87912,231.50804,232.43054,85.87422,236.8094,131.92
122.266624,129.06822,115.82645,126.93125,117.839584,96.780106,129.94078,100.0
