6,13,42,69,420,1234567890,473129,multimodal Rh with padding
208.69713,7968.0166,12253.472,2407.793,2462.407,588.18976,956.6171,35.9
732.0683,2547.2344,1493.1927,292.05954,383.53702,193.61575,180.96635,0.0
1291.3588,1175.1053,1502.3429,270.475,295.10547,89.06792,79.737595,0.0
7570.5073,7966.6465,12425.129,2407.793,2950.754,709.73676,786.04614,19.8
787.9623,1015.67316,1559.794,292.05954,335.55304,3811.1145,132.30302,0.0
841.4721,1082.9202,1663.2289,270.475,504.60876,104.0743,153.1959,0.0
7588.3623,7968.0166,1761.4379,532.93854,2950.754,588.18976,845.1157,33.7
1143.328,2547.2344,1393.4493,333.6267,516.20197,193.61575,188.28705,0.0
773.56366,1175.1053,1821.2336,327.56735,504.60876,89.06792,122.28005,0.0
7406.655,1692.0863,10975.378,532.93854,3011.211,693.9363,844.3623,5.896
959.21094,692.3081,1073.6392,580.5746,509.13803,280.20398,500.92438,120.558
1082.2626,1130.9022,1662.5109,331.24338,349.98642,54.65591,126.023926,0.0
7590.6885,6492.0356,12446.384,1913.1968,695.5835,231.3485,771.3328,7.881
746.37024,858.9817,1176.0905,456.62604,423.5413,349.11166,362.45682,171.514
1255.0243,1326.8605,1886.1582,286.29922,532.1861,90.71524,149.5729,0.0
212.88194,6492.0356,10975.378,532.93854,3011.211,693.96124,952.3999,8.794
736.6144,858.9817,1073.6392,580.5746,509.13803,496.86026,284.1891,187.004
1291.3588,1326.8605,1662.5109,331.24338,349.98642,90.036,80.55484,0.0
7588.3623,6492.0356,10975.378,532.93854,2950.754,693.96124,844.3623,227.238
951.8839,858.9817,1073.6392,580.5746,510.35822,496.86026,500.92438,0.0
781.8949,1326.8605,1662.5109,331.24338,509.8302,90.036,126.023926,0.0
7406.655,7968.0166,10975.378,532.93854,2452.5994,693.9363,952.3999,67.746
959.21094,950.6164,1073.6392,580.5746,395.98502,280.20398,284.1891,747.254
1082.2626,1175.1053,1662.5109,331.24338,293.7781,54.65591,80.55484,0.0
7588.3623,1692.0863,12446.384,2392.8933,695.5835,695.8232,950.3687,107.093
951.8839,692.3081,1176.0905,312.30652,423.5413,239.85597,255.8502,970.424
781.8949,1130.9022,1886.1582,270.475,532.1861,105.89328,99.01542,0.0
7570.5073,8006.6597,12253.472,2383.794,695.5835,693.96124,363.43292,838.0
835.14996,946.80194,1476.1908,457.341,423.5413,223.29655,591.1839,0.0
842.0018,789.1301,1502.3429,385.78967,532.1861,90.036,143.76115,0.0
7590.6885,8006.6597,1760.5225,535.88416,695.5835,630.7069,950.3687,149.529
746.37024,1029.9154,1402.6547,465.08832,507.95233,293.2162,172.39323,1222.712
1255.0243,789.1301,1821.2336,331.24338,532.1861,87.632835,99.01542,0.0
7588.3623,7966.6465,1760.5225,535.88416,2950.754,693.9363,844.3623,781.0
1001.0926,1061.2489,1393.4374,355.64957,379.52106,195.71288,236.36758,0.0
781.8949,1090.7863,1821.2336,331.24338,509.8302,54.65591,126.023926,0.0
7588.3623,7968.0166,12446.384,535.88416,2452.5994,584.88306,950.3687,130.409
1001.0926,967.5652,1176.0905,355.64957,397.55798,132.21988,162.58911,779.484
781.8949,1175.1053,1886.1582,331.24338,293.7781,87.632835,99.01542,0.0
7590.6885,8006.6597,12425.129,2392.8933,2950.754,695.8232,771.3328,110.322
746.37024,963.1192,1555.2766,331.00092,379.52106,192.88,190.21921,989.039
1255.0243,789.1301,1663.2289,270.475,509.8302,105.89328,149.5729,0.0
7588.3623,1692.0863,12446.384,1913.1968,2950.754,695.8232,950.3687,382.0
1001.0926,742.5346,1176.0905,400.5601,379.52106,192.88,298.2719,0.0
781.8949,1130.9022,1886.1582,286.29922,509.8302,105.89328,99.01542,0.0
7570.5073,1692.0863,12253.472,535.88416,3011.211,693.96124,844.3623,75.33
831.2259,742.5346,1474.6094,355.64957,399.36063,142.42853,168.60057,492.971
842.0018,1130.9022,1502.3429,331.24338,349.98642,90.036,126.023926,0.0
7588.3623,7966.6465,10975.378,2392.8933,695.5835,693.96124,369.757,255.0
1001.0926,1061.2489,1083.1198,331.00092,490.7658,142.42853,159.90872,0.0
781.8949,1090.7863,1662.5109,270.475,532.1861,90.036,143.76115,0.0
7590.6885,6492.0356,12253.472,535.88416,3036.927,256.34143,952.3999,33.653
746.37024,858.9817,1474.6094,355.64957,477.0558,141.65208,259.59592,201.522
1255.0243,1326.8605,1502.3429,331.24338,405.85925,91.51471,80.55484,0.0
7406.655,7968.0166,10975.378,532.93854,2452.5994,693.96124,844.3623,226.0
959.21094,950.6164,1073.6392,580.5746,395.98502,496.86026,500.92438,0.0
1082.2626,1175.1053,1662.5109,331.24338,293.7781,90.036,126.023926,0.0
462.3862,1692.0863,12253.472,2384.1077,3036.927,693.9363,363.43292,224.0
736.6144,692.3081,1476.1908,472.89227,508.26154,169.04042,591.1839,0.0
1291.3588,1130.9022,1502.3429,339.71725,405.85925,54.65591,143.76115,0.0
7406.655,1692.0863,12425.129,2392.8933,2950.754,693.96124,952.3999,216.0
1524.911,766.1903,1633.2357,974.08325,1282.9514,1284.2065,1307.1692,0.0
1082.2626,1130.9022,1663.2289,270.475,509.8302,90.036,80.55484,0.0
7588.3623,1692.0863,12425.129,1913.1968,2452.5994,602.4792,771.3328,211.0
1001.0926,742.5346,1555.2766,412.7028,397.55798,196.07254,205.39333,0.0
781.8949,1130.9022,1663.2289,286.29922,293.7781,90.82718,149.5729,0.0
244.98885,7966.6465,12253.472,2392.8933,695.5835,695.8232,952.3999,191.0
752.72894,1061.2489,1474.6094,460.81332,490.7658,596.80817,525.74115,0.0
1291.3588,1090.7863,1502.3429,270.475,532.1861,105.89328,80.55484,0.0
7588.3623,6492.0356,1760.5225,535.88416,3011.211,584.88306,950.3687,154.0
1001.0926,858.9817,1393.4374,355.64957,691.7395,695.5817,643.20435,0.0
781.8949,1326.8605,1821.2336,331.24338,349.98642,87.632835,99.01542,0.0
7570.5073,7966.6465,12253.472,2383.794,2452.5994,695.8232,950.3687,98.0
831.2259,1061.2489,1474.6094,398.7636,398.18835,192.88,298.2719,0.0
842.0018,1090.7863,1502.3429,385.78967,293.7781,105.89328,99.01542,0.0
7588.3623,7966.6465,12253.472,535.88416,3036.927,584.88306,952.3999,50.0
1001.0926,1061.2489,1474.6094,355.64957,477.0558,345.2154,345.04123,0.0
781.8949,1090.7863,1502.3429,331.24338,405.85925,87.632835,80.55484,0.0
7570.5073,7966.6465,10975.378,1913.1968,695.5835,584.88306,952.3999,24.0
831.2259,1061.2489,1083.1198,400.5601,490.7658,188.45468,259.59592,0.0
842.0018,1090.7863,1662.5109,286.29922,532.1861,87.632835,80.55484,0.0
256.45923,7968.0166,12446.384,1913.1968,703.758,249.63464,858.87537,78.366
1752.3534,2030.6019,1313.4099,2258.5955,2241.0747,2569.022,2216.687,7088.165
2367.3054,1185.9635,2072.8354,2798.7173,2883.1477,2561.5417,3005.8296,0.0
7590.6885,6492.0356,12446.384,2392.8933,3011.211,590.44495,858.87537,57.544
2091.0603,2020.3696,1313.4099,3014.9814,2607.8901,2843.1282,2216.687,4501.252
2633.287,2606.678,2072.8354,2472.902,2682.9263,3045.2896,3005.8296,0.0
7406.655,7968.0166,10975.378,2383.794,2452.5994,694.4193,376.96927,76.042
2430.5537,2030.6019,1280.5325,3203.5837,3458.476,4786.247,3437.615,459.196
1149.885,1185.9635,1662.5109,627.02625,314.68234,115.028915,460.56708,13769.583
7590.6885,7968.0166,12253.472,1913.1968,703.758,694.4193,771.3328,272.627
2091.0603,2030.6019,1648.3402,2258.5955,2241.0747,4786.247,3550.3113,3434.329
2633.287,1185.9635,1646.6841,2798.7173,2883.1477,115.028915,2709.932,0.0
7570.5073,1692.0863,10975.378,534.3381,3011.211,694.4193,950.3687,287.654
2128.281,1906.8007,1280.5325,2942.7546,2607.8901,4786.247,3194.0283,3012.454
1907.4161,2129.2007,1662.5109,2433.1538,2682.9263,115.028915,2506.6628,0.0
7590.6885,6492.0356,12446.384,2392.8933,2452.5994,694.4193,771.3328,73.273
2091.0603,2020.3696,1313.4099,3014.9814,3458.476,4786.247,3550.3113,713.87
2633.287,2606.678,2072.8354,2472.902,314.68234,115.028915,2709.932,1899.367
7570.5073,7968.0166,12253.472,1913.1968,2950.754,693.96124,342.88812,25.05
3006.3638,2520.0017,1753.509,5064.7275,1234.133,5593.107,1862.0802,0.0
841.4721,1175.1053,1502.3429,289.4971,504.60876,88.17981,148.32086,0.0
7588.3623,8006.6597,12425.129,2392.8933,3036.927,693.9363,952.3999,32.1
1598.2366,3193.048,1802.0856,5018.3086,4018.67,4405.2017,4490.081,0.0
773.56366,788.61926,1663.2289,270.475,405.85925,52.803642,79.737595,0.0
7406.655,8006.6597,12446.384,2392.8933,2452.5994,693.96124,342.88812,38.17
2933.6672,3193.048,1473.7688,5018.3086,4761.562,5593.107,1862.0802,0.0
1082.2626,788.61926,1886.1582,270.475,295.10547,88.17981,148.32086,0.0
7570.5073,6492.0356,10975.378,1913.1968,2452.5994,179.27701,950.3687,39.37
3006.3638,1351.727,1350.5236,5064.7275,4761.562,76.362175,4359.9375,0.0
841.4721,1326.8605,1662.5109,289.4971,295.10547,92.57158,102.341965,0.0
7406.655,7968.0166,1760.5225,2384.1077,3011.211,179.27701,771.3328,31.789
2933.6672,2520.0017,1392.9109,2689.3333,3065.6348,76.362175,3281.496,6091.49
1082.2626,1175.1053,1821.2336,341.35138,348.6086,92.57158,153.1959,0.0
7588.3623,6492.0356,1760.5225,532.93854,2950.754,179.27701,342.88812,53.621
1598.2366,1351.727,1392.9109,1292.8884,1234.133,76.362175,1862.0802,17356.307
773.56366,1326.8605,1821.2336,327.56735,504.60876,92.57158,148.32086,0.0
7406.655,6492.0356,12253.472,2383.794,2950.754,693.96124,771.3328,30.17
3131.309,2378.9539,1835.801,5341.167,2739.7727,7096.403,5639.509,0.0
1082.2626,1326.8605,1502.3429,397.53668,508.42786,92.39274,159.62889,0.0
7570.5073,6492.0356,12446.384,2392.8933,2950.754,179.27701,950.3687,31.07
3006.3638,2378.9539,1473.7688,5018.3086,2739.7727,6249.3076,2425.9084,0.0
842.6908,1326.8605,1886.1582,270.475,508.42786,100.50241,109.48389,0.0
7570.5073,8006.6597,12446.384,2383.794,3036.927,693.96124,844.3623,32.0
3006.3638,3193.048,1473.7688,5341.167,4018.67,7096.403,5645.9907,0.0
842.6908,788.61926,1886.1582,397.53668,413.599,92.39274,129.89436,0.0
7570.5073,6492.0356,12253.472,1913.1968,2452.5994,179.27701,342.88812,44.2
3006.3638,2378.9539,1835.801,5064.7275,4761.562,6249.3076,4597.295,0.0
842.6908,1326.8605,1502.3429,294.0842,295.10547,100.50241,148.32086,0.0
7570.5073,6492.0356,12425.129,2384.1077,2950.754,693.9363,950.3687,67.768
3006.3638,2378.9539,1666.385,2205.9531,2739.7727,1956.6768,2425.9084,20349.739
842.6908,1326.8605,1663.2289,345.27368,508.42786,55.363426,109.48389,0.0
7590.6885,7968.0166,12446.384,2383.794,3036.927,179.27701,342.88812,28.387
2365.2021,2520.0017,1473.7688,5341.167,4018.67,6249.3076,4597.295,10187.132
1255.0243,1175.1053,1886.1582,397.53668,413.599,100.50241,148.32086,0.0
7406.655,6492.0356,10975.378,2392.8933,695.5835,693.9363,844.3623,30.84
1127.4667,858.74817,1079.8634,292.05954,749.1564,330.4775,480.85187,0.0
1082.2626,1326.8605,1662.5109,270.475,522.3598,52.803642,127.7094,0.0
7590.6885,8006.6597,12253.472,532.93854,695.5835,695.8232,771.3328,44.98
784.5094,1000.39197,1476.4363,533.5998,749.1564,412.3769,481.05838,0.0
1255.0243,788.61926,1502.3429,327.56735,522.3598,104.0743,153.1959,0.0
7588.3623,1692.0863,12446.384,2384.1077,3011.211,179.85034,844.3623,43.59
1036.8447,1232.5605,1178.5837,547.2406,574.9198,76.362175,480.85187,0.0
773.56366,1130.9022,1886.1582,341.35138,348.6086,92.57158,127.7094,0.0
213.93942,1692.0863,12425.129,1913.1968,2452.5994,695.8232,950.3687,44.98
746.97253,1232.5605,1565.4235,486.8886,486.76785,412.3769,120.27733,0.0
1291.3588,1130.9022,1663.2289,289.4971,295.10547,104.0743,102.341965,0.0
7588.3623,1692.0863,12425.129,2383.794,3036.927,577.4105,771.3328,51.35
1036.8447,1232.5605,1565.4235,406.57962,465.30035,360.05142,481.05838,0.0
773.56366,1130.9022,1663.2289,389.80664,405.85925,92.53096,153.1959,0.0
213.93942,7966.6465,12425.129,2392.8933,3036.927,179.85034,950.3687,36.169
746.97253,1029.9155,1565.4235,292.05954,465.30035,76.362175,120.27733,1565.973
1291.3588,1082.9202,1663.2289,270.475,405.85925,92.57158,102.341965,0.0
7406.655,7968.0166,12446.384,2392.8933,695.5835,217.34131,950.3687,33.34
1028.2247,950.6164,1178.5837,224.69852,386.21225,76.473816,128.37288,0.0
1082.2626,1175.1053,1886.1582,270.475,522.3598,92.57158,102.341965,0.0
7588.3623,6492.0356,12425.129,532.93854,695.5835,217.34131,844.3623,48.49
951.8839,858.74817,1551.6299,315.73352,386.21225,76.473816,121.447174,0.0
773.56366,1326.8605,1663.2289,327.56735,522.3598,92.57158,127.7094,0.0
7590.6885,8006.6597,12425.129,2383.794,2452.5994,217.34131,771.3328,49.89
784.5094,946.80194,1551.6299,378.24527,277.79932,76.473816,161.5172,0.0
1255.0243,788.61926,1663.2289,389.80664,295.10547,92.57158,153.1959,0.0
215.61963,8006.6597,12425.129,2383.794,695.5835,693.9363,771.3328,51.4
694.1561,946.80194,1551.6299,378.24527,386.21225,72.316345,161.5172,0.0
1291.3588,788.61926,1663.2289,389.80664,522.3598,52.803642,153.1959,0.0
7406.655,6492.0356,12253.472,2383.794,2950.754,695.8232,950.3687,51.35
1028.2247,858.74817,1476.4363,378.24527,342.2503,129.13608,128.37288,0.0
1082.2626,1326.8605,1502.3429,389.80664,504.60876,104.0743,102.341965,0.0
7590.6885,1692.0863,12253.472,2384.1077,3036.927,695.8232,952.3999,74.97
784.5094,723.77423,1476.4363,306.0513,419.38193,129.13608,125.86288,0.0
1255.0243,1130.9022,1502.3429,341.35138,405.85925,104.0743,79.737595,0.0
7570.5073,7966.6465,12253.472,535.88416,2950.754,584.88306,771.3328,24.406
940.6096,3595.4402,1500.12,1475.3848,1558.7303,4393.7046,1711.6106,15157.41
841.4721,1082.9202,1502.3429,327.56735,504.60876,92.53096,153.1959,0.0
7588.3623,7968.0166,12425.129,535.88416,695.5835,695.8232,342.88812,14.622
2433.1504,2390.0513,1964.3134,2072.899,2378.27,2316.169,2186.2273,7954.722
773.56366,1175.1053,1663.2289,327.56735,522.3598,104.0743,148.32086,0.0
7590.6885,7966.6465,10975.378,2392.8933,3011.211,693.96124,952.3999,15.95
4346.5103,3595.4402,1546.2164,6220.3047,5987.682,6969.8354,6931.5605,2264.203
1255.0243,1082.9202,1662.5109,270.475,348.6086,88.17981,79.737595,15483.066
7406.655,6492.0356,10975.378,1913.1968,2452.5994,693.9363,342.88812,28.052
3437.0415,3146.5864,1546.2164,4158.3696,5043.2515,5072.735,5425.303,7304.189
1129.3976,1416.9263,1662.5109,353.9525,348.45572,89.4572,203.67879,0.0
7590.6885,7968.0166,12446.384,535.88416,3036.927,584.88306,844.3623,13.085
4346.5103,3509.853,1431.2103,5881.914,5576.3296,6880.114,6822.2485,6257.259
1255.0243,1225.535,1899.5756,376.64163,476.49466,104.74481,159.41698,0.0
7570.5073,8006.6597,12446.384,1913.1968,2950.754,693.9363,950.3687,22.909
2903.576,3054.824,1431.2103,4158.3696,4712.655,5072.735,5865.93,8317.638
895.21735,832.67346,1899.5756,353.9525,570.14795,89.4572,133.10176,0.0
7570.5073,6492.0356,10975.378,1913.1968,3011.211,584.88306,844.3623,15.323
1023.1381,3146.5864,1103.6229,591.3819,640.08,342.43124,412.9223,2432.637
895.21735,1416.9263,1662.5109,353.9525,348.6086,104.74481,159.41698,0.0
7588.3623,6492.0356,12446.384,2384.1077,2452.5994,695.8232,952.3999,22.31
1838.3086,3146.5864,1280.1108,2044.5996,1833.8336,2206.663,2228.6523,0.0
830.76715,1416.9263,1899.5756,417.30194,348.45572,152.25105,79.737595,0.0
1361.3439,8948.83,12579.01,4610.049,4715.7686,3701.2373,4623.409,281.407
1571.0507,2035.1962,1286.1674,1993.3492,1844.3995,2094.7507,422.74365,6641.136
1412.4642,888.4452,1909.5819,510.07755,416.7379,217.8468,313.68668,0.0
8495.3545,8493.895,11068.958,2823.9243,4578.231,3699.4585,4623.409,285.122
1593.0172,2052.316,1177.6836,2734.8433,2620.0168,2091.732,422.74365,6520.443
1409.3135,1236.9443,1683.8059,517.8618,818.05225,115.73621,313.68668,0.0
8409.053,8493.895,1804.7623,2823.9243,4578.231,1606.0096,4623.409,5522.769
2599.2517,2052.316,1682.8622,2734.8433,2620.0168,4091.2388,422.74365,0.0
863.4583,1236.9443,1845.6329,517.8618,818.05225,181.59111,313.68668,0.0
8601.982,8948.83,1804.7623,3995.928,4019.2808,2192.4082,2592.6145,4051.791
2903.576,2035.1962,1682.8622,3537.0715,3417.5674,4169.581,4027.5264,0.0
952.0571,888.4452,1845.6329,411.51727,493.63217,196.76225,240.64926,0.0
8495.3545,8493.895,1844.5032,4192.405,4578.231,2499.9192,1932.9723,21.969
1593.0172,1675.8691,1501.1139,1607.6737,1558.7303,434.37454,1985.532,492.619
1976.0531,1236.9443,1921.0675,1447.3889,1547.0724,1610.8416,1637.1622,6736.985
8601.982,7275.6953,12385.861,2505.4856,4817.784,2499.9192,1571.5903,500.366
940.6096,915.19446,1500.12,874.89294,625.75323,434.37454,437.9488,6670.173
2150.11,2350.5657,1724.9653,3709.7026,2864.1953,1610.8416,2623.1118,0.0
811.6505,8493.895,12562.186,3995.928,4114.7637,2349.5503,2576.6619,22.122
1571.0507,1675.8691,1647.3285,1567.3881,1527.6924,1643.1696,1662.5162,370.256
2019.3855,1236.9443,1742.2753,1380.9661,1333.1149,1399.921,1334.0996,6609.168
8495.3545,1937.1207,12385.861,2505.4856,3884.07,905.38556,1932.9723,4858.654
1593.0172,1329.309,1500.12,874.89294,1633.2864,2124.4438,1985.532,0.0
1976.0531,2143.402,1724.9653,3709.7026,2344.6064,3218.8867,1637.1622,0.0
10054.243,8948.83,12385.861,7917.7417,12708.534,11663.922,8022.1274,21.892
859.6487,1702.6436,1486.0192,1824.5364,385.02252,135.71461,2008.6646,365.174
976.95593,850.40985,1512.1417,397.7245,757.53906,190.9831,127.611465,8123.108
1561.0459,8673.499,11068.958,3648.4614,3628.9238,3851.1892,3999.138,12322.904
1571.0507,1122.8477,1177.6836,2020.5272,1995.4695,2107.7266,2092.7705,0.0
2385.3516,2447.9937,1800.2745,2274.7278,2359.4453,2628.5867,2553.9875,0.0
10054.243,8673.499,12385.861,8129.756,12708.534,11663.922,7944.2383,119.231
859.6487,1122.8477,1486.0192,361.1038,385.02252,135.71461,273.25436,6189.658
976.95593,2447.9937,1512.1417,2573.6116,757.53906,190.9831,2626.0447,0.0
8085.302,8493.895,12385.861,5364.413,12708.534,4147.703,4128.6846,11781.66
1820.0952,1741.2966,1486.0192,1982.3914,385.02252,2065.8206,2111.78,0.0
2157.707,2176.9707,1512.1417,2432.7168,757.53906,2554.499,2644.7893,0.0
8415.596,1842.6407,12385.861,1122.8654,4044.7683,1315.3735,1352.3499,1688.558
839.5253,778.402,1470.7056,434.47052,415.9576,230.6888,301.74243,0.0
976.95593,1624.8384,1597.6757,1300.7079,1180.5735,1197.5214,1267.7606,0.0
500.26688,8493.895,12385.861,3440.3728,4044.7683,1498.5533,2137.7144,8.15
867.57135,980.4243,1470.7056,314.30054,415.9576,307.3239,273.21402,114.65
1642.153,1422.2566,1597.6757,620.15985,1180.5735,927.2733,931.4425,1639.534
500.26688,8948.83,12385.861,3210.5466,1174.4258,1498.5533,2137.7144,1581.602
867.57135,1000.0686,1470.7056,445.55038,479.65274,307.3239,273.21402,0.0
1642.153,850.40985,1597.6757,1267.0514,1651.2036,927.2733,931.4425,0.0
8415.596,8948.83,12562.186,1122.8654,3176.0793,1512.1132,1843.8722,10.57
839.5253,1000.0686,1575.985,434.47052,379.52042,176.50671,196.69351,381.814
976.95593,850.40985,1742.2753,1300.7079,800.9983,652.4635,639.22015,1739.724
811.6505,8673.499,1844.5032,2505.4856,1597.2675,905.38556,2539.556,1290.721
1571.0507,1661.1241,1501.1139,874.89294,1698.1431,2124.4438,1851.7336,0.0
2019.3855,2094.5261,1921.0675,3709.7026,2531.8025,3218.8867,3165.5757,0.0
8601.982,8948.83,12385.861,4126.1396,4817.784,2303.4963,2539.556,20.99
940.6096,1523.2024,1500.12,1475.8134,625.75323,1520.9155,1851.7336,1162.139
2150.11,1774.7998,1724.9653,2573.6116,2864.1953,2607.654,3165.5757,0.0
208.69713,8006.6597,10975.378,1924.5421,698.2394,701.2105,956.6171,11.97
799.27325,991.8204,1089.092,327.01044,643.72107,111.16627,235.4147,0.0
1291.6199,830.5191,1662.5109,373.09418,758.1401,86.064285,95.03451,0.0
7588.3623,6492.0356,10975.378,1924.5421,2462.407,709.73676,953.33307,9.79
1038.1475,889.56226,1089.092,327.01044,428.7036,131.81516,164.29227,0.0
805.74365,1326.8605,1662.5109,373.09418,317.13425,110.29793,156.14734,0.0
8415.596,8673.499,12579.01,3370.359,4030.6038,1038.4083,414.53586,8.66
827.52295,1147.841,1182.1902,370.04184,415.9576,178.74043,123.06351,0.0
883.2807,1137.1737,1891.6073,333.20184,572.8608,129.03236,194.9906,0.0
8409.053,7151.3623,1764.767,690.5172,872.5264,1098.6693,1202.2443,6.39
1852.614,841.50323,1594.1472,2165.8872,747.6891,126.627106,2486.5186,0.0
811.1784,1386.7869,1831.1444,361.95395,593.96356,76.37292,170.20007,0.0
7406.655,6492.0356,12425.129,534.3381,3058.698,698.89197,845.1157,17.42
1028.1796,889.56226,1550.6725,418.61987,486.76425,108.3118,120.50716,0.0
1082.2626,1326.8605,1663.2289,448.23965,420.16492,91.90144,146.37892,0.0
8085.302,1842.6407,12562.186,3178.0872,1047.6105,615.17413,414.53586,13.81
1088.3425,714.33734,1578.6384,360.88394,747.6891,204.77737,123.06351,0.0
1132.0769,1175.3843,1666.0298,454.87964,593.96356,135.03572,194.9906,0.0
7406.655,1692.0863,1761.4379,532.93854,2950.754,217.19894,786.04614,4.5
1110.0203,789.0775,1412.1041,352.62946,342.2503,84.51552,259.8576,0.0
1082.2626,1624.8384,1821.2336,327.56735,596.65424,133.19255,1261.6792,0.0
7590.6885,7968.0166,12253.472,2383.794,3036.927,693.96124,844.3623,3.338
723.2006,930.0737,1466.1056,343.64456,377.6379,276.4253,447.2058,54.429
2950.7937,2700.216,1709.1173,4013.9648,1301.5963,4588.1523,2229.783,1078.702
7406.655,1692.0863,12425.129,1913.1968,3036.927,695.8232,844.3623,11.41
959.21094,692.3081,1550.6725,265.8286,377.6379,126.68185,447.2058,231.423
1668.4083,1682.8542,1743.0146,1244.3538,1301.5963,1305.5703,2229.783,5332.687
7406.655,8006.6597,1760.5225,1913.1968,3011.211,577.4105,952.3999,4.941
959.21094,1179.9669,1388.3278,418.6105,381.3459,254.34991,2261.6907,143.268
1668.1724,1831.3008,1821.2336,2806.5273,2637.8652,3233.1484,304.86313,90419.726
7590.6885,6492.0356,12253.472,2383.794,695.5835,693.96124,952.3999,6.286
750.2955,786.569,1470.7056,308.68192,671.73755,211.50209,2261.6907,217.305
24080.516,22233.244,4348.2354,53788.902,49070.23,71395.09,304.86313,3608.589
7588.3623,1692.0863,12253.472,2855.2666,2950.754,201.39539,1382.4089,150.0
957.86066,675.00836,1466.1056,281.16556,314.80185,100.85371,124.174904,0.0
773.56366,1137.1394,1502.3429,349.4887,508.2022,96.640686,79.23531,0.0
353.6174,6492.0356,12446.384,541.2827,2901.1775,996.4401,1160.6902,250.0
700.8563,763.8187,1169.7871,276.5683,281.93723,74.037895,114.64879,0.0
1291.6199,1326.8605,1886.1582,338.7911,315.31583,100.42788,163.3916,0.0
7588.3623,1692.0863,1786.1638,2300.6575,3416.5967,1110.0562,1382.4089,400.0
957.86066,855.5803,1388.4802,315.6918,729.22406,296.75424,133.846,0.0
795.72,1137.1394,1826.3396,356.5284,375.9717,111.54895,100.75686,0.0
8085.302,8493.895,1764.767,3048.577,2863.8296,967.09454,414.53586,6700.0
1064.2714,1007.9069,1388.4802,321.3496,361.20737,162.189,68.484856,0.0
1132.0769,1213.1975,1831.1444,391.2173,330.8074,144.12106,199.98866,0.0
287.5614,6492.0356,12446.384,3709.8655,18428.248,2018.8308,2292.1687,108.0
690.58136,763.8187,1169.7871,281.16556,317.6463,76.42546,128.98021,0.0
1291.3588,1326.8605,1886.1582,345.27368,354.94196,106.01358,80.01854,0.0
7406.655,8006.6597,12425.129,532.93854,18428.248,20565.209,20330.006,134.0
934.86163,945.2482,1554.3206,284.92065,317.6463,93.51016,127.27507,0.0
1082.2626,788.61926,1663.2289,332.83395,354.94196,92.39274,152.2076,0.0
12670.819,8006.6597,12446.384,23846.725,18428.248,35668.293,348.03696,138.0
690.58136,945.2482,1169.7871,265.8286,317.6463,68.64857,48.668243,0.0
1291.3588,788.61926,1886.1582,294.0842,354.94196,106.01358,138.51274,0.0
7570.5073,7968.0166,10975.378,532.93854,2901.1775,996.4401,348.03696,154.0
781.3485,953.65247,1072.9495,276.5683,281.93723,74.037895,48.668243,0.0
845.67035,1181.0703,1662.5109,338.7911,315.31583,100.42788,164.43338,0.0
7406.655,1692.0863,12425.129,2789.1956,983.0564,1110.0562,1247.3011,157.0
934.86163,675.00836,1550.6725,233.73839,388.22525,67.96765,112.940575,0.0
1082.2626,1137.1394,1663.2289,284.01022,522.1934,105.976295,132.8512,0.0
353.6174,1692.0863,1786.1638,2855.2666,3416.5967,335.40536,435.99527,189.0
700.8563,675.00836,1388.4802,281.16556,317.6463,100.85371,48.668243,0.0
1291.6199,1137.1394,1821.2336,349.4887,361.91318,96.640686,164.43338,0.0
7406.655,1692.0863,12253.472,532.93854,2950.754,201.76866,348.03696,50000.0
934.86163,675.00836,1466.1056,284.92065,314.80185,95.71936,48.668243,0.0
1082.2626,1130.9022,1502.3429,332.83395,508.42786,92.67972,138.51274,0.0
353.6174,8006.6597,12425.129,534.3381,983.0564,444.4153,495.8025,442.0
700.8563,1042.8024,1550.6725,617.00354,670.61273,110.35749,720.59595,0.0
1291.6199,788.61926,1663.2289,352.0413,522.1934,186.30058,164.43338,0.0
7570.5073,7968.0166,12425.129,2399.5552,3058.698,698.89197,845.1157,152.0
856.63885,1026.1718,1559.794,378.45047,403.09445,110.77508,188.28705,0.0
841.4721,1175.1053,1663.2289,389.80664,405.85925,88.17981,159.34479,0.0
7406.655,7968.0166,12446.384,2399.5552,3027.014,258.5077,377.13568,175.0
934.86163,2520.0017,1175.3544,300.87085,334.35797,138.37318,78.37531,0.0
1082.2626,1175.1053,1886.1582,397.53668,355.63736,100.50241,148.32086,0.0
7406.655,6492.0356,10975.378,2397.4875,2462.407,709.73676,956.6171,233.0
934.86163,763.8187,1077.139,292.49683,304.53693,90.45976,153.34439,0.0
1082.2626,1326.8605,1662.5109,350.93982,315.31583,112.07337,79.23531,0.0
7590.6885,8006.6597,10975.378,2397.4875,698.2394,701.2105,845.1157,316.0
750.2955,955.7223,1077.139,292.49683,419.37006,62.049732,130.0369,0.0
1257.3546,788.61926,1662.5109,350.93982,522.1934,68.91147,164.48659,0.0
7570.5073,7968.0166,10975.378,2397.4875,2462.407,698.89197,377.13568,142.0
832.7519,2520.0017,1077.139,393.0574,401.266,158.28053,78.37531,0.0
842.6908,1175.1053,1662.5109,345.27368,295.10547,92.39274,148.32086,0.0
7406.655,1692.0863,10975.378,2399.5552,2950.754,701.2105,786.04614,192.0
934.86163,675.00836,1077.139,300.87085,339.3182,120.37122,144.7793,0.0
1082.2626,1137.1394,1662.5109,402.991,508.2022,68.91147,176.179,0.0
7590.6885,8006.6597,1761.4379,1924.5421,2462.407,588.18976,956.6171,231.0
750.2955,955.7223,1388.4802,305.52814,304.53693,92.45634,133.4983,0.0
1257.3546,788.61926,1821.2336,295.1362,315.31583,93.46487,79.23531,0.0
7590.6885,7966.6465,10975.378,2383.794,2452.5994,693.9363,952.3999,1.728
723.2006,1029.1577,1072.9495,251.176,311.74872,75.27538,188.32137,0.0
1255.0243,1251.3424,1662.5109,1155.7018,293.7781,1630.4742,1770.1687,0.0
7570.5073,7968.0166,10975.378,2383.794,3036.927,151.7594,844.3623,3.425
806.0239,2068.9048,1072.9495,251.176,411.9232,5081.2744,186.6597,0.0
862.0286,1175.1053,1662.5109,396.5534,413.599,361.86176,146.71365,0.0
208.93106,1692.0863,12446.384,2384.1077,3011.211,695.8232,325.12384,3.425
735.03436,765.7205,1169.7871,286.45776,385.4722,169.31943,137.35164,0.0
1291.3588,1130.9022,1886.1582,345.27368,354.94196,109.99599,138.51274,0.0
7590.6885,6492.0356,12253.472,2397.4875,3058.698,701.2105,956.6171,9.446
723.2006,763.8187,1466.1056,286.45776,411.38644,78.80503,142.76419,0.0
1255.0243,1326.8605,1502.3429,345.27368,413.599,52.424564,80.01854,0.0
7590.6885,1692.0863,1760.5225,2392.8933,2452.5994,556.75494,348.03696,4.915
723.2006,692.3081,1388.3278,261.4061,311.74872,84.44172,75.180115,75.482
1255.0243,1130.9022,1821.2336,266.93112,293.7781,83.845604,137.92589,2051.79
7588.3623,7968.0166,10975.378,1913.1968,2950.754,151.7594,771.3328,5.905
982.4891,2068.9048,1072.9495,287.1861,314.80185,5081.2744,141.45154,120.031
773.56366,1175.1053,1662.5109,294.0842,508.42786,361.86176,151.2011,0.0
7570.5073,8006.6597,10975.378,2383.794,3036.927,693.96124,950.3687,8.716
791.0222,959.773,1072.9495,251.23135,510.25714,192.22223,191.42015,93.303
842.6908,788.61926,1662.5109,397.53668,413.599,93.363045,107.58507,0.0
7406.655,7966.6465,12446.384,2407.793,3058.698,581.33075,845.1157,5.729
934.86163,1055.2568,1169.7871,261.4061,411.38644,73.55189,130.55914,51.008
1082.2626,1082.9202,1886.1582,266.93112,413.599,89.24857,129.89436,0.0
7406.655,6492.0356,12425.129,2383.794,3011.211,577.4105,844.3623,24.99
2105.8567,1829.694,1709.7452,2554.0781,2468.237,3496.4067,2785.3823,0.0
1082.2626,1326.8605,1663.2289,400.05786,359.71014,95.70093,136.9504,0.0
223.57602,1692.0863,1760.5225,2392.8933,3036.927,693.96124,950.3687,48.77
1826.1522,1729.763,1388.3278,2511.3877,3008.4482,2829.423,106.26622,0.0
1291.6199,1137.1394,1821.2336,285.57965,420.16492,97.53284,114.23944,0.0
7570.5073,7966.6465,1760.5225,2384.1077,2452.5994,693.9363,348.03696,53.85
801.2544,2064.5735,1388.3278,338.5195,2406.0542,2769.2256,2686.9124,0.0
847.17285,1097.2616,1821.2336,349.73703,313.4294,56.9871,159.03394,0.0
7570.5073,7968.0166,12253.472,532.93854,3036.927,577.4105,950.3687,16.383
801.2544,930.0737,1619.7365,2498.0093,3008.4482,3496.4067,106.26622,548.755
847.17285,1181.0703,1502.3429,342.46713,420.16492,95.70093,114.23944,0.0
7570.5073,7968.0166,1760.5225,2384.1077,695.5835,179.05273,950.3687,483.919
801.2544,930.0737,1388.3278,338.5195,384.57068,155.01497,106.26622,11191.801
847.17285,1181.0703,1821.2336,349.73703,524.5789,94.533165,114.23944,0.0
7406.655,7966.6465,12253.472,2392.8933,3011.211,695.8232,952.3999,12.2
954.30286,994.27313,1466.1056,256.27756,332.45593,120.70708,159.35204,0.0
1179.1481,1160.8855,1509.3467,337.36362,434.89246,163.88289,124.70903,0.0
7570.5073,8006.6597,12446.384,2383.794,2950.754,695.8232,771.3328,10.9
801.2544,945.5523,1169.7871,294.73044,345.57568,120.70708,172.98433,0.0
925.105,840.4254,1903.5726,525.58484,625.60376,163.88289,212.82323,0.0
206.23633,6492.0356,12446.384,2383.794,695.5835,693.9363,844.3623,10.5
690.9915,799.9791,1169.7871,294.73044,384.90753,57.26352,136.52745,0.0
1355.1063,1416.9263,1903.5726,525.58484,635.1135,83.107796,193.01653,0.0
7570.5073,6492.0356,1760.5225,2383.794,2950.754,693.96124,950.3687,9.9
801.2544,799.9791,1388.3278,294.73044,345.57568,116.70342,133.645,0.0
925.105,1416.9263,1835.9617,525.58484,625.60376,143.34395,145.45251,0.0
7570.5073,7966.6465,12425.129,534.3381,3036.927,693.9363,950.3687,8.093
837.4713,994.27313,1551.7306,402.52515,438.0253,288.66202,240.9191,296.793
46189.59,44172.8,7860.3975,98623.57,91438.9,84276.89,136086.56,133722.391
7588.3623,8006.6597,12253.472,2392.8933,2452.5994,693.9363,952.3999,6.08
957.86066,961.4225,1466.1056,378.00815,402.39722,288.66202,321.19897,189.9
40505.258,35861.11,6548.507,80302.92,79914.35,84276.89,95013.914,208361.201
7570.5073,1692.0863,10975.378,2384.1077,3011.211,163.85675,858.87537,6.148
837.4713,732.9743,1075.3483,373.27948,445.59067,272.84143,325.63092,245.251
46189.59,46106.875,8132.154,102949.91,95355.11,125988.414,121873.34,116127.497
7588.3623,7968.0166,12446.384,1913.1968,2452.5994,694.4193,950.3687,6.238
957.86066,975.7056,1169.7871,396.5225,402.39722,278.4469,240.9191,290.916
40505.258,50346.277,8961.147,112475.1,79914.35,137752.06,136086.56,76930.347
7590.6885,8006.6597,12425.129,1913.1968,3036.927,695.8232,771.3328,7.139
723.2006,945.5523,1551.7306,264.73346,403.1525,148.44339,263.62308,102.848
2429.1948,1739.9193,1788.2063,1055.4203,1301.5963,2267.8596,4215.858,2246.406
206.23633,7968.0166,12446.384,1913.1968,3036.927,693.9363,950.3687,19.542
690.9915,930.0737,1169.7871,264.73346,403.1525,127.61091,144.82756,266.845
2001.4238,1815.276,1983.2362,1055.4203,1301.5963,1496.7994,1402.7894,4936.797
206.23633,7968.0166,12446.384,1913.1968,3011.211,693.9363,771.3328,3.162
690.9915,930.0737,1169.7871,264.73346,332.45593,127.61091,263.62308,84.495
2001.4238,1815.276,1983.2362,1055.4203,2432.829,1496.7994,4215.858,1065.889
7590.6885,1692.0863,10975.378,2392.8933,3036.927,150.68936,771.3328,3.849
723.2006,685.0171,1072.9495,271.5095,403.1525,189.98184,263.62308,82.155
2429.1948,2146.017,1825.0076,2545.4617,1301.5963,2691.8984,4215.858,844.947
7590.6885,7966.6465,12446.384,1913.1968,695.5835,693.9363,348.03696,10.0
723.2006,999.0951,1169.7871,264.29446,384.57068,67.88151,71.7761,0.0
1257.3546,1097.2616,1886.1582,330.21494,524.5789,56.9871,159.03394,0.0
7588.3623,7966.6465,10975.378,532.93854,2452.5994,693.9363,844.3623,11.5
956.1557,999.0951,1073.5687,303.78195,285.93454,67.88151,131.39644,0.0
798.3568,1097.2616,1662.5109,342.46713,313.4294,56.9871,136.9504,0.0
221.81325,8006.6597,10975.378,1913.1968,2950.754,204.59215,771.3328,10.5
690.9915,939.8681,1073.5687,264.29446,314.80185,76.76454,117.742516,0.0
1291.6199,812.8601,1662.5109,330.21494,528.2563,94.533165,158.0592,0.0
7588.3623,7966.6465,10975.378,2392.8933,695.5835,693.9363,844.3623,12.5
956.1557,999.0951,1073.5687,237.4512,384.57068,67.88151,131.39644,0.0
798.3568,1097.2616,1662.5109,285.57965,524.5789,56.9871,136.9504,0.0
7406.655,6492.0356,12446.384,2383.794,3011.211,693.9363,348.03696,11.8
950.4142,773.3643,1169.7871,256.0902,327.50537,67.88151,71.7761,0.0
1082.2626,1326.8605,1886.1582,400.05786,359.71014,56.9871,159.03394,0.0
221.81325,1692.0863,1760.5225,1913.1968,695.5835,204.59215,952.3999,11.9
690.9915,685.0171,1388.3278,264.29446,384.57068,76.76454,128.83989,0.0
1291.6199,1137.1394,1821.2336,330.21494,524.5789,94.533165,86.80831,0.0
7406.655,7966.6465,1760.5225,532.93854,2950.754,693.9363,348.03696,94.539
950.4142,999.0951,1388.3278,303.78195,314.80185,67.88151,71.7761,0.0
1082.2626,1097.2616,1821.2336,342.46713,528.2563,56.9871,159.03394,0.0
7406.655,1692.0863,12253.472,2384.1077,695.5835,695.8232,771.3328,725.19
950.4142,685.0171,1466.1056,281.16556,384.57068,77.98258,117.742516,0.0
1082.2626,1137.1394,1502.3429,349.73703,524.5789,108.73073,158.0592,0.0
7590.6885,7966.6465,1760.5225,1913.1968,2452.5994,577.4105,950.3687,186.161
723.2006,999.0951,1388.3278,264.29446,285.93454,84.920074,106.26622,0.0
1257.3546,1097.2616,1821.2336,330.21494,313.4294,95.70093,114.23944,0.0
7570.5073,7966.6465,1760.5225,532.93854,3036.927,693.96124,950.3687,55.942
801.2544,999.0951,1388.3278,303.78195,370.90005,96.09078,106.26622,0.0
847.17285,1097.2616,1821.2336,342.46713,420.16492,97.53284,114.23944,0.0
7590.6885,8006.6597,12253.472,2392.8933,2950.754,693.96124,950.3687,6.884
723.2006,939.8681,1466.1056,237.4512,314.80185,96.09078,106.26622,47.836
1257.3546,812.8601,1502.3429,285.57965,528.2563,97.53284,114.23944,0.0
7570.5073,7966.6465,12425.129,2392.8933,695.5835,693.9363,950.3687,11.886
801.2544,999.0951,1551.7306,237.4512,384.57068,67.88151,106.26622,0.0
847.17285,1097.2616,1663.2289,285.57965,524.5789,56.9871,114.23944,0.0
217.80858,6492.0356,1760.5225,532.93854,2950.754,693.96124,950.3687,42.9
757.9433,778.7832,1388.3278,392.0704,385.29602,189.05664,302.65884,0.0
1435.6183,1353.5156,1821.2336,342.7973,521.4293,118.12823,39609.74,0.0
7406.655,7968.0166,12425.129,2392.8933,3011.211,693.96124,950.3687,89.0
1015.5621,985.8874,1564.3024,335.3206,452.30692,189.05664,302.65884,0.0
1093.6428,1194.1409,1666.7756,514.5518,405.9165,118.12823,39609.74,0.0
217.80858,8006.6597,10975.378,2392.8933,3011.211,695.8232,950.3687,99.0
757.9433,1020.18677,1079.8634,335.3206,452.30692,141.52393,302.65884,0.0
1435.6183,927.6431,1666.2747,514.5518,405.9165,128.6924,39609.74,0.0
7570.5073,7966.6465,10975.378,2384.1077,3036.927,693.9363,844.3623,104.405
805.61847,1033.5261,1072.9495,332.91547,426.5419,98.27201,188.32053,0.0
843.22046,1090.7863,1662.5109,379.33682,413.599,44.861378,128.00394,0.0
7588.3623,7968.0166,12446.384,2392.8933,3011.211,693.9363,771.3328,87.5
957.86066,964.09406,1171.0575,292.69638,353.97983,98.27201,181.6392,0.0
773.56366,1175.1053,1886.1582,270.475,354.226,44.861378,153.48352,0.0
7590.6885,8006.6597,10975.378,2384.1077,2452.5994,178.90703,771.3328,60.715
746.37024,945.2482,1072.9495,332.91547,330.58804,118.643875,181.6392,0.0
1255.0243,788.61926,1662.5109,379.33682,293.7781,94.622444,153.48352,0.0
7590.6885,7966.6465,12446.384,2384.1077,2950.754,577.4105,844.3623,49.165
746.37024,1033.5261,1171.0575,332.91547,339.3182,115.35749,188.32053,0.0
1255.0243,1090.7863,1886.1582,379.33682,508.42786,87.632835,128.00394,0.0
7406.655,6492.0356,10975.378,2399.5552,3058.698,709.73676,786.04614,11.0
934.86163,763.8187,1077.139,266.473,1129.6892,76.44941,950.52026,0.0
1082.2626,1326.8605,1662.5109,1340.214,2123.8792,107.341415,1339.7859,0.0
7590.6885,8006.6597,1761.4379,2397.4875,698.2394,165.43857,956.6171,92.698
723.2006,971.5924,1388.4802,344.1289,443.0699,138.7259,162.43245,3056.991
1513.3983,830.5191,1910.4763,932.4627,1406.7799,1026.943,1148.5798,0.0
7588.3623,8006.6597,12446.384,2407.793,3058.698,709.73676,786.04614,11.069
1993.3551,971.5924,1299.4762,2285.3113,2371.2415,2695.6125,2686.3948,90.34
805.74365,830.5191,1886.1582,284.01022,420.16492,113.19902,153.47488,1145.379
7406.655,7966.6465,12425.129,532.93854,698.2394,581.33075,845.1157,6.97101
934.86163,997.9875,1551.6299,277.78903,384.22644,73.55189,121.447174,0.0
1082.2626,1082.9202,1663.2289,327.56735,522.3598,88.550026,127.7094,0.0
7570.5073,6492.0356,12425.129,2397.4875,2950.754,709.73676,786.04614,7.11151
781.98126,763.8187,1551.6299,281.16556,314.80185,66.69613,109.28557,0.0
841.4721,1326.8605,1663.2289,341.35138,504.60876,105.782,149.70723,0.0
7590.6885,8006.6597,12446.384,2407.793,3058.698,709.73676,956.6171,8.37939
723.2006,946.80194,1169.7871,224.69852,373.11957,66.69613,123.83892,0.0
1255.0243,788.61926,1886.1582,266.93112,405.85925,105.782,79.737595,0.0
7590.6885,8006.6597,1761.4379,2407.793,2462.407,581.33075,325.12384,8.90616
723.2006,955.7223,1388.4802,249.28267,275.37106,73.55189,48.729267,0.0
1255.0243,788.61926,1821.2336,266.93112,295.10547,88.550026,138.51274,0.0
8495.3545,8673.499,1764.767,918.804,8477.227,967.09454,2249.9685,10.17328
758.325,1049.8232,1388.4802,365.83408,484.1605,162.189,170.89316,0.0
1297.8693,1137.1737,1831.1444,381.60245,445.57523,118.662025,137.60866,0.0
8085.302,8948.83,12385.861,918.804,8477.227,1316.5627,1313.4192,10.17328
1088.3282,1086.108,1466.1056,447.25952,580.6814,130.05206,238.04297,0.0
1132.0769,850.40985,1504.4105,381.60245,445.57523,132.40596,184.61694,0.0
206.19337,7966.6465,12425.129,532.93854,2452.5994,693.96124,844.3623,1.80886
688.4693,997.9875,1551.6299,290.6852,277.79932,102.23905,125.13687,0.0
1308.9493,1105.3163,1666.7756,342.7973,318.5973,118.12823,121.877884,0.0
7588.3623,7968.0166,1760.5225,2383.794,3036.927,150.68936,950.3687,1.77312
951.8839,932.4629,1388.3278,250.97914,383.02206,77.91831,106.67756,0.0
800.8047,1194.1409,1821.2336,431.9982,432.5134,113.09865,129.02724,0.0
206.19337,1692.0863,10975.378,2383.794,695.5835,570.5515,950.3687,1.84736
688.4693,692.3081,1073.6392,250.97914,384.22644,87.478645,106.67756,0.0
1308.9493,1157.6732,1666.2747,431.9982,565.3642,89.170425,129.02724,0.0
7588.3623,8006.6597,12425.129,2384.1077,695.5835,693.96124,952.3999,1.86588
2289.4622,2169.9836,1563.0306,281.16556,2065.9653,4786.247,3087.2695,0.0
15822.73,812.8601,3626.0237,33072.37,49070.23,71395.09,132.47508,0.0
7588.3623,6492.0356,12446.384,2397.4875,3058.698,698.89197,786.04614,6.66909
951.8839,763.8187,1169.7871,281.16556,373.11957,92.82137,109.28557,0.0
773.56366,1326.8605,1886.1582,341.35138,405.85925,89.1501,149.70723,0.0
206.12668,1692.0863,12446.384,2399.5552,2462.407,709.73676,956.6171,6.82051
688.4693,675.00836,1169.7871,251.23135,277.79932,66.69613,123.83892,0.0
1291.3588,1130.9022,1886.1582,389.80664,295.10547,105.782,79.737595,0.0
7406.655,6492.0356,12253.472,1924.5421,3027.014,152.27116,845.1157,7.53711
934.86163,763.8187,1466.1056,259.41776,317.6463,75.66719,121.447174,0.0
1082.2626,1326.8605,1502.3429,289.4971,347.9132,95.58478,127.7094,0.0
7406.655,7966.6465,10975.378,532.93854,3058.698,581.33075,786.04614,8.23603
934.86163,997.9875,1073.6392,277.78903,373.11957,73.55189,109.28557,0.0
1082.2626,1082.9202,1662.5109,327.56735,405.85925,88.550026,149.70723,0.0
206.12668,1692.0863,12425.129,2399.5552,698.2394,698.89197,786.04614,9.62679
688.4693,675.00836,1551.6299,251.23135,384.22644,92.82137,109.28557,0.0
1291.3588,1130.9022,1663.2289,389.80664,522.3598,89.1501,149.70723,0.0
7590.6885,1692.0863,10975.378,2399.5552,3027.014,698.89197,845.1157,11.75596
723.2006,675.00836,1073.6392,251.23135,317.6463,92.82137,121.447174,0.0
1255.0243,1130.9022,1662.5109,389.80664,347.9132,89.1501,127.7094,0.0
7406.655,7966.6465,12253.472,2407.793,3058.698,701.2105,845.1157,12.57501
934.86163,997.9875,1466.1056,224.69852,373.11957,43.701004,121.447174,0.0
1082.2626,1082.9202,1502.3429,266.93112,405.85925,49.507362,127.7094,0.0
7590.6885,8006.6597,10975.378,2383.794,3036.927,150.68936,771.3328,1.75755
723.2006,946.80194,1073.6392,250.97914,383.02206,77.91831,118.0376,0.0
1291.7874,812.8601,1666.2747,431.9982,432.5134,113.09865,154.94235,0.0
206.19337,1692.0863,12446.384,2384.1077,695.5835,570.5515,325.12384,1.75755
688.4693,692.3081,1169.7871,281.16556,384.22644,87.478645,53.018074,0.0
1308.9493,1157.6732,1891.0687,367.47137,565.3642,89.170425,174.60284,0.0
7590.6885,7966.6465,1760.5225,2384.1077,2452.5994,695.8232,950.3687,1.8362
723.2006,997.9875,1388.3278,281.16556,277.79932,77.625404,106.67756,0.0
1291.7874,1105.3163,1821.2336,367.47137,318.5973,128.6924,129.02724,0.0
7590.6885,7966.6465,12253.472,2392.8933,695.5835,693.96124,771.3328,1.68038
723.2006,997.9875,1466.1056,224.69852,384.22644,102.23905,118.0376,0.0
1291.7874,1105.3163,1500.7836,297.9496,565.3642,118.12823,154.94235,0.0
7590.6885,6492.0356,10975.378,532.93854,2452.5994,150.68936,950.3687,1.7754
723.2006,781.1501,1073.6392,290.6852,277.79932,77.91831,106.67756,0.0
1291.7874,1353.5156,1666.2747,342.7973,318.5973,113.09865,129.02724,0.0
7588.3623,1692.0863,1761.4379,532.93854,3027.014,701.2105,325.12384,7.97921
951.8839,675.00836,1388.4802,277.78903,317.6463,43.701004,48.729267,0.0
773.56366,1130.9022,1821.2336,327.56735,347.9132,49.507362,138.51274,0.0
7590.6885,8006.6597,1761.4379,2407.793,3058.698,698.89197,786.04614,8.14147
723.2006,946.80194,1388.4802,224.69852,373.11957,92.82137,109.28557,0.0
1255.0243,788.61926,1821.2336,266.93112,405.85925,89.1501,149.70723,0.0
7406.655,1692.0863,10975.378,2399.5552,3058.698,581.33075,956.6171,12.25983
934.86163,675.00836,1073.6392,251.23135,373.11957,73.55189,123.83892,0.0
1082.2626,1130.9022,1662.5109,389.80664,405.85925,88.550026,79.737595,0.0
7570.5073,8006.6597,1761.4379,2397.4875,3027.014,152.27116,325.12384,16.25142
781.3485,955.7223,1388.4802,281.16556,317.6463,96.43561,48.729267,0.0
845.67035,788.61926,1821.2336,350.93982,361.91318,192.70885,234.79236,0.0
8085.302,1842.6407,12579.01,2496.9758,8477.227,318.5805,2249.9685,17.61427
1088.3282,714.33734,1188.7438,384.79266,580.6814,87.80741,169.38039,0.0
1132.0769,1175.3843,1891.6073,360.14426,445.57523,125.005104,137.60866,0.0
7590.6885,6492.0356,12425.129,2392.8933,3011.211,693.96124,952.3999,1.97364
723.2006,781.1501,1551.6299,224.69852,329.13016,102.23905,123.83892,0.0
1291.7874,1353.5156,1666.7756,297.9496,345.71017,118.12823,86.641365,0.0
206.19337,1692.0863,12425.129,1913.1968,3011.211,693.96124,771.3328,1.96044
688.4693,692.3081,1551.6299,259.41776,329.13016,102.23905,118.0376,0.0
1308.9493,1157.6732,1666.7756,312.83945,345.71017,118.12823,154.94235,0.0
7590.6885,1692.0863,12425.129,2384.1077,695.5835,695.8232,952.3999,1.97364
723.2006,692.3081,1551.6299,281.16556,384.22644,77.625404,123.83892,0.0
1291.7874,1157.6732,1666.7756,367.47137,565.3642,128.6924,86.641365,0.0
7406.655,7966.6465,12425.129,2383.794,3011.211,695.8232,950.3687,2.13915
959.21094,1101.7148,1563.0306,250.97914,329.13016,76.460594,128.40309,0.0
1149.885,1251.9889,3626.0237,894.40393,712.3528,458.61655,129.02724,0.0
8409.053,8948.83,12562.186,3355.34,3347.5823,615.17413,1197.9204,248.327
1791.8601,1086.108,1561.2494,294.4884,437.88977,164.24597,223.13104,0.0
811.1784,1383.3079,1666.0298,333.20184,2119.9658,2242.746,950.7379,0.0
8021.7944,8458.203,1764.767,2831.731,793.31104,615.17413,419.01312,55.504
1030.0569,980.4243,1388.4802,539.0983,577.1909,463.33487,306.4977,2395.542
2060.3064,2385.592,2002.0549,2810.1646,3398.9163,2680.8958,3685.4375,0.0
7570.5073,6492.0356,12253.472,2397.4875,2462.407,279.82492,956.6171,27.177
781.3485,763.8187,1476.5636,357.75024,304.53693,117.58906,133.4983,1143.554
845.67035,1326.8605,1502.3429,381.82758,315.31583,206.39845,79.23531,0.0
7570.5073,6492.0356,10975.378,2397.4875,2950.754,709.73676,342.88812,13.908
781.3485,763.8187,1072.9495,285.23865,339.3182,649.1171,367.72345,254.612
845.67035,1326.8605,1662.5109,381.82758,508.2022,112.51928,173.53452,0.0
7590.6885,7966.6465,10975.378,2407.793,2462.407,588.18976,845.1157,13.681
731.4736,1228.5557,1072.9495,595.48376,1022.2972,154.89705,355.63507,256.293
1255.0243,1082.9202,1662.5109,270.475,295.10547,461.9835,129.89436,0.0
7590.6885,8006.6597,12253.472,2399.5552,3027.014,588.18976,342.88812,12.294
731.4736,3193.048,1490.7853,363.4779,426.1733,295.76752,211.05785,0.0
1255.0243,788.61926,1502.3429,397.53668,355.26407,92.53096,148.32086,0.0
7570.5073,8006.6597,12446.384,2407.793,3027.014,588.18976,953.33307,22.953
957.08813,2547.723,1175.1244,224.69852,602.51245,1626.3445,2887.4023,0.0
841.4721,788.61926,1886.1582,270.475,348.6086,92.53096,102.341965,0.0
7843.4175,6758.2495,11034.683,2922.4727,3525.553,1029.3684,1277.3802,5.555
1150.2577,957.555,1099.8186,774.314,830.8121,843.79675,719.3923,864.446
1402.3291,1480.6104,1707.5948,1192.235,1088.3286,1500.3491,1215.5078,11568.104
207.03964,8458.203,12527.836,2831.731,3525.553,1029.3684,1033.0052,2.748
962.9906,980.4243,1188.7438,539.0983,830.8121,843.79675,798.8102,175.349
2599.536,2385.592,2065.5735,2810.1646,1088.3286,1500.3491,2663.219,0.0
207.03964,8362.696,12527.836,596.5696,793.31104,207.61278,419.01312,18.359
962.9906,1047.2203,1188.7438,788.98254,577.1909,744.6062,306.4977,1491.723
2599.536,1833.5312,2065.5735,2859.5037,3398.9163,3702.9575,3685.4375,0.0
8003.9233,1813.686,12505.529,2213.5012,3024.8098,867.74097,945.0433,4.9
1049.6383,1153.2742,1575.985,834.6314,993.9786,755.7794,794.44037,180.32
1623.9276,2209.6353,1758.2863,1521.2789,2030.8953,1585.8506,1537.8871,7695.8
8021.7944,1813.686,1764.767,2763.6455,3024.8098,207.61278,1170.9784,2.324
1030.0569,1153.2742,1388.4802,850.37256,993.9786,744.6062,789.8648,88.607
2060.3064,2209.6353,2002.0549,2500.501,2030.8953,3702.9575,2612.0874,0.0
8027.1846,1813.686,12343.11,2922.4727,793.31104,207.61278,419.01312,1.811
985.00574,1153.2742,1518.5808,774.314,577.1909,744.6062,306.4977,50.159
2395.507,2209.6353,1678.1938,1192.235,3398.9163,3702.9575,3685.4375,0.0
8003.9233,1813.686,12343.11,596.5696,3024.8098,1029.3684,1277.3802,2.748
1049.6383,1153.2742,1518.5808,788.98254,993.9786,843.79675,719.3923,125.188
1623.9276,2209.6353,1678.1938,2859.5037,2030.8953,1500.3491,1215.5078,0.0
9052.346,8946.583,12671.572,5497.5327,4019.2808,1336.0176,1727.6414,86.134
964.6858,967.5652,1555.2766,286.53467,3417.5674,217.14713,191.84357,0.0
1512.4509,1638.7631,1668.1538,1745.4252,493.63217,152.25105,564.86755,0.0
8507.603,1983.0334,12628.684,3559.3374,4286.151,1358.3657,2210.914,1.682
986.01044,739.7483,1192.2123,426.54565,477.0558,147.59584,158.63216,100.274
1235.7002,1326.4194,1904.2054,576.61456,510.90387,2208.6123,220.76144,2003.775
9052.346,8999.617,12671.572,5497.5327,3884.07,317.82715,2210.914,1.104
964.6858,963.1192,6789.304,286.53467,89566.99,153.78506,158.63216,6.989
2124.1233,1583.5431,1682.8263,1745.4252,485.4657,1854.9319,220.76144,51.558
207.03964,1983.0334,11132.434,422995.75,280049.56,468407.56,459468.25,65.939
752.72894,748.2537,1083.1198,286.53467,343.62805,100.204285,100.414955,167458.034
2568.7754,1326.4194,1707.5948,510.72708,640.16516,142.88399,303.83868,0.0
207.03964,1983.0334,11132.434,700.3887,888.85803,317.82715,1343.5458,517947.468
752.72894,748.2537,1083.1198,465.08832,507.95233,582.01886,273.25436,0.0
2568.7754,1326.4194,1707.5948,1220.603,897.872,295.0513,480.68527,0.0
207.03964,125972.93,2076.1392,5274.4136,280049.56,5194.0923,387250.25,857538.7
962.9906,957.555,1388.4802,932.02606,974.25037,463.33487,794.44037,0.0
2568.7754,1480.6104,1846.4265,474.08325,1813.0035,693.16394,320.3934,0.0
207.03964,1813.686,1764.767,596.5696,793.31104,207.61278,419.01312,2930784.852
962.9906,1153.2742,1388.4802,817.79126,577.1909,744.6062,632.93677,0.0
2599.536,2209.6353,2002.0549,2859.5037,3398.9163,3702.9575,3685.4375,0.0
7588.3623,6492.0356,12425.129,2384.1077,3011.211,695.8232,950.3687,300.0
957.86066,781.1501,1550.6725,281.16556,334.08072,78.89693,124.508064,0.0
773.56366,1326.8605,1663.2289,348.29138,360.50183,107.72127,113.423325,0.0
7406.655,7966.6465,12446.384,2392.8933,2452.5994,693.96124,844.3623,85.0
959.21094,992.1131,1169.7871,229.42361,284.22498,82.288734,112.940575,0.0
1082.2626,1091.863,1886.1582,284.01022,313.98846,97.97131,132.17789,0.0
7406.655,6492.0356,12425.129,2383.794,3011.211,693.9363,348.03696,50.0
959.21094,781.1501,1550.6725,251.176,334.08072,51.04094,55.45285,0.0
1082.2626,1326.8605,1663.2289,402.00772,360.50183,54.28667,163.84653,0.0
7588.3623,7968.0166,12446.384,2384.1077,695.5835,695.8232,771.3328,35.0
957.86066,930.0737,1169.7871,281.16556,384.90753,78.89693,117.05502,0.0
773.56366,1181.0703,1886.1582,348.29138,523.35565,107.72127,158.45248,0.0
7406.655,6492.0356,12446.384,1913.1968,2950.754,695.8232,844.3623,17.0
959.21094,786.569,1171.0575,309.49466,339.3182,89.46627,158.9123,0.0
1082.2626,1326.8605,1886.1582,295.1362,508.2022,105.976295,132.17789,0.0
7590.6885,7966.6465,12425.129,1913.1968,695.5835,695.8232,771.3328,8.377
746.37024,1029.1577,1564.3024,301.07257,430.70245,94.11733,141.45154,0.0
1255.0243,1174.9181,1663.2289,636.83386,3139.4182,105.89328,275.74612,0.0
7570.5073,7968.0166,12253.472,2384.1077,695.5835,693.9363,844.3623,12.478
806.0239,953.9933,1484.1991,330.36743,430.70245,140.79266,177.24413,0.0
865.6469,1175.1053,1502.3429,412.04727,3139.4182,131.46477,181.54776,0.0
7406.655,6492.0356,1760.5225,532.93854,3036.927,695.8232,950.3687,4.579
959.21094,786.569,1388.3278,460.71927,1041.3713,95.07449,104.75976,211.601
1082.2626,1326.8605,1821.2336,357.36905,452.2443,107.83255,167.34033,10733.841
7588.3623,7968.0166,10975.378,2384.1077,3036.927,197.77464,771.3328,15.254
957.86066,930.0737,1072.9495,330.36743,1041.3713,146.64838,264.48666,874.847
1021.45764,1276.8374,1662.5109,902.95514,452.2443,331.66684,496.463,0.0
7590.6885,6492.0356,12446.384,2383.794,3011.211,695.8232,342.88812,741.631
746.37024,1056.9708,1176.0905,827.7964,528.75415,752.8937,837.50055,100827.969
1303.1011,1326.8605,1886.1582,850.33264,658.3181,107.05977,422.6384,0.0
208.69713,7966.6465,10975.378,532.93854,3058.698,701.2105,956.6171,21.3
707.61615,1015.67316,1080.6732,304.22943,403.09445,54.023037,151.04846,0.0
1291.3588,1082.9202,1662.5109,327.56735,405.85925,49.507362,79.737595,0.0
7588.3623,6492.0356,10975.378,2407.793,3027.014,190.65565,956.6171,19.6
1036.8447,763.8187,1080.6732,261.4061,317.6463,76.362175,151.04846,0.0
773.56366,1326.8605,1662.5109,270.475,347.9132,92.23332,79.737595,0.0
236.50601,8006.6597,12446.384,1913.1968,695.5835,577.4105,952.3999,8.317638
690.58136,945.2482,1175.1244,279.715,388.22525,131.47171,150.36342,0.0
1291.6199,788.61926,1886.1582,295.1362,522.1934,100.42788,79.23531,0.0
236.50601,1692.0863,12253.472,2383.794,3036.927,695.8232,348.03696,10.965
690.58136,711.79205,1476.5636,291.2091,430.4777,193.48459,179.04573,0.0
1291.6199,1137.1394,1502.3429,402.991,420.16492,105.976295,164.43338,0.0
7588.3623,8006.6597,12446.384,2392.8933,3011.211,695.8232,348.03696,8.912509
957.86066,945.2482,1175.1244,245.14995,385.4722,193.48459,179.04573,0.0
773.56366,788.61926,1886.1582,284.01022,361.91318,105.976295,164.43338,0.0
7570.5073,8006.6597,1760.5225,2384.1077,2950.754,577.4105,844.3623,6.486
781.3485,945.2482,1396.5942,316.05045,339.3182,131.47171,133.27682,305.642
845.67035,788.61926,1821.2336,349.4887,508.2022,100.42788,132.8512,0.0
7406.655,1692.0863,12253.472,2392.8933,2950.754,693.96124,952.3999,2.297
981.9026,711.79205,1476.5636,245.14995,339.3182,117.08581,150.36342,287.206
1082.2626,1137.1394,1502.3429,284.01022,508.2022,96.69425,79.23531,0.0
7588.3623,7966.6465,1760.5225,532.93854,3036.927,693.9363,771.3328,492.344
957.86066,991.93195,1396.5942,338.83945,430.4777,160.93709,192.36809,0.0
773.56366,1082.9202,1821.2336,338.7911,420.16492,59.831017,163.3916,0.0
522.6949,7966.6465,12446.384,1913.1968,3011.211,693.9363,771.3328,1429.0
695.6124,1015.7114,1171.0575,306.16446,405.39297,69.84,173.61104,0.0
1291.6199,1091.863,1886.1582,295.1362,348.61716,18.259382,168.61386,0.0
7590.6885,6492.0356,1760.5225,534.3381,3036.927,694.4193,952.3999,1128.0
746.37024,829.5635,1397.927,316.26718,454.7378,158.78304,131.17134,0.0
1261.1366,1326.8605,1826.3396,341.1341,420.16492,102.68581,100.75686,0.0
1243.9174,1692.0863,12446.384,534.3381,822.679,694.4193,994.34467,2859.0
858.51587,732.9743,1171.0575,687.7905,417.3902,460.30084,536.47296,0.0
1331.3964,1707.7638,1886.1582,341.1341,2097.1343,1329.3754,934.4406,0.0
8085.302,8493.895,1818.5266,2605.3948,2863.8296,758.6217,1918.9443,4187.0
10038.242,9252.511,1397.927,371.71695,19396.553,193.78082,26780.44,0.0
1132.0769,1213.1975,1831.1444,333.5124,330.8074,142.34099,98.876205,0.0
8415.596,8948.83,1818.5266,2605.3948,5331.9277,758.6217,3317.7158,460.644
839.15265,971.80005,1397.927,378.1204,415.9576,112.58518,274.00827,35504.948
883.2807,830.9841,1831.1444,333.5124,582.65497,142.34099,136.97626,0.0
212.88194,8006.6597,12425.129,2384.1077,2950.754,693.9363,952.3999,7.507
694.1561,946.80194,1551.6299,290.322,342.2503,2539.4475,125.86288,71.889
1291.3588,788.61926,1663.2289,343.45026,504.60876,41.841076,79.737595,0.0
7570.5073,7966.6465,12446.384,532.93854,3036.927,693.96124,952.3999,2.9
811.332,1101.7148,1169.7871,403.70078,449.81577,202.40349,249.31865,0.0
925.105,1160.8855,1903.5726,397.00967,482.29752,143.34395,124.70903,0.0
7406.655,7968.0166,1760.5225,1913.1968,3011.211,570.5515,844.3623,4.4
950.4142,981.28754,1388.3278,371.45734,327.50537,74.33737,279.63635,0.0
2013.864,1815.276,1951.6129,1055.4203,2432.829,2248.6172,2229.783,0.0
7406.655,7968.0166,10975.378,1913.1968,695.5835,150.68936,325.12384,7.95
954.30286,930.0737,1073.5687,264.29446,398.17456,102.91283,59.537487,0.0
1179.1481,1252.3191,1672.4697,391.79593,635.1135,136.30833,212.66179,0.0
223.24855,7966.6465,1761.4379,2397.4875,698.2394,709.73676,953.33307,70.0787402
745.02106,1029.3833,1388.4802,310.41,446.642,80.50567,125.228584,0.0
1291.6199,1082.9202,1821.2336,341.68582,522.1934,108.08606,110.53763,0.0
7588.3623,7968.0166,12446.384,2397.4875,3058.698,709.73676,845.1157,60.6299213
957.86066,980.4243,1176.0905,310.41,383.08063,80.50567,120.740364,0.0
773.56366,1181.0703,1886.1582,341.68582,420.16492,108.08606,131.08884,0.0
223.24855,6492.0356,12425.129,2399.5552,2462.407,588.18976,956.6171,60.6299213
745.02106,763.8187,1550.6725,266.473,288.20325,105.070595,135.9816,0.0
1291.6199,1326.8605,1663.2289,401.4502,315.31583,95.98191,79.23531,0.0
7590.6885,7968.0166,12446.384,1924.5421,2462.407,588.18976,786.04614,61.4173228
731.4736,980.4243,1176.0905,307.03152,288.20325,105.070595,166.24724,0.0
1257.3546,1181.0703,1886.1582,295.1362,315.31583,95.98191,168.4017,0.0
223.24855,7966.6465,12425.129,2407.793,698.2394,588.18976,786.04614,61.4173228
745.02106,1029.3833,1550.6725,221.66971,446.642,105.070595,166.24724,0.0
1291.6199,1082.9202,1663.2289,287.86267,522.1934,95.98191,168.4017,0.0
7588.3623,7966.6465,12253.472,2399.5552,698.2394,186.46483,786.04614,180.314961
957.86066,1029.3833,1476.5636,266.473,446.642,88.79184,166.24724,0.0
773.56366,1082.9202,1502.3429,401.4502,522.1934,97.15172,168.4017,0.0
7588.3623,6492.0356,10975.378,2407.793,2462.407,698.89197,786.04614,220.866142
951.8839,763.8187,1073.6392,224.69852,277.79932,385.3518,109.28557,0.0
773.56366,1326.8605,1662.5109,270.475,295.10547,88.17981,153.1959,0.0
7406.655,7968.0166,12253.472,1924.5421,3027.014,698.89197,956.6171,215.748031
934.86163,950.6164,1476.1908,276.26965,323.24945,385.3518,125.86288,0.0
1082.2626,1175.1053,1502.3429,289.4971,348.6086,88.17981,79.737595,0.0
7590.6885,1692.0863,1761.4379,1924.5421,3058.698,186.46483,786.04614,230.314961
731.4736,675.00836,1388.4802,307.03152,479.38412,738.9849,305.9248,0.0
1257.3546,1137.1394,1821.2336,295.1362,420.16492,97.15172,168.4017,0.0
7590.6885,8006.6597,12253.472,2399.5552,3058.698,588.18976,786.04614,3.563
2429.9846,946.80194,1476.1908,3770.861,364.82758,3565.5713,922.0892,0.0
1255.0243,788.61926,1502.3429,389.80664,405.85925,89.06792,153.1959,0.0
7588.3623,7968.0166,10975.378,2399.5552,2950.754,701.2105,845.1157,3.497
1880.7289,2547.2344,1080.6732,484.41324,2075.1309,48.385666,188.28705,0.0
773.56366,1175.1053,1662.5109,389.80664,504.60876,53.203564,127.7094,0.0
7406.655,1692.0863,1761.4379,2407.793,2950.754,174.95645,342.88812,8.389
1099.3115,756.1373,1415.8885,818.48346,339.3182,1088.413,949.5089,0.0
1082.2626,1137.1394,1821.2336,287.86267,508.2022,126.49835,176.60577,0.0
7570.5073,1692.0863,12425.129,2399.5552,2950.754,709.73676,845.1157,18.82
901.1833,756.1373,1550.6725,504.8907,339.3182,380.01572,296.65823,541.749
845.67035,1137.1394,1663.2289,402.991,508.2022,125.333534,156.07332,0.0
7590.6885,6492.0356,12425.129,1924.5421,698.2394,701.2105,953.33307,99.559
821.5589,889.56226,1575.985,1450.5497,1520.1742,365.92584,295.15002,0.0
1500.829,1480.6104,1663.2289,373.09418,982.2128,513.4646,623.35986,0.0
8495.3545,1842.6407,12385.861,3048.577,4030.6038,218.84906,414.53586,86.31
758.325,714.33734,1482.1606,321.3496,415.9576,693.6217,328.9747,5388.375
1297.8693,1175.3843,1504.4105,383.40942,572.8608,97.09402,194.9906,0.0
7588.3623,8006.6597,12446.384,2397.4875,2462.407,698.89197,363.43292,17.783
951.8839,946.80194,1192.0688,360.9914,277.79932,92.82137,114.00854,0.0
773.56366,788.61926,1886.1582,341.35138,295.10547,88.17981,148.32086,0.0
220.38376,7966.6465,10975.378,2407.793,3058.698,701.2105,845.1157,191.5
694.1561,997.9875,1073.6392,224.69852,364.82758,48.385666,121.447174,6000.87
1291.3588,1082.9202,1662.5109,270.475,405.85925,53.203564,127.7094,0.0
7588.3623,7966.6465,12446.384,2397.4875,2462.407,709.73676,342.88812,36.517
1148.8157,1279.2914,1185.7946,651.87354,1046.404,171.27942,949.5089,0.0
773.56366,1082.9202,1886.1582,345.27368,295.10547,107.341415,148.32086,0.0
7406.655,1692.0863,12425.129,532.93854,2950.754,588.18976,953.33307,31.623
1099.3115,756.1373,1550.6725,379.35883,339.3182,421.78775,504.7123,1154.782
1082.2626,1137.1394,1663.2289,338.7911,508.2022,91.819725,153.48613,0.0
7406.655,7966.6465,1761.4379,2399.5552,698.2394,588.18976,956.6171,6.465
1099.3115,1083.617,1415.8885,504.8907,908.9092,609.23645,464.47577,120.629
1082.2626,1082.9202,1821.2336,402.991,522.1934,91.819725,79.23531,732.105
8027.1846,8458.203,12505.529,2922.4727,3024.8098,1029.3684,1277.3802,9.531
985.00574,980.4243,1575.985,774.314,754.0772,500.92706,2104.6895,2268.129
2266.5837,2385.592,1758.2863,1192.235,2030.8953,1506.2439,1215.5078,0.0
7588.3623,1692.0863,12446.384,2407.793,3027.014,709.73676,351.92065,5.96
1001.0926,739.7483,1176.0905,286.53467,421.20013,424.65222,1371.3374,182.2
830.76715,1175.3843,1899.5756,287.86267,363.13528,152.25105,203.67879,0.0
7406.655,7966.6465,12253.472,2397.4875,3058.698,701.2105,786.04614,11.568
986.01044,1061.2489,1474.6094,382.47333,477.0558,213.27484,248.14783,0.0
5245.4546,1082.9202,2023.9484,9843.498,9041.865,12407.023,12066.223,0.0
208.69713,7966.6465,10975.378,1924.5421,2462.407,709.73676,786.04614,7.499
752.72894,1061.2489,1083.1198,337.41724,343.62805,166.27684,248.14783,124.094
1291.6199,1082.9202,1662.5109,312.42386,317.13425,159.93785,493.63406,0.0
208.69713,6492.0356,12425.129,2399.5552,3058.698,698.89197,786.04614,16.973
752.72894,880.466,1555.2766,378.4443,477.0558,147.59584,248.14783,201.434
1291.6199,1326.8605,1663.2289,401.4502,420.16492,130.07014,289.30496,0.0
7570.5073,7968.0166,12425.129,534.3381,3058.698,701.2105,351.92065,10.0
901.1833,980.4243,1550.6725,641.0418,679.4953,217.34024,216.59631,181.161
845.67035,1181.0703,1663.2289,343.64905,420.16492,52.324528,171.56331,0.0
7588.3623,6492.0356,12253.472,2397.4875,3027.014,698.89197,953.33307,9.839
1166.0784,880.466,1476.5636,576.6113,421.20013,99.55591,435.39172,115.471
773.56366,1326.8605,1502.3429,341.68582,363.13528,86.469406,104.33567,0.0
7570.5073,7968.0166,10975.378,1924.5421,3027.014,698.89197,845.1157,20.71
901.1833,980.4243,1089.092,479.1665,418.97034,225.78639,250.39838,1447.236
845.67035,1181.0703,1662.5109,409.5166,363.13528,411.35236,394.04868,0.0
219.40408,8006.6597,12446.384,2383.794,3036.927,693.96124,844.3623,63.0
794.5016,945.2482,1175.3544,300.87085,1099.3966,1846.6896,1596.4567,0.0
1347.8177,788.61926,1886.1582,2687.3235,2123.8792,3562.41,2932.8933,0.0
7588.3623,8006.6597,12446.384,2384.1077,695.5835,693.9363,952.3999,98.0
957.86066,945.2482,1175.3544,303.24997,417.3902,61.444305,194.00809,0.0
773.56366,788.61926,1886.1582,348.29138,522.30835,21.48024,79.23531,0.0
7590.6885,8006.6597,12425.129,532.93854,2950.754,695.8232,342.88812,132.0
750.2955,945.2482,1550.6725,295.72235,339.3182,101.389275,88.96068,0.0
1257.3546,788.61926,1663.2289,342.46713,508.2022,105.976295,168.97484,0.0
7406.655,7968.0166,12425.129,2399.5552,3027.014,581.33075,325.12384,19.3
934.86163,1072.7169,1551.7306,1218.8296,322.71283,79.97029,268.59244,0.0
1082.2626,1181.0703,1663.2289,459.65808,361.91318,211.13539,439.29813,0.0
7570.5073,6492.0356,12253.472,2407.793,2950.754,709.73676,845.1157,12.5
781.3485,763.8187,1466.1056,240.91214,345.57568,99.9872,137.10852,0.0
887.25085,1326.8605,1502.3429,284.01022,532.68207,115.37369,162.8455,0.0
7588.3623,7968.0166,12253.472,2383.794,3011.211,206.43698,952.3999,11.4
957.86066,953.65247,1466.1056,256.34244,390.53873,100.85371,124.743744,0.0
773.56366,1181.0703,1502.3429,402.991,361.91318,96.640686,79.23531,0.0
218.7393,6492.0356,12425.129,2384.1077,2950.754,695.8232,844.3623,9.8
886.7497,1653.23,1709.7452,2799.108,2761.419,2972.77,1377.5049,0.0
1291.6199,1326.8605,1663.2289,348.29138,508.2022,81.18808,120.64964,0.0
7588.3623,7968.0166,1760.5225,2383.794,2950.754,693.96124,342.88812,223.69
3849.945,3098.6128,1768.169,5377.0493,4768.329,6788.115,6382.457,0.0
773.56366,1175.1053,1821.2336,392.05133,504.60876,99.631805,161.54747,0.0
7588.3623,1692.0863,1760.5225,1913.1968,2452.5994,205.97528,342.88812,150.37
3849.945,2427.3718,1768.169,5397.255,4425.034,5177.318,6382.457,0.0
773.56366,1130.9022,1821.2336,289.4971,298.20377,104.80708,161.54747,0.0
7590.6885,1692.0863,12425.129,1913.1968,2950.754,577.4105,950.3687,86.05
2769.764,2427.3718,1881.3352,5397.255,4768.329,5055.1016,5275.371,0.0
1255.0243,1130.9022,1663.2289,289.4971,504.60876,107.382965,108.45119,0.0
7588.3623,8006.6597,12253.472,1913.1968,695.5835,577.4105,342.88812,65.79
3849.945,3057.113,1748.4943,5397.255,3937.3767,5055.1016,6382.457,0.0
773.56366,788.61926,1502.3429,289.4971,538.7651,107.382965,161.54747,0.0
7406.655,7966.6465,12253.472,2383.794,2452.5994,693.96124,844.3623,41.03
2720.2446,2883.3813,1748.4943,5377.0493,4425.034,6788.115,4710.835,0.0
1082.2626,1090.7863,1502.3429,392.05133,298.20377,99.631805,136.87207,0.0
7406.655,1692.0863,12446.384,1913.1968,695.5835,577.4105,771.3328,184.183
2720.2446,2427.3718,1415.4893,5397.255,3937.3767,5055.1016,4468.6753,16886.043
1082.2626,1130.9022,1886.1582,289.4971,538.7651,107.382965,160.14528,0.0
7590.6885,7966.6465,12253.472,2384.1077,2452.5994,693.9363,844.3623,185.724
2769.764,2883.3813,1748.4943,3221.2854,4425.034,3434.2832,4710.835,14231.352
1255.0243,1090.7863,1502.3429,367.21405,298.20377,66.56255,136.87207,0.0
7570.5073,1692.0863,12253.472,2384.1077,3036.927,693.9363,952.3999,201.798
2716.3413,2427.3718,1748.4943,3221.2854,3957.2605,3434.2832,4690.1562,9594.83
842.0018,1130.9022,1502.3429,367.21405,405.85925,66.56255,79.737595,0.0
7406.655,8006.6597,12446.384,1913.1968,2950.754,693.9363,950.3687,139.522
2720.2446,3057.113,1415.4893,5397.255,4768.329,3434.2832,5275.371,8144.264
1082.2626,788.61926,1886.1582,289.4971,504.60876,66.56255,108.45119,0.0
7590.6885,1692.0863,1760.5225,2384.1077,2950.754,205.97528,342.88812,111.392
2769.764,2427.3718,1768.169,3221.2854,4768.329,5177.318,6382.457,8265.342
1255.0243,1130.9022,1821.2336,367.21405,504.60876,104.80708,161.54747,0.0
7570.5073,7968.0166,1760.5225,532.93854,3036.927,205.97528,342.88812,86.056
2716.3413,3098.6128,1768.169,4474.5825,3957.2605,5177.318,6382.457,7026.626
842.0018,1175.1053,1821.2336,335.6415,405.85925,104.80708,161.54747,0.0
232.16948,1692.0863,1760.5225,1913.1968,3011.211,693.96124,771.3328,61.601
3080.473,2427.3718,1768.169,5397.255,4876.4463,6788.115,4468.6753,0.0
1291.3588,1130.9022,1821.2336,289.4971,350.63516,99.631805,160.14528,0.0
7588.3623,8006.6597,10975.378,1913.1968,2950.754,695.8232,952.3999,72.459
957.86066,945.2482,1072.9495,309.49466,339.3182,106.77357,159.01476,8312.156
773.56366,788.61926,1662.5109,301.7832,508.42786,106.01358,80.01854,8726.265
7590.6885,6492.0356,12446.384,532.93854,3011.211,577.4105,950.3687,71.0
2769.764,2906.7712,1415.4893,5093.3125,4917.144,6717.8013,6513.218,0.0
1868.4956,1326.8605,1886.1582,3610.3154,4920.0547,6653.552,5878.4253,0.0
229.27434,7968.0166,12446.384,2392.8933,2452.5994,201.00513,952.3999,152.809
744.1323,1019.59247,1182.0901,281.1239,308.78217,141.55075,153.34439,0.0
1291.6199,1181.0703,1886.1582,287.86267,318.8283,122.218475,79.23531,0.0
7406.655,8006.6597,12253.472,2392.8933,3036.927,201.00513,952.3999,64.777
1028.2247,945.2482,1476.5636,281.1239,446.89612,141.55075,153.34439,0.0
1082.2626,788.61926,1502.3429,287.86267,420.16492,122.218475,79.23531,0.0
7406.655,7966.6465,1760.5225,1913.1968,2950.754,1017.4817,451.75418,440.764
1028.2247,1032.2815,1397.3436,323.0056,339.3182,100.683136,80.73126,0.0
1082.2626,1091.863,1821.2336,295.1362,508.2022,105.976295,184.8058,0.0
7590.6885,1692.0863,12253.472,2383.794,3011.211,1017.4817,451.75418,98.712
776.2195,711.79205,1476.5636,315.48965,387.38046,100.683136,80.73126,0.0
1257.3546,1137.1394,1502.3429,434.4783,368.8829,105.976295,184.8058,0.0
273.51584,7968.0166,12446.384,1913.1968,703.758,693.9363,950.3687,880.214
744.1323,1019.59247,1182.0901,345.8627,489.47205,163.67967,194.19963,0.0
1291.6199,1181.0703,1886.1582,356.5284,555.8635,78.31595,121.65808,0.0
7588.3623,7968.0166,12425.129,1913.1968,2950.754,818.43164,950.3687,169.744
957.86066,1019.59247,1550.6725,345.8627,343.6427,109.54706,194.19963,0.0
795.72,1181.0703,1663.2289,356.5284,508.2022,139.04231,121.65808,0.0
7588.3623,7968.0166,12253.472,2383.794,695.5835,693.9363,325.12384,8.403
951.8839,932.4629,1466.1056,330.3569,405.8694,208.92682,207.16154,172.368
773.56366,1175.1053,1502.3429,388.26587,555.8335,54.56616,137.92589,0.0
7590.6885,7968.0166,12425.129,2392.8933,2452.5994,591.9089,844.3623,8.561
723.2006,1080.1847,1570.3661,520.5782,346.63168,39922.953,273.25436,192.88
1255.0243,1175.1053,1663.2289,266.93112,293.7781,83.845604,141.34573,0.0
7570.5073,7966.6465,12253.472,1913.1968,2452.5994,695.8232,771.3328,8.894
831.2259,1061.2489,1474.6094,412.7028,343.62805,207.43144,205.39333,144.597
860.80994,1112.0208,1502.3429,289.4971,293.7781,105.782,144.76811,0.0
215.53827,7966.6465,1760.5225,2384.1077,2950.754,693.9363,950.3687,1.301
708.68604,1029.1577,1388.3278,330.36743,385.29602,3281.1746,113.52222,8.738
1441.3829,1252.0312,1821.2336,367.47137,841.38214,41123.65,129.02724,302.052
7406.655,8006.6597,1760.5225,532.93854,2452.5994,693.9363,952.3999,189.641
959.21094,3193.048,1388.3278,392.4062,2177.8425,3199.7026,184.87573,0.0
1668.1724,812.8601,1821.2336,22673.182,23247.932,41123.65,138.64311,0.0
210.70155,8006.6597,1760.5225,2384.1077,3011.211,693.9363,844.3623,7.5
690.58136,945.2482,1388.3278,330.36743,334.08072,107.42325,130.76747,0.0
1296.8297,812.8601,1821.2336,556.08246,468.4704,185.40105,318.00388,0.0
7590.6885,6492.0356,12446.384,2383.794,695.5835,179.05273,950.3687,7.5
746.37024,920.08234,1171.0575,396.9618,384.57068,81.33244,106.26622,0.0
1257.3546,1326.8605,1886.1582,400.05786,524.5789,94.533165,114.23944,0.0
214.79507,1692.0863,10975.378,2383.794,703.758,712.21844,376.96927,14.2
700.8563,732.9743,1075.3483,431.64877,397.13953,92.29406,96.34639,0.0
1291.6199,1137.1394,1662.5109,400.05786,541.22406,116.837036,159.03394,0.0
7406.655,6492.0356,10975.378,2392.8933,2950.754,695.8232,952.3999,7.0
959.21094,834.20844,1072.9495,278.48602,339.3182,88.924126,124.843544,0.0
1082.2626,1326.8605,1662.5109,394.97366,629.53375,112.74264,111.2552,0.0
7570.5073,7966.6465,12425.129,2392.8933,3036.927,577.4105,950.3687,7.4
801.2544,992.1131,1550.6725,229.42361,381.7589,161.12248,106.26622,0.0
847.17285,1097.2616,1663.2289,285.57965,420.16492,95.70093,114.23944,0.0
214.79507,6492.0356,1760.5225,2383.794,3011.211,693.9363,376.96927,10.5
700.8563,829.5635,1397.927,431.64877,445.59067,69.84,96.34639,0.0
1291.6199,1326.8605,1826.3396,400.05786,375.9717,55.39521,159.03394,0.0
7588.3623,7966.6465,1760.5225,2384.1077,2452.5994,575.2131,771.3328,54.25
956.1557,996.93506,1388.3278,281.16556,285.40277,89.59614,113.94806,0.0
798.3568,1097.2616,1821.2336,349.73703,313.4294,95.70093,158.0592,0.0
7570.5073,7968.0166,12425.129,532.93854,695.5835,695.8232,950.3687,51.85
834.5172,930.0737,1550.6725,397.87006,447.0096,91.52587,252.05849,0.0
847.17285,1181.0703,1663.2289,342.46713,524.5789,112.74264,110.12192,0.0
241.75719,7968.0166,12446.384,535.88416,2452.5994,242.5879,771.3328,55.78
690.58136,930.0737,1169.7871,345.88678,285.40277,48.224556,113.94806,0.0
1291.6199,1181.0703,1886.1582,342.46713,313.4294,86.251305,158.0592,0.0
7588.3623,7966.6465,12425.129,2384.1077,3011.211,693.96124,844.3623,52.29
42819.188,39308.76,6789.304,98582.555,372.82178,131845.02,124728.21,0.0
798.3568,1097.2616,1663.2289,342.8478,359.71014,100.20126,133.23741,0.0
7590.6885,7966.6465,12425.129,535.88416,695.5835,693.96124,348.03696,4.29
723.2006,1061.2489,1555.2766,355.64957,456.35046,147.75296,100.262634,0.0
1257.3546,1097.2616,1663.2289,342.46713,524.5789,100.20126,159.03394,0.0
272.04993,8006.6597,10975.378,532.93854,2452.5994,693.96124,348.03696,109.55
690.9915,939.8681,1073.5687,288.59183,285.93454,92.27754,59.537487,0.0
1291.6199,812.8601,1662.5109,342.46713,313.4294,97.53284,159.03394,0.0
7406.655,1692.0863,10975.378,2392.8933,2452.5994,693.9363,771.3328,140.3
950.4142,685.0171,1073.5687,237.4512,285.93454,46.662083,117.742516,0.0
1082.2626,1137.1394,1662.5109,285.57965,313.4294,56.9871,158.0592,0.0
7588.3623,7968.0166,10975.378,1913.1968,2452.5994,695.8232,771.3328,167.76
956.1557,930.0737,1073.5687,264.29446,285.93454,76.062,117.742516,0.0
798.3568,1181.0703,1662.5109,330.21494,313.4294,108.40057,158.0592,0.0
7588.3623,8006.6597,12425.129,2392.8933,695.5835,228.0605,950.3687,171.64
956.1557,939.8681,1551.7306,237.4512,384.57068,70.22087,106.26622,0.0
798.3568,812.8601,1663.2289,285.57965,524.5789,94.533165,114.23944,0.0
7590.6885,7966.6465,12253.472,2392.8933,3036.927,693.96124,771.3328,177.31
723.2006,999.0951,1466.1056,237.4512,370.90005,92.27754,117.742516,0.0
1257.3546,1097.2616,1502.3429,285.57965,420.16492,97.53284,158.0592,0.0
7406.655,7966.6465,12425.129,1913.1968,695.5835,693.96124,950.3687,175.52
950.4142,999.0951,1551.7306,264.29446,384.57068,92.27754,106.26622,0.0
1082.2626,1097.2616,1663.2289,330.21494,524.5789,97.53284,114.23944,0.0
232.16948,6492.0356,1760.5225,2384.1077,3011.211,193.61768,952.3999,158.974
746.97253,806.00977,1392.9109,547.2406,385.4722,76.362175,365.49728,0.0
1291.3588,1326.8605,1821.2336,341.35138,347.9132,92.57158,79.737595,0.0
7406.655,7966.6465,10975.378,535.88416,3011.211,630.7069,844.3623,155.64
1080.6014,1122.8477,1546.2164,465.08832,385.4722,293.2162,273.25436,0.0
1082.2626,1082.9202,1662.5109,327.56735,347.9132,92.53096,122.28005,0.0
7570.5073,8006.6597,10975.378,1913.1968,695.5835,693.96124,342.88812,32.28
940.6096,4468.6304,1546.2164,9292.743,456.35046,12092.918,1509.5381,106.84
841.4721,788.61926,1662.5109,289.4971,522.3598,88.17981,148.32086,0.0
7570.5073,6492.0356,12425.129,2383.794,695.5835,197.16196,952.3999,209.752
787.9623,806.00977,1565.4235,281.8868,533.6532,76.362175,3484.1863,0.0
841.4721,1326.8605,1663.2289,389.80664,522.3598,92.9459,79.737595,0.0
7590.6885,8006.6597,1760.5225,2384.1077,3036.927,662.75616,952.3999,208.844
731.4736,1029.9154,1402.6547,466.67953,582.1505,79508.46,263.75607,0.0
1255.0243,788.61926,1821.2336,333.54102,405.85925,88.550026,79.737595,0.0
7590.6885,7968.0166,12446.384,2384.1077,2452.5994,693.9363,952.3999,158.491
731.4736,967.5652,1176.0905,382.47333,343.62805,127.2461,199.41774,0.0
1255.0243,1175.1053,1886.1582,333.54102,295.10547,50.24345,79.737595,0.0
7570.5073,8006.6597,10975.378,2392.8933,2950.754,695.8232,844.3623,24.825
831.2259,963.1192,1083.1198,286.53467,379.52106,98.40924,170.88007,143.346
841.4721,788.61926,1662.5109,266.93112,504.60876,104.0743,149.55606,0.0
7570.5073,6492.0356,1761.4379,1924.5421,2462.407,588.18976,953.33307,93.75
781.98126,763.8187,1388.4802,276.26965,277.79932,65.87142,115.993965,0.0
841.4721,1326.8605,1821.2336,289.4971,295.10547,89.84615,102.341965,0.0
7570.5073,7968.0166,10975.378,532.93854,2950.754,709.73676,956.6171,89.4231
781.98126,950.6164,1073.6392,277.36798,342.2503,79.45618,125.86288,0.0
841.4721,1175.1053,1662.5109,327.56735,504.60876,104.0743,79.737595,0.0
7590.6885,8006.6597,12253.472,2399.5552,698.2394,701.2105,845.1157,111.0577
731.4736,946.80194,1476.1908,274.1966,386.21225,51.541557,121.447174,0.0
1255.0243,788.61926,1502.3429,389.80664,522.3598,53.203564,127.7094,0.0
7570.5073,7968.0166,1761.4379,532.93854,3058.698,698.89197,845.1157,109.6154
781.98126,950.6164,1388.4802,277.36798,364.82758,92.82137,121.447174,0.0
841.4721,1175.1053,1821.2336,327.56735,405.85925,88.17981,127.7094,0.0
7590.6885,7966.6465,12446.384,2397.4875,2462.407,588.18976,845.1157,250.96155
731.4736,997.9875,1175.1244,285.99802,277.79932,65.87142,121.447174,0.0
1255.0243,1082.9202,1886.1582,341.35138,295.10547,89.84615,127.7094,0.0
7588.3623,7966.6465,12425.129,532.93854,3027.014,698.89197,845.1157,341.8269
951.8839,997.9875,1551.6299,277.36798,322.66147,94.718666,121.447174,0.0
773.56366,1082.9202,1663.2289,327.56735,348.6086,88.17981,127.7094,0.0
7588.3623,7966.6465,12446.384,1924.5421,3058.698,709.73676,953.33307,275.48075
1880.5264,997.9875,1175.1244,3970.304,364.82758,4161.99,2896.7427,0.0
773.56366,1082.9202,1886.1582,289.4971,405.85925,104.0743,102.341965,0.0
231.09413,8006.6597,12425.129,532.93854,3027.014,701.2105,363.43292,108.01
694.1561,946.80194,1551.6299,277.36798,322.66147,41.616577,48.36218,0.0
1291.3588,788.61926,1663.2289,327.56735,348.6086,43.5883,148.32086,0.0
7406.655,7966.6465,10975.378,2399.5552,3027.014,701.2105,956.6171,114.065
934.86163,997.9875,1073.6392,266.473,323.24945,51.541557,211.9673,0.0
1082.2626,1082.9202,1662.5109,388.26587,348.6086,53.939663,79.737595,0.0
242.40231,7966.6465,1761.4379,2399.5552,3058.698,709.73676,369.757,111.915
752.72894,1061.2489,1393.4374,266.473,477.0558,238.04512,47.025356,0.0
1291.3588,1082.9202,1821.2336,388.26587,405.85925,104.0743,148.32086,0.0
7570.5073,6492.0356,10975.378,2397.4875,3058.698,701.2105,786.04614,20.9
831.2259,763.8187,1083.1198,382.47333,477.0558,138.66266,190.4325,0.0
895.21735,1416.9263,1662.5109,9843.498,9041.865,12407.023,12066.223,0.0
7570.5073,8006.6597,1760.5225,1913.1968,3011.211,694.4193,952.3999,4.653
837.4713,939.56396,1397.927,292.39572,445.59067,121.39082,204.75229,0.0
847.17285,811.09344,1826.3396,356.5284,375.9717,100.20126,100.75686,0.0
7570.5073,7968.0166,12446.384,2384.1077,2950.754,712.21844,858.87537,5.933
2128.281,2030.6019,1169.7871,428.8261,314.80185,811.01996,2216.687,0.0
1907.4161,1185.9635,2072.8354,2164.941,2231.7764,2231.4202,3005.8296,0.0
7570.5073,8006.6597,10975.378,2383.794,3036.927,806.551,952.3999,5.554
837.4713,961.11835,1077.139,314.0804,454.7378,149.97874,137.89069,45.803
847.17285,811.09344,1662.5109,429.07654,420.16492,158.08646,100.75686,0.0
7590.6885,8006.6597,10975.378,2384.1077,3036.927,693.9363,771.3328,6.28
746.37024,939.56396,1073.5687,313.87787,464.55984,86.97491,124.93744,65.793
1261.1366,811.09344,1662.5109,349.73703,420.16492,78.953705,186.2203,0.0
7590.6885,7966.6465,1760.5225,2392.8933,703.758,693.9363,771.3328,8.41
746.37024,996.93506,1397.927,272.44873,458.02798,69.84,137.27333,100.63
1261.1366,1099.7869,1826.3396,306.84573,540.17676,78.953705,170.22623,0.0
208.30658,6492.0356,12425.129,2383.794,2950.754,577.4105,950.3687,8.082
700.1512,786.569,1554.3206,300.87085,339.3182,185.90039,197.28584,135.324
1291.3588,1326.8605,1663.2289,396.5534,508.42786,87.632835,106.916756,0.0
7588.3623,1692.0863,12446.384,532.93854,2950.754,695.8232,342.88812,7.612
957.86066,692.3081,1175.3544,335.88583,339.3182,101.389275,171.46771,93.886
773.56366,1130.9022,1886.1582,336.50998,508.42786,106.01358,143.76115,0.0
7570.5073,8006.6597,10975.378,2392.8933,3011.211,577.4105,952.3999,9.62
806.0239,1020.18677,1083.4795,335.3206,471.12613,168.42404,184.87573,116.772
841.904,812.8601,1662.5109,272.0445,345.71017,86.41471,101.24076,0.0
7570.5073,7966.6465,12253.472,2392.8933,2452.5994,577.4105,342.88812,7.996
806.0239,1029.1577,1484.1991,335.3206,377.60745,168.42404,129.40646,94.846
841.904,1096.1848,1502.3429,272.0445,293.219,86.41471,138.9486,0.0
7590.6885,1692.0863,12425.129,2392.8933,3036.927,178.9401,342.88812,16.125
831.6608,731.1792,1564.3024,335.3206,440.93735,140.07494,129.40646,157.602
1255.0243,1130.9022,1663.2289,272.0445,405.85925,85.92518,138.9486,0.0
217.80858,7966.6465,12425.129,2384.1077,3011.211,693.9363,952.3999,5.214
757.9433,1029.1577,1564.3024,332.91547,471.12613,143.73204,184.87573,90.116
1291.3588,1096.1848,1663.2289,348.00122,345.71017,64.51797,101.24076,0.0
267.06305,8006.6597,12425.129,532.93854,695.5835,693.96124,950.3687,12.88
757.9433,1020.18677,1564.3024,392.0704,440.3339,189.05664,228.13504,138.741
1291.3588,812.8601,1663.2289,331.24338,529.59064,92.95978,102.18495,0.0
7588.3623,6492.0356,12253.472,1913.1968,3036.927,226.92694,950.3687,24.171
1001.0926,858.9817,1474.6094,337.41724,477.0558,223.36635,208.54718,0.0
798.3568,1326.8605,1502.3429,312.83945,405.85925,86.49469,96.19441,0.0
7588.3623,1692.0863,12446.384,2383.794,2950.754,693.96124,950.3687,2.432
957.86066,692.3081,1171.0575,329.31332,339.3182,934.69666,108.43015,0.0
773.56366,2471.9446,1886.1582,3663.3904,508.42786,6867.242,3595.5156,0.0
7406.655,8006.6597,12425.129,532.93854,2950.754,693.96124,844.3623,8.664
959.21094,945.2482,1566.1681,312.3095,314.80185,155.87712,138.537,52.306
1082.2626,788.61926,1663.2289,625.30396,508.42786,537.455,286.14008,0.0
7590.6885,1692.0863,10975.378,2392.8933,3036.927,577.4105,950.3687,2.432
723.2006,765.7205,1072.9495,2022.9731,469.43997,3160.4478,185.9512,0.0
1277.3651,1198.0443,1662.5109,393.40424,452.2443,1799.3356,3598.0825,0.0
7590.6885,8006.6597,10975.378,2384.1077,3036.927,693.96124,844.3623,5.675
746.37024,945.2482,1072.9495,330.36743,1041.3713,403.56308,347.60052,0.0
1868.4956,788.61926,1662.5109,2055.0059,452.2443,6867.242,5249.1567,0.0
7406.655,7966.6465,12253.472,1913.1968,3011.211,203.24608,950.3687,3.288
950.4142,999.0951,1466.1056,264.29446,327.50537,76.76454,106.26622,103.966
1082.2626,1097.2616,1502.3429,330.21494,359.71014,94.533165,114.23944,0.0
7588.3623,7968.0166,12253.472,2383.794,2950.754,575.2131,771.3328,3.811
956.1557,930.0737,1466.1056,250.97914,314.80185,87.21524,113.94806,82.97
798.3568,1181.0703,1502.3429,397.63147,528.2563,95.70093,158.0592,0.0
241.75719,7968.0166,1760.5225,1913.1968,2950.754,243.16278,771.3328,96.936
748.52026,24098.219,4554.366,59574.582,54177.332,79468.46,75268.336,0.0
1291.6199,1181.0703,1821.2336,330.21494,528.2563,86.251305,158.0592,0.0
217.60333,7966.6465,1760.5225,2384.1077,2452.5994,582.68555,771.3328,87.0
748.52026,1061.2489,1393.4374,382.47333,326.67325,132.85542,184.43643,0.0
1291.6199,1097.2616,1821.2336,342.8478,313.4294,171.77336,245.15657,0.0
7406.655,6492.0356,12253.472,2383.794,3036.927,582.68555,348.03696,80.428
986.01044,781.1501,1474.6094,250.97914,477.0558,422.22784,72.85369,0.0
1082.2626,1326.8605,1502.3429,397.63147,420.16492,171.77336,159.03394,0.0
7588.3623,7968.0166,12446.384,2392.8933,3011.211,577.4105,950.3687,5.578
957.86066,964.09406,1171.0575,297.464,373.13138,197.43094,200.1909,87.485
773.56366,1175.1053,1886.1582,270.475,354.226,87.632835,106.916756,0.0
7590.6885,1692.0863,10975.378,2392.8933,3011.211,693.96124,771.3328,5.049
746.37024,692.3081,1072.9495,297.464,373.13138,198.53151,223.54735,111.454
1255.0243,1130.9022,1662.5109,270.475,354.226,95.51517,153.48352,0.0
7406.655,8006.6597,12446.384,2384.1077,2950.754,179.97704,952.3999,15.465
959.21094,945.2482,1171.0575,332.91547,339.3182,165.47371,163.82005,261.274
1082.2626,788.61926,1886.1582,379.33682,508.42786,94.622444,80.01854,0.0
7570.5073,6492.0356,12425.129,2384.1077,695.5835,695.8232,952.3999,7.485
805.61847,786.569,1554.3206,332.91547,456.43988,162.26793,163.82005,126.08
843.22046,1326.8605,1663.2289,379.33682,528.3674,106.01358,80.01854,0.0
7588.3623,6492.0356,10975.378,2384.1077,695.5835,179.97704,952.3999,10.593
957.86066,786.569,1072.9495,332.91547,456.43988,165.47371,163.82005,98.571
773.56366,1326.8605,1662.5109,379.33682,528.3674,94.622444,80.01854,0.0
8495.3545,3099.3555,12579.01,3048.577,1047.6105,2182.424,2769.246,6.971
892.475,714.33734,1197.0432,321.3496,447.42062,74.22305,141.70718,166.08
1288.6064,1175.3843,1891.6073,391.2173,552.51373,73.33768,217.97821,0.0
7570.5073,7968.0166,12446.384,2383.794,3011.211,693.9363,952.3999,9.16
801.2544,956.8455,1171.0575,323.03308,333.61484,190.17789,242.71109,80.33
847.17285,1181.0703,1886.1582,400.05786,359.71014,81.17525,105.108696,0.0
7588.3623,7968.0166,12425.129,2384.1077,695.5835,693.96124,771.3328,1.13
957.86066,930.0737,1550.6725,294.9782,384.57068,99.80142,127.91704,13.26
798.3568,1181.0703,1663.2289,349.73703,524.5789,175.72899,234.42903,0.0
7570.5073,1692.0863,10975.378,2384.1077,2452.5994,179.05273,844.3623,1.37
801.2544,692.3081,1072.9495,294.9782,291.4472,87.60157,128.52744,13.79
847.2706,1137.1394,1662.5109,348.29138,313.98846,101.75445,132.17789,0.0
7570.5073,7966.6465,1760.5225,2392.8933,2950.754,693.9363,342.88812,1.39
801.2544,992.1131,1388.3278,244.69221,339.3182,63.70924,62.118404,13.01
847.2706,1091.863,1821.2336,287.86267,508.2022,54.28667,168.97484,0.0
7588.3623,7966.6465,12253.472,2384.1077,2950.754,577.4105,771.3328,1.17
957.86066,992.1131,1467.7427,294.9782,339.3182,97.54919,127.91704,14.2
773.56366,1091.863,1502.3429,348.29138,508.2022,111.75999,165.50009,0.0
7588.3623,1692.0863,12446.384,2383.794,3011.211,577.4105,952.3999,5.78
957.86066,692.3081,1171.0575,323.03308,333.61484,283.15265,242.71109,15.66
798.3568,1137.1394,1886.1582,400.05786,359.71014,96.88728,105.108696,82.75
7406.655,7966.6465,12253.472,532.93854,2950.754,577.4105,342.88812,1.26
959.21094,992.1131,1467.7427,306.41806,339.3182,105.376564,96.572105,15.2
1082.2626,1097.2616,1502.3429,342.46713,530.5421,203.5493,292.67847,0.0
7590.6885,6492.0356,1760.5225,2392.8933,2950.754,577.4105,952.3999,7.13
746.37024,786.569,1388.3278,244.69221,339.3182,97.54919,139.84697,0.0
1257.3546,1326.8605,1821.2336,287.86267,508.2022,111.75999,79.23531,0.0
7406.655,1692.0863,10975.378,1913.1968,2950.754,695.8232,844.3623,1.27
959.21094,692.3081,1072.9495,279.715,339.3182,88.7031,128.52744,12.09
1082.2626,1137.1394,1662.5109,295.1362,508.2022,105.976295,132.17789,0.0
7406.655,6492.0356,12253.472,2392.8933,3036.927,577.4105,771.3328,1.18
959.21094,786.569,1467.7427,244.69221,393.08978,97.54919,127.91704,7.27
1082.2626,1326.8605,1502.3429,287.86267,420.16492,111.75999,165.50009,0.0
7588.3623,6492.0356,12425.129,2392.8933,3036.927,577.4105,771.3328,8.41
957.86066,786.569,1550.6725,255.2456,396.32504,283.15265,144.51155,71.5
798.3568,1326.8605,1663.2289,306.84573,420.16492,96.88728,179.62814,0.0
208.30658,7966.6465,12446.384,2384.1077,2452.5994,693.9363,771.3328,1.15
690.72876,992.1131,1171.0575,294.9782,291.4472,72.585754,127.91704,12.65
1291.6199,1097.2616,1886.1582,349.73703,359.37137,148.3622,234.42903,0.0
7588.3623,7968.0166,1760.5225,2384.1077,2950.754,695.8232,342.88812,1.09
957.86066,930.0737,1388.3278,294.9782,339.3182,88.7031,62.118404,13.2
773.56366,1181.0703,1821.2336,348.29138,508.2022,105.976295,171.91484,0.0
7588.3623,1692.0863,12446.384,1913.1968,2452.5994,693.9363,844.3623,1.25
957.86066,692.3081,1171.0575,279.715,291.4472,63.70924,128.52744,12.16
773.56366,1137.1394,1886.1582,295.1362,313.98846,54.28667,132.17789,0.0
7406.655,1692.0863,1760.5225,1913.1968,3036.927,179.05273,342.88812,1.18
959.21094,692.3081,1388.3278,279.715,393.08978,87.60157,62.118404,13.35
1082.2626,1137.1394,1821.2336,295.1362,420.16492,101.75445,171.91484,0.0
7406.655,7968.0166,12253.472,532.93854,3011.211,695.8232,771.3328,7.45
959.21094,956.8455,1470.7056,325.7859,345.8418,127.23,130.20216,52.94
1082.2626,1181.0703,1502.3429,364.31274,381.1948,215.63428,258.319,376.66
208.30658,7966.6465,12253.472,2384.1077,2950.754,695.8232,342.88812,22.83
695.6124,1015.7114,1470.7056,295.4956,339.3182,127.23,88.96068,213.12
1291.6199,1091.863,1502.3429,348.29138,508.2022,105.976295,168.97484,0.0
7406.655,7966.6465,10975.378,532.93854,695.5835,577.4105,844.3623,4.86
959.21094,1015.7114,1072.9495,295.72235,417.3902,283.15265,231.24693,16.03
1082.2626,1097.2616,1662.5109,342.46713,523.5316,96.88728,136.9504,71.62
7570.5073,6492.0356,1760.5225,2392.8933,2452.5994,179.05273,342.88812,1.05
801.2544,786.569,1388.3278,244.69221,291.4472,97.30511,96.572105,13.87
847.17285,1326.8605,1821.2336,317.43604,359.37137,207.99837,292.67847,0.0
7590.6885,6492.0356,10975.378,2384.1077,2950.754,693.9363,844.3623,6.85
746.37024,786.569,1072.9495,294.9782,339.3182,63.70924,128.52744,0.0
1257.3546,1326.8605,1662.5109,348.29138,508.2022,54.28667,132.17789,0.0
208.30658,6492.0356,12425.129,1913.1968,3036.927,693.9363,950.3687,1.14
690.72876,786.569,1550.6725,279.715,393.08978,63.70924,108.43015,10.72
1291.6199,1326.8605,1663.2289,295.1362,420.16492,54.28667,111.8318,0.0
7570.5073,6492.0356,12425.129,2392.8933,2452.5994,179.05273,952.3999,1.14
801.2544,786.569,1550.6725,244.69221,291.4472,87.60157,139.84697,7.06
847.2706,1326.8605,1663.2289,287.86267,313.98846,101.75445,79.23531,0.0
7570.5073,7968.0166,12446.384,2383.794,695.5835,577.4105,844.3623,15.28
801.2544,956.8455,1175.3544,313.08603,417.3902,158.56618,152.12344,104.56
847.17285,1181.0703,1886.1582,400.05786,523.5316,242.50476,210.55492,452.26
7588.3623,7968.0166,12425.129,2383.794,3011.211,695.8232,844.3623,103.51
957.86066,956.8455,1550.6725,313.08603,350.7924,127.23,158.63858,0.0
773.56366,1181.0703,1663.2289,402.00772,361.72394,105.976295,132.17789,0.0
7588.3623,8006.6597,1760.5225,532.93854,3011.211,176.37894,771.3328,144.26
957.86066,945.2482,1388.3278,295.72235,333.61484,104.499794,144.51155,728.17
798.3568,812.8601,1821.2336,342.46713,359.71014,115.2582,179.62814,0.0
208.30658,8006.6597,10975.378,1913.1968,2950.754,577.4105,342.88812,502.01
690.72876,945.2482,1072.9495,279.715,339.3182,105.376564,96.572105,0.0
1291.6199,812.8601,1662.5109,330.21494,530.5421,203.5493,292.67847,0.0
7588.3623,8006.6597,12253.472,2383.794,2452.5994,577.4105,844.3623,3.86
957.86066,945.2482,1467.7427,265.59167,291.4472,97.54919,128.52744,13.29
773.56366,788.61926,1502.3429,402.00772,313.98846,111.75999,132.17789,0.0
7570.5073,8006.6597,1760.5225,2392.8933,2950.754,695.8232,950.3687,12.86
801.2544,945.2482,1388.3278,244.69221,339.3182,88.7031,108.43015,0.0
847.2706,788.61926,1821.2336,287.86267,508.2022,105.976295,111.8318,0.0
7570.5073,6492.0356,1760.5225,532.93854,3011.211,179.05273,844.3623,13.29
801.2544,786.569,1388.3278,306.41806,334.08072,87.60157,128.52744,0.0
847.2706,1326.8605,1821.2336,342.46713,360.50183,101.75445,132.17789,0.0
7588.3623,7968.0166,10975.378,1913.1968,2950.754,577.4105,952.3999,9.06
956.1557,956.8455,1077.139,311.44766,339.3182,158.56618,182.61612,40.56
899.8271,1181.0703,1662.5109,580.3306,603.72174,242.50476,314.0728,0.0
7406.655,1692.0863,12446.384,2383.794,695.5835,693.9363,950.3687,98.37
959.21094,692.3081,1175.3544,313.08603,417.3902,145.1024,159.40736,0.0
1082.2626,1137.1394,1886.1582,402.00772,522.30835,52.30115,110.26989,0.0
208.30658,8006.6597,1760.5225,2384.1077,2452.5994,693.96124,771.3328,100.52
695.6124,945.2482,1388.3278,322.76596,296.5043,216.57825,144.51155,0.0
1291.6199,812.8601,1821.2336,349.73703,313.4294,111.887665,179.62814,0.0
7570.5073,8006.6597,12253.472,532.93854,2452.5994,693.96124,342.88812,120.05
801.2544,945.2482,1467.7427,306.41806,291.4472,99.80142,96.572105,0.0
847.17285,812.8601,1502.3429,342.46713,359.37137,175.72899,292.67847,0.0
7590.6885,7966.6465,12253.472,2384.1077,2950.754,693.9363,771.3328,9.79
746.37024,992.1131,1467.7427,294.9782,339.3182,63.70924,127.91704,0.0
1257.3546,1091.863,1502.3429,348.29138,508.2022,54.28667,165.50009,0.0
7590.6885,1692.0863,12446.384,2383.794,3036.927,178.90703,950.3687,1.21
746.37024,692.3081,1171.0575,265.59167,393.08978,87.05972,108.43015,12.85
1257.3546,1137.1394,1886.1582,402.00772,420.16492,97.25487,111.8318,0.0
7406.655,1692.0863,12446.384,2383.794,695.5835,695.8232,950.3687,1.26
959.21094,692.3081,1171.0575,265.59167,384.57068,88.7031,108.43015,14.11
1082.2626,1137.1394,1886.1582,402.00772,523.35565,105.976295,111.8318,0.0
7588.3623,8006.6597,1760.5225,1913.1968,695.5835,176.37894,950.3687,1.31
956.1557,939.56396,1388.3278,311.44766,417.3902,116.9136,157.28041,13.68
899.8271,812.8601,1821.2336,580.3306,523.5316,331.78537,322.26636,0.0
7590.6885,7968.0166,1760.5225,532.93854,3036.927,693.9363,952.3999,4.67
750.2955,956.8455,1388.3278,295.72235,396.32504,145.1024,143.72246,90.56
1257.3546,1181.0703,1821.2336,342.46713,420.16492,52.30115,79.23531,0.0
208.30658,7968.0166,10975.378,1913.1968,2950.754,179.05273,342.88812,1.18
690.72876,930.0737,1072.9495,279.715,339.3182,97.30511,96.572105,3.6
1291.6199,1181.0703,1662.5109,330.21494,530.5421,207.99837,292.67847,17.59
208.30658,7968.0166,12253.472,2383.794,2950.754,179.05273,342.88812,8.4
690.72876,930.0737,1467.7427,265.59167,339.3182,97.30511,96.572105,0.0
1291.6199,1181.0703,1502.3429,429.07654,530.5421,207.99837,292.67847,0.0
7590.6885,1692.0863,12425.129,532.93854,2452.5994,693.9363,342.88812,1.2
746.37024,692.3081,1550.6725,306.41806,291.4472,72.585754,96.572105,13.41
1257.3546,1137.1394,1663.2289,342.46713,359.37137,148.3622,292.67847,0.0
7406.655,6492.0356,1760.5225,1913.1968,2452.5994,695.8232,952.3999,8.97
959.21094,786.569,1388.3278,279.715,291.4472,89.13852,144.23933,0.0
1082.2626,1326.8605,1821.2336,330.21494,359.37137,116.69178,185.90604,0.0
7570.5073,6492.0356,1760.5225,2383.794,695.5835,577.4105,952.3999,11.03
801.2544,786.569,1388.3278,265.59167,384.57068,105.376564,144.23933,0.0
847.17285,1326.8605,1821.2336,429.07654,524.5789,203.5493,185.90604,0.0
7406.655,7968.0166,12253.472,532.93854,2950.754,179.05273,844.3623,1.27
959.21094,930.0737,1467.7427,306.41806,339.3182,97.30511,128.52744,8.97
1082.2626,1181.0703,1502.3429,342.46713,530.5421,207.99837,152.30809,0.0
7588.3623,6492.0356,10975.378,532.93854,2452.5994,577.4105,342.88812,1.18
957.86066,786.569,1072.9495,306.41806,291.4472,105.376564,96.572105,12.3
798.3568,1326.8605,1662.5109,342.46713,359.37137,203.5493,292.67847,0.0
7570.5073,6492.0356,12253.472,532.93854,2452.5994,693.96124,952.3999,6.68
801.2544,786.569,1467.7427,306.41806,291.4472,99.80142,144.23933,18.22
847.17285,1326.8605,1502.3429,342.46713,359.37137,175.72899,185.90604,163.41
208.30658,6492.0356,10975.378,2384.1077,695.5835,695.8232,844.3623,22.42
690.72876,786.569,1072.9495,294.9782,384.57068,89.13852,128.52744,174.46
1291.6199,1326.8605,1662.5109,349.73703,524.5789,116.69178,152.30809,1203.84
7590.6885,7966.6465,12425.129,2384.1077,2950.754,693.96124,952.3999,18.83
746.37024,992.1131,1550.6725,294.9782,339.3182,99.80142,144.23933,53.69
1257.3546,1097.2616,1663.2289,349.73703,530.5421,175.72899,185.90604,288.21
208.30658,7968.0166,12253.472,1913.1968,695.5835,693.9363,950.3687,13.14
690.72876,930.0737,1467.7427,279.715,384.57068,72.585754,116.06963,83.98
1291.6199,1181.0703,1502.3429,330.21494,524.5789,148.3622,160.64377,370.44
7588.3623,7968.0166,12253.472,2383.794,2950.754,693.96124,952.3999,27.29
957.86066,930.0737,1467.7427,265.59167,339.3182,99.80142,144.23933,188.31
798.3568,1181.0703,1502.3429,429.07654,530.5421,175.72899,185.90604,0.0
8409.053,8673.499,12562.186,2656.1396,5857.0605,4248.626,1918.9443,90.13
1011.5928,1049.8232,1561.2494,365.83408,549.79956,162.189,248.8405,241.8
1705.3109,1950.1383,1789.72,2433.1538,2682.9263,135.67015,2145.347,8706.62
7406.655,6492.0356,1760.5225,2383.794,3036.927,590.44495,376.96927,107.17
2430.5537,2020.3696,1563.6161,3203.5837,2792.521,2843.1282,3437.615,3792.69
1149.885,2606.678,1970.5459,627.02625,2376.106,3045.2896,460.56708,0.0
215.20639,1692.0863,12253.472,2383.794,3011.211,693.96124,771.3328,143.84
1567.4111,692.3081,1648.3402,2495.7302,329.13016,202.40349,218.6955,2376.51
2367.3054,2009.0621,1500.7836,627.02625,359.71014,115.028915,1617.648,0.0
215.20639,1692.0863,12253.472,2383.794,3011.211,693.9363,950.3687,15.42
1567.4111,692.3081,1648.3402,1006.7478,329.13016,1738.1012,1264.8613,116.86
2367.3054,2009.0621,1500.7836,589.44946,468.4704,99.16702,170.5838,1770.6
215.20639,7966.6465,12425.129,2384.1077,3011.211,577.4105,844.3623,38.59
708.68604,1029.1577,1564.3024,485.67188,329.13016,201.09995,177.24413,254.69
2367.3054,1096.1848,1710.0741,1485.7704,345.71017,329.31366,897.0317,0.0
7406.655,1692.0863,12446.384,2392.8933,2452.5994,227.35167,771.3328,30.28
959.21094,692.3081,1182.7678,224.69852,277.79932,130.22945,135.68733,131.92
1093.6428,1300.8011,1891.0687,622.40576,297.86133,267.80206,451.19836,0.0
7570.5073,8006.6597,12425.129,2392.8933,3036.927,695.8232,771.3328,17.1
801.88715,946.80194,1551.6299,224.69852,407.82098,288.7008,135.68733,100.0
896.8017,812.8601,1710.0741,622.40576,670.83044,300.47397,451.19836,0.0
