6,13,42,69,420,1234567890,473129,log First Peak (e-5 place holder)
0.6378958,0.5722538,0.3565145,0.15948386,0.685139,-0.43039536,-3.8784535,1.5550944485783191
-1.2066892,-3.583607,-3.8115053,-1.1866229,-3.7464528,-1.7049409,-2.636565,1.2966651902615312
0.39872053,0.5722538,-4.046718,0.35211354,1.2672126,-0.43039536,0.48058897,1.5276299008713388
0.34276858,0.5617135,0.3825903,0.123062275,0.8612118,0.62455434,0.42149666,0.770557474850995
0.4448926,0.5877353,0.34778932,0.16578157,0.77093184,0.4602622,0.3410424,0.8965813275057327
0.28520057,0.5877353,0.37335673,0.123062275,0.44136226,0.3855105,-0.14532797,0.9441864612836874
-4.238242,-4.519529,-4.1366863,-4.0427976,-4.8262815,-4.2374673,-4.2290363,-5.0
-4.2636137,-4.4889383,-4.1366863,-4.0427976,-4.9175735,-4.4681807,-4.229113,-5.0
-4.238242,-4.472926,-4.2023067,-4.112221,-4.9535565,-4.497719,-4.128761,-5.0
-4.344258,-4.4895477,-4.17088,-4.075321,-4.9789896,-4.471564,-4.1817517,-5.0
-4.281345,-4.4895477,-4.1556416,-4.0427976,-4.9789896,-4.452057,-4.128761,-5.0
-4.238242,-4.48724,-4.1556416,-4.0427976,-4.9513607,-4.4681807,-4.2290363,-5.0
-4.238242,-4.47856,-4.2023067,-4.0427976,-5.0002656,-4.444069,-4.097095,-5.0
-4.281345,-4.4848623,-4.2051244,-4.1182513,-5.016664,-4.4522815,-4.19848,-5.0
-4.238242,-4.4585543,-4.2023067,-4.072496,-5.016664,-4.4522815,-4.097095,-5.0
-4.2558875,-4.2943788,-3.3612127,-3.166789,-5.1662016,-4.471564,-4.2290363,-5.0
0.43937573,-4.48724,-4.180705,0.21843356,-4.9576974,0.6594235,0.39942268,-5.0
-3.44463,-3.7308187,-3.3612127,-3.166789,-4.6355805,-3.6593034,-4.229113,1.527023785510104
-4.2636137,-4.4889383,-4.1366863,-4.0427976,-4.9015265,-4.2374673,-4.2290363,-5.0
-4.2665906,-4.472926,-4.17088,-4.0562,-5.0117307,-4.4681807,-4.1817517,-5.0
-4.2636137,-4.472926,-4.2006993,-4.1182513,-4.9033413,-4.471564,-4.229113,-5.0
-4.238242,-4.472926,-4.2006993,-4.072496,-5.010191,-4.447702,-4.19848,-5.0
-4.2089076,-4.48724,-4.02972,-4.1182513,-4.9665194,-4.4522815,-4.229113,-5.0
-4.238242,-4.519529,-4.1556416,-4.0427976,-4.9337735,-4.444069,-4.097095,-5.0
-4.2558875,-4.48724,-4.02972,-4.075321,-4.9019446,-4.4522815,-4.097095,-5.0
-3.667236,-4.48724,0.01854323,0.008281262,-4.33891,-4.444069,-4.229113,-5.0
-4.2558875,-4.48724,-4.180705,-4.072496,-4.96175,-4.444069,-4.229113,1.380211241711606
-4.13214,-4.348411,-4.0682783,-3.9334788,-4.96737,-4.365458,-4.086141,-5.0
-4.177795,-4.4688463,-4.0682783,-4.0260777,-4.893221,-4.3749814,-4.086141,-5.0
-4.143921,-4.348411,-4.121549,-4.0979323,-4.934611,-4.2494693,-4.1199446,-5.0
-4.177795,-4.348411,-4.085053,-3.9334788,-4.96737,-4.2494693,-4.098587,-5.0
-4.249204,-4.4304867,-4.121549,-3.9112868,-4.893221,-4.2494693,-4.070488,-5.0
-4.177795,-4.4688463,-4.0682783,-4.0260777,-4.934611,-4.2494693,-4.098587,-5.0
-0.15600373,-0.38496315,-0.21583435,-0.31255203,1.2607143,-0.34237877,0.60023654,1.3988077302032644
0.7313558,-0.4147545,-0.10826561,-0.6303796,0.060605265,0.000671295,-0.2927414,1.506505032404872
-0.5058008,-0.4147545,-0.28742343,-0.6303796,-0.14091901,-0.34237877,0.60023654,1.5817221599490987
-0.15600373,0.7209391,-0.29057238,-0.31255203,-0.14091901,0.51408714,-0.30203143,1.5951654147902294
-0.5058008,-0.38496315,0.7016894,-0.20370258,0.047893874,0.51408714,-0.22107065,1.5022768663446966
0.7313558,0.7209391,0.7016894,0.6295317,1.2607143,0.51408714,0.60023654,-5.0
-1.1857171,0.7209391,-0.31741548,-2.4372876,-0.5490502,-1.6842204,-1.2113464,1.4795753101749884
0.390223,0.7209391,-2.4831479,-1.2310565,-0.5490502,-0.105636574,-0.39877126,1.4923412532549745
0.390223,-0.89938694,-2.4831479,-2.4372876,-1.6762167,-1.6842204,-1.2046422,1.505149978319906
0.390223,0.7209391,-0.31741548,-0.21716112,0.12628679,-0.105636574,-0.32295552,-5.0
0.390223,0.7209391,-0.10826561,-0.20370258,-0.5490502,0.000671295,-0.39877126,-5.0
-1.2033194,-1.143159,-2.4831479,-2.4372876,-1.6762167,-0.105636574,-0.32295552,1.453119497764002
-3.4749568,-3.1548755,-3.295465,-4.094498,-3.3297994,-3.344047,-3.0649488,1.4891143693789193
-2.15864,-2.1851907,-2.1418526,-2.1211345,-3.3297994,-1.2175498,-1.6585175,-5.0
-1.6526493,-0.3636093,-2.1694853,-2.146145,-2.3415847,-3.4547584,-3.0649488,-5.0
-3.0892556,-0.3636093,-2.5070972,-2.1152363,-2.3651268,-1.2175498,-3.2113159,-5.0
-1.6526493,-0.3636093,-2.5070972,-2.1877308,-3.3267462,-2.14845,-1.6585175,-5.0
-3.0892556,-3.5077105,-2.5070972,-4.094498,-3.3267462,-3.4547584,-3.2113159,1.5583365015599184
-3.9466453,-4.295715,-4.0162444,-4.09698,-4.8462,-4.1012306,-3.8895304,1.5229655954919865
-3.111249,-3.067894,-2.5070972,-2.9371853,-4.8462,-4.1012306,-3.1359518,-5.0
-2.8587065,-2.919256,-2.5070972,-2.3612366,-3.6122057,-4.1012306,-2.8057878,-5.0
-3.1493793,-2.919256,-2.5070972,-2.3612366,-4.8462,-3.344047,-2.8057878,-5.0
-3.9466453,-3.067894,-2.8471153,-2.3612366,-3.6114094,-2.6324255,-3.8895304,-5.0
-2.8587065,-3.245542,-2.8471153,-2.9891162,-3.581784,-2.6324255,-3.0595436,-5.0
-0.012514793,0.5019918,0.45703566,0.6301202,1.2218643,0.14850472,0.47948283,1.3874966069355636
0.7313558,0.86956143,0.5422311,0.6301202,1.10652,0.5865657,0.5971124,1.1650067795683678
0.64767677,0.7901233,0.42281204,0.41251898,1.3810478,0.82639515,0.54006666,1.2027606873932
0.6243723,0.72638375,0.42281204,0.3581245,1.1523288,0.72200966,0.5971124,1.4479638302267448
0.64767677,0.86956143,0.5354563,0.6301202,1.3146746,0.66778165,0.58016354,1.1167737269758997
0.43234345,0.7300487,0.5354563,0.3581245,1.222492,0.72200966,0.5873956,1.3600061322290984
0.43234345,0.72638375,0.42281204,0.3581245,1.2924993,0.66778165,0.58016354,1.1853438015821884
0.7313558,0.72638375,0.5354563,0.45904154,1.1670661,0.5865657,0.54006666,1.3484995702838376
-3.9124928,-3.9944515,-3.893426,-3.7035086,-4.922538,-4.17962,-3.348037,-5.0
-3.9640791,-4.241675,-3.9102216,-3.5682678,-4.855086,-4.170279,-3.348037,-5.0
-3.9463792,-4.241675,-3.565554,-3.5682678,-4.855086,-4.2154245,-3.348037,-5.0
-4.0055833,-3.9944515,-3.565554,-3.711773,-4.908523,-4.178926,-3.8948395,-5.0
-1.7188675,-4.241675,-2.5818105,-2.6527185,-2.9002154,-1.84282,-1.7261518,1.3418102888565135
-1.0910685,-1.1927978,0.29834446,0.36178207,-0.8414035,-1.84282,-0.9878174,-5.0
-2.5792985,-4.241675,-2.53675,-2.9806557,-2.8787658,-2.6803102,-3.016851,1.3448243879897601
-1.7188675,-0.93019176,0.29834446,0.36178207,-0.8362203,-0.94595647,-1.7261518,-5.0
-3.8620574,-4.183416,-3.3612127,-3.711773,-4.708512,-3.887827,-4.081566,1.3402854394704675
-2.5792985,-1.7742195,-2.4778922,-2.3323321,-2.821311,-2.4944675,-2.4385478,-5.0
-3.8620574,-1.7742195,-3.3612127,-2.4305284,-4.708512,-3.887827,-2.5743709,-5.0
-2.4880366,-2.8764992,-3.3612127,-2.361865,-4.708512,-2.6176503,-2.4330862,-5.0
-1.916248,-1.1206946,0.3565145,-1.8012495,-1.9723756,-1.1242026,-1.1650239,-5.0
-1.7849889,-2.6510055,0.3565145,-2.5186656,-1.9723756,-1.9291903,-1.8042675,0.9111576087399766
-1.7849889,-1.9070895,0.3565145,-1.1734504,-1.0236275,-1.9291903,-1.8042675,-5.0
-1.916248,-1.9070895,-2.6811087,-1.8012495,-3.0063558,-2.789867,-2.5743709,1.0240749873074262
0.122246444,0.2848798,0.09445499,0.36178207,1.0906656,0.23944911,-1.7449123,-5.0
-3.512498,-3.6170049,-3.3612127,-3.292985,-4.7144847,-3.358846,-1.7449123,1.3220124385824004
-0.18713161,0.60247284,0.44550306,0.44671428,0.6841654,0.63515383,0.1954989,1.0780941504064108
0.4674759,0.19058323,0.3560424,0.20669338,0.84482384,0.45102584,0.3904046,0.9907826918031378
0.41994035,0.6065881,0.2771016,0.15948386,0.9461499,0.45102584,0.3548528,0.9375178920173467
0.4674759,0.19058323,0.36852622,0.12550186,0.51686627,0.63515383,0.3844513,0.8055008581584001
0.41066232,0.49493608,0.34271803,0.2401632,0.97352445,0.5015001,0.03524108,1.2410481506716444
0.41066232,0.7103466,0.179717,-1.0716833,0.840925,0.48787978,0.3004626,1.1401936785786313
-1.8851923,-1.1227539,0.36852622,0.17305079,-0.44828042,-0.47926006,-0.74238837,0.6532125137753437
0.26645997,0.58346564,0.3500425,0.099551566,0.53217256,0.5092924,-0.4529651,0.523486332343228
0.3458525,0.44130528,0.3016175,0.120912455,0.53217256,0.3903594,-0.4529651,1.0572856444182146
0.03218937,0.13315596,0.007242667,-0.3060797,0.7768216,0.5252117,-3.8491635,0.6938148538894168
0.29021007,0.12373062,-0.051100545,0.08133206,0.563447,0.0015376993,-3.8491635,0.7983743766815612
-4.277708,-4.4839845,-4.2077065,-4.0881352,-4.970311,-4.420541,-4.189894,-5.0
-4.127284,-4.493251,-4.1980386,-3.869405,-4.933701,-4.4923067,-4.1729326,-5.0
-4.277708,-4.4839845,-4.046718,-4.0549393,-5.220917,-4.39945,-4.189894,-5.0
-4.302355,-4.5235057,-3.8935757,-4.099997,-4.3103714,-3.209844,-4.1932907,-5.0
-4.127284,-4.493251,-3.9189587,-4.0881352,-1.6033679,-4.39945,-4.189894,-5.0
-4.302355,-4.5079885,-4.1906586,-3.9128544,-4.7417526,-4.4090657,-4.1729326,-5.0
-4.127284,-4.5079885,-4.1881866,-4.0549393,-4.7417526,-4.39945,-4.1932907,-5.0
-4.2600884,-4.5235057,-4.2191453,-3.869405,-4.933701,-4.4923067,-4.1932907,-5.0
-4.302355,-4.4839845,-4.1906586,-4.145362,-4.963056,-4.39945,-4.135714,-5.0
-4.127284,-4.4839845,-4.046718,-4.099997,-5.0346193,-4.377116,-4.1932907,-5.0
-4.302355,-4.4860506,-4.2077065,-2.9921324,-4.9874744,-4.4424343,-4.1932907,-5.0
-4.127284,-4.5079885,-4.1906586,-3.869405,-5.0050616,-4.4424343,-4.1932907,-5.0
-4.2934012,-4.1789227,-4.2035885,-3.9903839,-4.957566,-4.318554,-4.086141,-5.0
-4.302355,-4.1789227,-4.204258,-3.9903839,-4.944617,-4.477836,-4.1932907,-5.0
-4.302355,-4.483352,-4.0808663,-3.8074703,-4.920647,-4.415828,-4.198923,-5.0
-4.2338657,-4.4100986,-4.0808663,-3.8074703,-4.9080043,-4.343775,-4.086141,-5.0
-4.2934012,-4.1789227,-4.0808663,-3.8074703,-4.909583,-4.318554,-4.1932907,-5.0
-4.302355,-4.480772,-4.0808663,-3.9903839,-4.98588,-4.343775,-4.160124,-5.0
-4.2338657,-4.4100986,-4.046718,-4.0542064,-4.905896,-4.4923067,-4.198923,-5.0
0.3157546,0.47907266,0.26052853,0.26705644,1.1604457,0.24694042,0.2934188,0.23754373814287447
0.4195215,0.5748704,0.3415011,0.30680463,0.73469573,0.5585933,0.30845287,0.5346605758284444
0.4538116,0.59040135,0.37006265,0.30595687,0.9653266,0.37058547,0.3711034,0.5346605758284444
0.56912917,0.51367724,0.3500425,0.30595687,0.9389939,0.51636505,0.36864987,0.9752479412406811
0.3157546,-3.5555828,-0.024556113,-0.23252772,1.1791198,-3.9807448,-0.10588692,0.6915235221681544
0.28008178,0.580182,0.3415011,0.17013042,0.66569203,0.5585933,0.20912239,0.7712199019495336
0.37242493,0.5115934,0.3415011,0.27544674,0.5557296,0.5145855,0.30757144,0.9403172215742179
0.38619772,0.6237333,0.37006265,0.2389134,1.1110111,0.54104286,0.40424418,0.7580788222496125
-3.9295073,-4.018177,-3.9945247,-3.937101,-4.2500806,-4.3557677,-0.6354837,1.39776625612645
-1.9089913,-0.33665502,0.4864977,-0.6692411,-2.170595,-1.6034616,-0.10766325,-5.0
0.010636933,0.058888346,0.519235,0.07400313,0.7409018,-1.1417832,0.36463937,-5.0
0.010636933,-0.59584826,-4.0468497,-3.6751454,-2.9643404,-4.192635,-3.570164,1.2143934312552058
-1.5101079,-3.3070457,-4.061873,-1.9744331,0.107196435,-2.930231,-4.04925,-5.0
0.38619772,0.5662603,0.3500425,0.2389134,0.89323264,0.52983034,0.36864987,1.0863598306747482
0.4195215,0.600284,0.36292204,0.30680463,1.1061324,0.52983034,0.43007976,1.0374264979406236
-2.55798,0.4513728,0.3359733,0.099551566,0.6892116,0.5066742,-0.4529651,1.021189299069938
0.4195215,0.5210254,0.41330868,0.30680463,0.7994687,0.58642805,0.33834842,0.9956351945975499
0.310518,0.51269346,0.33944434,0.30789202,0.81607985,0.52162975,0.33834842,0.9081095403925522
0.45645273,0.600284,0.3500425,0.2389134,1.0670849,0.52162975,0.36864987,0.7839035792727349
0.32573497,0.44130528,0.32260162,0.29571965,0.6640804,0.52426934,-0.4529651,0.7887338588277075
0.43378183,0.58346564,0.36292204,0.32095233,0.72455454,0.2874984,0.33834842,0.795045370421125
0.4845379,0.600284,0.33944434,0.32095233,0.92278147,0.52983034,0.43007976,0.8536373819585943
0.45948583,0.58346564,0.36292204,0.32095233,0.91514283,0.52162975,0.33834842,1.2909690089485168
0.301094,0.58346564,0.3359733,0.23792674,0.86976904,0.5066742,0.35737815,0.4999618655961902
0.44422266,0.59040135,0.32837075,0.2389134,0.87514365,0.5585933,0.43007976,0.585347911094591
0.37171206,0.021184295,0.3057733,0.20560582,-0.65832394,-0.8167935,0.264396,1.0
0.3660184,0.021184295,0.19481839,0.2573628,0.8709453,0.297814,0.31600136,1.0606978403536116
0.34034663,0.44538033,0.19481839,0.20560582,0.9112358,0.54834366,0.3331548,1.021189299069938
-3.7507315,0.1828338,-3.4402707,-3.4302747,-4.869106,-3.8264983,-3.9366376,1.0969100130080565
-3.435047,-3.2640471,-3.8558102,-3.6453726,-4.6124806,-4.4224157,-3.8530405,1.0718820073061255
-2.6568813,-1.9991965,-1.629266,-2.9672823,-3.1297932,-2.891638,-3.3015137,1.0755469613925308
0.4835655,-0.3223872,-0.38702667,0.21972677,0.8866172,0.33859527,0.5039567,-5.0
-3.435047,-0.37155983,0.13017526,0.05693748,0.56869304,-0.39084518,0.14969693,-5.0
-1.8304297,0.06200602,0.37832,-1.7609248,-1.8150655,-1.3955605,0.16372566,-5.0
0.36640474,0.1828338,0.37832,0.2573628,0.5255699,-0.14936149,0.2637072,-5.0
-1.0052943,-0.8222373,-0.30279177,0.097951934,0.86457604,-0.14936149,0.2637072,0.8378408616555226
0.36723602,0.1828338,0.2865455,0.13668539,0.9697664,0.297814,0.2637072,1.0750357259221908
-3.790316,-4.270053,-4.046718,-3.5333433,-1.2315291,0.5677578,-1.3766406,-5.0
-3.6004677,-3.7343767,-3.6472497,-4.0369697,-4.432242,0.4356235,-1.3766406,-5.0
-2.5474217,-0.96823156,0.20554876,-0.7318691,-0.02849555,0.35005966,0.3126035,-5.0
-4.0595,-4.067047,-3.8717597,-3.2301073,-4.7650614,-4.0442395,-3.745582,-5.0
-4.01848,-4.1555142,-3.75183,-3.905553,-4.6188135,-4.0442395,-3.7174764,-5.0
-3.882813,-4.0622616,-3.8717597,-3.2301073,-4.5918837,-4.1483,-3.7174764,-5.0
-3.882813,-4.067047,-3.75183,-3.2301073,-4.735173,-3.3690557,-3.745582,-5.0
-0.36187437,-1.8466069,-3.1866846,0.1553221,-0.9402395,-1.9921656,-2.847788,1.0413926851582251
0.36364812,0.5320895,0.34392086,0.21284524,0.94483876,0.5585933,0.36864987,-5.0
-3.4156694,0.60534394,-3.4161222,-3.3215039,-4.909837,-3.9859197,-3.5289898,1.04410838744612
0.38619772,0.5654707,0.36466998,0.3707203,0.82930046,0.5392062,0.36065805,0.8432957057377557
0.3608846,0.54893184,0.36466998,0.2981117,0.87214893,0.56722873,0.3404715,0.8519618250674265
0.40552664,0.5320895,0.3549304,0.2389134,1.0082513,0.6256185,0.36864987,0.9232124041581414
0.4439295,0.5320895,0.28675684,0.2389134,0.9425222,0.54104286,0.3711034,0.9496904930064022
0.51002634,0.5145463,0.43989867,-3.7073898,-2.404371,0.26373267,0.3513985,1.0074609977840439
0.38619772,0.5320895,0.3500425,-3.7073898,-2.7444239,-1.5327102,0.3323821,1.0074609977840439
-0.042629186,0.03841488,-0.17003337,-0.12327764,0.2676536,0.006762499,-0.13312148,0.2574049551515128
-0.08395422,0.009321963,-0.08503223,-0.22125718,0.15090199,0.0028060642,-0.1204304,0.24873812847980983
-0.042629186,0.023078717,-0.14958155,-0.22125718,0.27119976,-0.00022984087,-0.1204304,0.26655153581853697
-0.08395422,0.011347219,-0.17003337,-0.18816869,0.2299758,-0.05885923,-0.15725717,0.27088370960681846
0.46244472,0.5773495,0.3549304,0.2981117,0.83862734,0.5556464,0.3404715,0.8240665783032882
0.45549396,0.5827156,0.3549304,0.25004214,0.86346525,0.56722873,0.36864987,0.8338168500090681
0.38619772,0.5773495,0.3500425,0.32095233,0.90835315,0.5596249,0.36065805,0.8772048536085818
0.38619772,0.5712821,0.3415011,0.3707203,0.86523,0.5518573,0.3404715,0.9157179198802735
0.5221864,0.59040135,0.37471864,0.25004214,1.0449861,0.575646,0.3404715,0.9834814981643992
0.40552664,0.59040135,0.3415011,0.25004214,1.019231,0.575646,0.36065805,1.0702580997033284
0.38619772,0.59838367,0.3500425,0.2389134,1.0090445,0.56201744,0.36065805,1.0995083390912328
-0.060331203,0.011347219,-0.14958155,-0.19961332,0.26260474,0.0028060642,-0.11937644,0.24490768897790108
-0.060872283,0.015392955,-0.15202774,-0.18816869,0.24333817,-0.00022984087,-0.13045274,0.24490768897790108
-0.060331203,0.03841488,-0.08503223,-0.18816869,0.21515247,0.057917945,-0.1204304,0.26391998305577236
-0.060331203,0.03841488,-0.14392169,-0.22634193,0.24333817,0.020978913,-0.11937644,0.22540750389349073
-0.060331203,-0.00278085,-0.14958155,-0.171451,0.21782999,0.0028060642,-0.1204304,0.24929621554427667
0.46244472,0.5827156,0.43387514,0.3707203,0.8644748,0.54411227,0.3711034,0.9019598951571856
0.40552664,0.5742442,0.43387514,0.2389134,0.9462742,0.5546278,0.3404715,0.9107028269100793
0.38619772,0.59040135,0.3415011,0.25004214,1.1687212,0.55369395,0.36864987,1.0884844481127551
0.3608846,0.60534394,0.43626502,0.2981117,-1.929023,0.5596249,0.3711034,1.2108913143131028
0.38619772,0.59040135,0.33068952,0.32095233,-2.2540133,0.5596249,0.3513985,1.245864649132859
-0.060331203,-0.00278085,-0.15508242,-0.22634193,0.23859352,0.03540448,-0.15725717,0.29526793846953786
-0.042629186,0.015392955,-0.15508242,-0.18020204,0.22943394,0.03540448,-0.11937644,0.2923535550944441
-0.060331203,0.023078717,-0.15508242,-0.18816869,0.32340235,-0.0076328763,-0.15725717,0.29526793846953786
-0.10866285,0.047301453,-0.15508242,-0.14630726,1.6380323,-0.0076328763,-0.1204304,0.3302412389372291
-2.0831673,-0.46591884,-0.9394485,0.00655814,-1.4128658,0.18642092,-0.5108333,-5.0
0.24935476,0.034280147,0.20521453,0.00655814,0.48088607,0.18642092,0.10385699,-5.0
0.18510677,-0.2530925,0.43391064,0.3179492,1.149292,0.17314523,0.33008036,1.4342015143775624
0.4673814,0.32235548,0.44329324,0.3457874,1.2079664,0.5716409,0.4966642,1.143264682011221
0.5029489,0.67857885,0.44329324,0.3667491,0.24200273,0.5081635,0.51322186,1.136117842896476
0.5467274,0.31418186,0.4532307,0.3560862,0.974393,0.67135346,0.28242022,1.0896932087848386
-3.234196,0.32097837,0.19095832,0.24580137,-3.060036,-1.1523557,-3.34124,1.360839456683622
-0.46134853,-0.5540266,-0.52788675,-0.6768028,-0.35317087,-0.7995714,-0.5877268,0.7446840632768864
-0.6056702,0.034280147,-0.7235069,0.00655814,-0.35317087,-0.7995714,-0.5108333,0.4390167283875129
-0.6056702,-0.46591884,-0.7235069,-0.70249504,0.48088607,-0.803534,0.10385699,1.2638490218374718
-0.623548,-0.86826587,-0.50589377,-0.5244631,-0.49664387,-0.65714496,-0.49275342,0.6901960800285137
0.24935476,-0.86826587,0.20521453,-0.4919457,-0.49664387,-0.803534,-0.4837124,0.3662361237182931
-0.4709719,-0.86826587,-0.53009135,-0.6768028,0.48088607,-0.803534,0.10385699,0.2579184503140584
-0.623548,-0.86826587,-0.53009135,-0.70249504,-0.49664387,-0.7995714,-0.5877268,0.4390167283875129
-0.5335911,-0.124682,-0.59560525,-0.72090507,0.3542893,-0.16918759,-0.3260698,-5.0
-3.464578,-3.4652898,-3.347188,-2.9440498,-3.2002442,-3.4924974,-3.9578547,0.22582599146189336
-0.5335911,-0.6744104,-3.8787768,-0.72090507,-4.8983626,-0.42862323,-3.9578547,0.5133830105926888
-0.27672535,-1.0005302,-0.35714483,-3.668003,-4.502011,-3.9325063,-3.709637,-5.0
-0.27672535,-1.0005302,-0.35714483,-3.5452273,-4.7237186,-3.948325,-3.745582,-5.0
-0.27672535,-3.5526364,-3.643155,-3.5682678,-4.502011,-3.7951834,-3.7174764,-5.0
-0.6056702,-0.86826587,0.20521453,-0.70249504,0.47780353,-0.803534,0.10385699,-5.0
-3.9253716,-3.7462745,-3.368118,-3.7822092,-4.6788507,-3.9935408,-3.7236724,-5.0
0.38242227,-4.138948,-3.740393,-3.668003,-4.8315406,-4.010127,-3.7473373,-5.0
0.38242227,0.54054695,0.17264125,0.08133206,0.8940084,0.5582895,0.26662385,-5.0
-3.9253716,-4.195035,-3.740393,-3.7822092,-4.875092,-3.9935408,-4.029818,1.5440680443502757
0.16575131,0.19706827,0.16205092,0.32770824,-4.7361236,-1.7603378,0.422537,1.2304489213782739
0.20552893,0.31987786,0.099139415,-0.18056902,-1.3950831,0.24963547,0.01804308,0.9230885154423993
0.049305927,-0.76354563,0.056278337,0.057791587,-0.9267306,0.37769136,-3.0923657,1.0961449812943445
0.4276902,0.59303766,0.28622255,0.07913049,-2.0072784,0.66996145,0.3499481,0.6607706435276973
-2.5129714,-3.0867665,-3.012665,-3.2301073,-2.8473978,-1.7407583,-3.4198987,1.1833837420526951
0.48868898,0.59303766,0.396736,0.42379147,0.86422944,0.80344015,0.4172122,-5.0
-0.060411222,-0.010433309,0.20033598,0.08999017,0.72835904,-0.0016107075,-3.4828553,1.3283796034387378
0.22402504,0.30597052,-3.134401,-2.8077624,-0.6963107,0.49105665,-0.59739137,1.2922560713564761
-0.9003857,-1.2604086,-0.9514598,-0.69454205,-0.35585293,-0.64520377,-0.8110077,0.9200000150883589
-0.9003857,-0.42674658,-0.8586177,-0.7726874,0.75114465,-0.7056834,-0.9383025,1.0400086360135417
0.41434088,-1.2604086,-0.9514598,-0.90916556,-0.37529773,-0.7056834,-0.9383025,0.9499999814179432
-0.6748292,-1.2604086,0.4229447,-0.68383586,-0.5153699,-0.64520377,-0.66770947,0.811976944336954
-0.5647202,-0.42674658,-0.8586177,-0.90916556,-0.5153699,-0.38711283,-0.8110077,0.3611609951950261
0.41434088,0.5460836,0.4229447,0.30546218,0.75114465,0.52830523,0.41240165,-5.0
-4.0796742,-3.1676884,-0.099934414,-3.1568513,-3.3705027,-1.2243422,-2.0581868,-5.0
-4.0686483,-3.9848056,-3.9455085,-3.7140696,-4.838882,-2.2760005,-3.4856772,-5.0
-3.4882345,-4.260913,-3.56204,-0.7289023,-4.4808555,-1.4595833,-3.4171343,-5.0
-3.7945957,-1.0934422,0.20521453,-3.4091268,-2.14642,-0.4726706,-3.383151,-5.0
-2.1883202,-3.3504045,0.20521453,-0.5244631,-1.8306315,-0.9198949,-2.368364,-5.0
-0.5569889,0.29036912,0.3277811,0.17833008,-0.33494395,0.6462031,-3.0296679,0.8754664158663855
0.19478633,0.38824502,0.19257107,0.1420025,0.62566316,0.39146614,0.083187364,0.4623979978989561
0.35946816,0.58346564,0.20936885,-0.36639845,0.6799924,0.52133036,0.23477378,0.6434526764861874
0.35946816,0.58346564,0.32260162,-0.4095956,0.68684596,0.52426934,0.3711034,0.9003671286564703
-4.2035975,-4.5089087,-4.1556416,-4.110697,-4.9744096,-4.524797,-4.2096915,-5.0
-4.277708,-4.5235057,-4.214727,-4.110697,-4.980178,-4.524797,-4.2290363,-5.0
-4.2035975,-4.5666513,-4.2019105,-4.139248,-5.0217633,-4.4923067,-4.229113,-5.0
-4.2818856,-4.5235057,-4.214727,-4.072496,-4.8542857,-4.4923067,-4.222496,-5.0
-4.1892586,-4.2143135,-4.211953,-4.145362,-3.0189116,-4.4923067,-4.179166,-5.0
-4.277708,-4.5089087,-4.2077065,-4.139248,-4.9626837,-4.4797244,-4.222496,-5.0
-4.277708,-4.5666513,-4.2395825,-4.145362,-4.9315853,-4.505368,-4.222496,-5.0
-4.302355,-4.5235057,-4.2077065,-4.072496,-4.968615,-4.505368,-4.229113,-5.0
-4.291567,-4.4931645,-4.1556416,-4.072496,-4.995451,-4.4797244,-4.222496,-5.0
-2.0171735,-3.4105964,0.031722996,-2.0211103,0.60030425,-1.0955139,-1.8029624,0.5518158223510156
0.330988,-0.16644633,0.40268952,0.22047111,-0.4109748,0.67524266,0.51322186,0.5436956323092448
0.49718705,0.22924803,0.4554047,0.34390274,0.938865,0.6244005,0.4172122,0.9237101943965628
0.45309296,0.22924803,0.38547128,0.22047111,0.938865,0.27306882,0.51322186,1.2746196190912382
0.50057113,0.3201275,-3.5214088,-0.054053225,0.9152218,-3.899009,-0.5877268,-5.0
-1.4162768,-3.0293894,-3.5663943,-3.4172103,-1.8233573,-3.0125184,-0.1568688,-5.0
-1.441585,-3.4105964,-0.17382799,-0.46728194,-2.2989807,-1.7378119,-0.1424802,1.2500050284868958
0.6378958,0.7034573,0.43226722,0.3510793,1.2345814,0.67524266,0.51322186,-5.0
0.5390564,0.67857885,0.39884192,0.34152365,0.22092816,0.520882,0.4172122,1.5624950915084148
0.5333256,0.64486283,0.38998044,0.41478112,0.93309253,0.69547296,0.47375816,1.5000030680516931
0.5333256,0.7138876,0.52930486,0.24814072,1.2708993,0.69547296,0.469482,0.8105685292164129
0.048060857,-2.8357553,-1.600082,-2.3979583,-1.4156879,-3.899009,-0.5877268,0.9791384695468099
0.5390564,0.73958844,0.39884192,0.3667491,1.0491536,0.7297359,0.4172122,0.7752462597402364
0.4143739,0.53029865,0.4626811,0.3448001,0.75692594,0.521247,0.37894562,1.0632582799504555
0.5859666,0.6334883,0.44329324,0.39349735,0.94531375,0.7297359,0.4816735,0.875003353600041
0.5859666,0.6599332,0.39046386,0.3093064,0.869026,0.579094,0.4816735,1.2297586112213732
0.45139706,0.6509695,0.39046386,0.41478112,0.869026,0.67524266,0.4172122,1.0
0.5390564,0.6599332,0.4395758,0.3448001,0.9969839,0.579094,0.47375816,0.9929509605704465
0.45139706,0.6509695,0.44329324,0.39349735,1.0308578,0.579094,0.48828155,1.3161800988934527
-4.1546545,-1.2271667,-3.4146452,-3.9359264,-4.9611244,-4.2196727,-4.086141,-5.0
-3.9595745,-3.2326853,-3.4146452,-3.8231277,-5.0107408,-4.1916385,-3.773984,-5.0
-4.209552,-3.2326853,-3.8780916,-3.9702134,-4.941388,-4.1635466,-3.8599174,-5.0
-0.097713724,0.1039027,-0.12730531,0.18677117,1.378808,0.06764496,-0.12230613,1.2855573090077739
0.438836,0.5773495,0.3500425,0.2389134,1.2412238,0.69482327,0.40424418,1.0969100130080565
-0.43217835,-0.1878797,0.43153664,0.21367046,0.7483391,0.6090821,-1.8863459,1.0569048513364727
0.35064566,0.19362237,0.23892117,0.31646666,0.5728104,0.49718782,-0.0899569,0.9912260756924949
-4.277708,-4.5235057,-4.1556416,-4.139248,-4.95563,-4.505368,-4.194166,-5.0
-4.277708,-4.4931645,-4.1556416,-4.072496,-4.9715133,-4.478138,-4.194166,-5.0
-4.291567,-4.4931645,-4.2019105,-4.072496,-4.95563,-4.4923067,-4.2096915,-5.0
-4.277708,-4.5079885,-4.2077065,-4.072496,-4.987427,-4.4923067,-4.194166,-5.0
-4.302355,-4.5089087,-4.2077065,-4.139248,-4.9715133,-4.505368,-4.2290363,-5.0
-4.302355,-4.4931645,-4.214727,-4.072496,-4.987427,-4.4923067,-4.222496,-5.0
-4.291567,-4.5089087,-4.2077065,-4.110697,-4.9715133,-4.4897923,-4.2290363,-5.0
-4.3498077,-4.4931645,-4.2077065,-4.110697,-4.9859757,-4.4897923,-4.229113,-5.0
-4.302355,-4.5079885,-4.214727,-4.072496,-4.95563,-4.4897923,-4.2096915,-5.0
-4.291567,-4.4931645,-4.1556416,-4.110697,-4.95563,-4.478138,-4.194166,-5.0
-4.3498077,-4.5235057,-4.1556416,-4.0427976,-4.9859757,-4.478138,-4.194166,-5.0
-4.2767076,-4.4931645,-4.1556416,-4.072496,-4.9778357,-4.505368,-4.222496,-5.0
-4.277708,-4.5079885,-4.2395825,-4.072496,-4.976181,-4.524797,-4.229113,-5.0
-4.291567,-4.5313926,-4.214727,-4.0427976,-4.941973,-4.4923067,-4.2096915,-5.0
-4.223668,-4.5235057,-4.214727,-4.145362,-4.973982,-4.501618,-4.229113,-5.0
-4.302355,-4.5079885,-4.2077065,-4.145362,-4.972611,-4.501618,-4.229113,-5.0
-4.302355,-4.5089087,-4.1556416,-4.072496,-4.976181,-4.524797,-4.194166,-5.0
-4.2818856,-4.4931645,-4.2077065,-4.139248,-4.941092,-4.524797,-4.194166,-5.0
-4.223668,-4.5235057,-4.214727,-4.072496,-4.9400153,-4.4897923,-4.2096915,-5.0
-4.277708,-4.5235057,-4.2019105,-4.072496,-4.976181,-4.4923067,-4.2096915,-5.0
0.43378183,0.58346564,0.3500425,0.3720626,0.9217312,0.5066742,0.3711034,0.9244343635432307
0.40563765,0.58346564,0.33944434,0.2389134,0.679005,0.52133036,0.34941486,0.9325244970505423
0.4122338,0.5545215,0.3500425,0.32095233,0.83775294,0.54409945,0.36482692,0.9490971251129159
-3.259989,-4.4117017,-3.9887152,-4.0402155,-4.9078393,-4.123763,-4.1098685,0.5456052304512604
-2.5646982,0.3153229,-4.1118236,-4.0405955,-0.8877713,-4.123763,-4.0288196,-5.0
-2.494732,-2.0353088,0.40170208,-1.9755601,0.95417887,0.5582895,0.27941573,0.8750612633917001
0.35625938,0.7370245,0.14048299,0.08133206,0.6587615,0.6222529,0.3126035,0.8750612633917001
0.38708296,0.45795175,0.21047966,0.08133206,0.7003049,0.31716016,0.26662385,1.1522883443830565
0.42953634,0.5093456,0.23128575,0.18529853,0.77174354,0.22052325,0.37983435,0.8450980400142568
-0.32324722,0.15383068,-0.4883747,0.18529853,0.8457106,0.29102495,0.06337461,0.8692317197309762
-3.3994215,-1.7308047,-3.319762,-4.0979323,-3.8635337,-2.979144,-2.5126176,1.021189299069938
-3.0445306,-4.145815,-4.0429664,-2.957947,-1.1406075,-4.4158893,-3.9727383,-5.0
-3.760891,-3.7495751,-3.8271077,-3.9136438,-4.240588,-3.919299,-1.4440533,-5.0
-4.12811,-3.7495751,-3.9620554,-3.9136438,-5.017434,-3.8742266,-4.0032167,-5.0
-0.87201184,-4.4316883,-4.188975,-1.6627945,-2.856794,-4.461116,-0.48744524,-5.0
-4.2025514,-4.4316883,-4.188975,-3.9136438,-4.9723735,-4.461116,-4.128049,0.6324572921847242
-4.1653523,-4.176597,-4.0254745,-3.9136438,-4.858486,-4.2434273,-4.128049,-5.0
-4.1921153,-4.3436832,-4.0254745,-3.9965563,-4.858486,-4.2151194,-4.0018864,-5.0
-4.046888,-4.3624697,-4.0254745,-3.9658406,-4.858486,-4.291531,-4.0018864,-5.0
-4.046888,-4.176597,-4.0064416,-3.9965563,-4.90763,-4.4488387,-4.012964,-5.0
-4.2030845,-4.4309735,-4.1696477,-3.9965563,-4.9430523,-4.2434273,-4.0018864,-5.0
-4.1921153,-4.4309735,-4.0064416,-3.9658406,-4.90763,-4.2434273,-4.012964,-5.0
-3.3078935,-3.7019892,-3.2943497,-3.559982,-0.18903272,-3.229615,-3.3062084,-5.0
-2.8567305,-2.6268327,-3.964277,-0.33283105,0.02653599,0.10505592,-3.3029692,-5.0
-4.020953,-4.3886642,-3.964277,-3.8768425,-3.9396927,-3.7409065,-3.7533574,1.5089335260500327
-3.714235,-4.386479,-3.9630618,-3.937101,-4.320473,-4.006185,-0.18238324,-5.0
-4.069307,-4.3886642,-3.5572655,-3.559982,-5.0680833,-3.6102276,-0.63881767,-5.0
0.5728604,0.86956143,-1.0112346,0.43593848,1.2680292,0.73665124,0.5280147,-5.0
-2.9395897,-4.3886642,-4.0487576,-3.4223979,-4.6702085,-1.6470335,-0.021763748,1.3948892571674187
-4.3079863,-4.5014668,-4.046718,-4.0555496,-4.9902773,-4.4923067,-4.2096915,-5.0
-4.3079863,-4.5235057,-4.2279773,-3.9615393,-4.9469867,-4.4646974,-4.194413,-5.0
-4.2447443,-4.5079885,-4.2077065,-4.054561,-4.9814878,-4.4897923,-4.1505795,-5.0
-4.3079863,-4.5235057,-4.046718,-3.9615393,-4.966106,-4.4434867,-4.1505795,-5.0
-4.2447443,-4.437654,-4.208027,-4.101822,-4.9902773,-4.4923067,-4.1505795,-5.0
-4.277708,-4.437654,-4.211953,-3.9615393,-4.955501,-4.4434867,-4.1505795,-5.0
-4.277708,-4.437654,-4.203243,-4.0555496,-4.966106,-4.4646974,-4.2096915,-5.0
-4.1892586,-4.5079885,-4.211953,-3.9615393,-5.029917,-4.4897923,-4.1932907,-5.0
-3.472403,-0.4859046,-4.2279773,-0.14780562,-4.956471,-4.4897923,-4.194413,-5.0
-4.1892586,0.004606533,0.09346613,-0.14780562,-5.006731,-2.1182365,-3.6008768,-5.0
-4.3079863,-4.071384,-4.2279773,-4.101822,-4.9315248,-4.4897923,-4.179166,1.320146286111054
0.022432705,0.043949954,0.3542015,0.020697637,-0.18872434,-1.3261596,0.11553479,0.6677330525332673
0.310518,0.58346564,0.36292204,0.29626468,0.78389406,0.4744165,0.05030125,0.7732743483374538
-1.9523525,-3.8989975,-3.5694652,0.080260016,0.18315008,0.11487343,-2.3792272,0.7446058754142388
-1.4325233,-1.7060705,-0.945209,-0.01968124,0.7763761,0.020602342,-1.1294261,0.7979596437371962
-1.4325233,0.27773175,-2.3541243,-0.74665,0.6544472,0.020602342,-1.1294261,0.9247959957979122
0.035871748,0.361192,-0.07995648,-0.36609578,-0.32064348,0.4873178,0.33106902,0.9075188461066293
0.063011885,0.4050184,0.2842152,-0.08608549,-0.32064348,0.16260561,0.26667994,0.8814987796149828
-3.5084305,-3.1641724,-4.1366863,-0.4539571,0.29595748,-4.4185867,-3.9153228,0.983175072037813
0.46682727,0.69738173,0.49273875,0.3510793,1.2707176,0.6117928,0.4172122,0.9028727854460794
0.51834595,0.41831955,0.42271468,0.3411962,0.98544186,0.6424972,0.4172122,1.2074997233073055
0.16810386,0.468546,0.42271468,0.3457874,0.7679552,0.5908743,0.45749387,0.7171710268323102
0.59333885,0.6560293,0.42271468,0.4195904,1.1175758,0.7019156,0.40235844,1.1099158630237933
-0.3572019,0.69768834,0.48081896,-0.27395394,-0.5018182,-0.34274173,-1.0428153,1.3832946183637111
-0.3438993,-1.4727703,-2.219301,0.10822969,-4.384188,-1.0176656,-1.5521032,0.3859635706006973
0.25089273,0.4280106,0.20158537,0.02111304,0.7928876,-0.60111785,0.311362,0.937718443617264
-1.1936933,-1.4741675,0.028416531,-0.43850616,-0.5721089,-0.49247545,0.3813855,0.3859635706006973
-0.91671056,0.072422706,-0.42329028,-0.10279757,0.41009516,0.11016806,-4.1505795,0.7539658658651603
-1.4393071,-4.4149837,-4.1696477,-3.6735313,-4.347613,-3.6764107,-3.7014487,0.5169318088680128
-4.0404263,-2.7043023,-4.1696477,-3.461044,-2.5074708,-3.750814,-0.6216264,0.5810389487721672
-1.9967471,-2.7043023,-3.2398772,-3.426625,-2.9914358,-3.101799,-0.6216264,-5.0
-3.3994215,-4.1428123,-3.2544723,-3.3978724,-4.256172,-0.7518593,-3.3457198,-5.0
-3.5810409,-3.328522,-4.0055857,-3.461044,-4.8193636,-0.7518593,-3.7388558,-5.0
0.17108162,0.4076022,0.35598356,-0.023448803,0.84507084,0.16975425,-0.050041344,0.7464785099300311
-0.7212714,-0.6285064,-3.134401,-2.8981597,-1.1622856,0.5686682,0.11849927,0.7032053706954863
0.22904782,0.3905532,0.35598356,0.023621194,0.7209222,0.42594644,-2.7909677,1.1893499243391978
-1.6830267,-1.8914149,-1.074318,-1.1951084,-2.935874,-3.060618,-4.1425014,0.8741918046790712
0.17108162,0.0939125,0.21155411,0.023621194,0.8473222,0.42594644,-2.7909677,1.0250189722827596
-4.116656,-4.3595567,-3.957117,-4.027392,-5.0802374,-4.4587417,-4.087546,0.8432950827365071
0.2841907,0.08903722,0.43976685,0.21612713,0.8068507,0.66547936,0.24217975,0.9618954736678504
0.4991463,0.61631167,0.41042536,0.31329337,1.0582544,0.54756296,0.43792692,0.9874531981000804
0.43526265,0.70471483,0.39665025,0.31646666,0.91528344,0.6304456,0.3965456,0.954573680919836
0.43526265,0.59490263,0.459487,0.30895555,0.89224607,0.65359384,0.4172122,0.8955244820779171
0.449249,0.45099536,0.33629772,0.28368106,0.76179314,0.57147837,0.36040777,0.7507689063693916
0.37095028,-0.04062628,0.43976685,0.21612713,0.83677244,-4.0353303,0.24217975,1.0165536733037026
0.50443864,0.5996828,0.42005864,0.41689685,0.9424033,0.35366642,0.34366414,0.9834668759468818
0.45619953,0.4685797,0.459487,0.3092004,0.82881284,0.50772196,0.39048687,0.8530895298518656
0.44940847,0.33599296,0.3851102,0.32744595,0.7754887,0.5697318,0.3965456,0.8913343178024352
0.3109597,0.41245684,0.33629772,0.3092004,0.68675345,0.50772196,0.36040777,0.567894823608206
0.34474996,-0.0875314,0.19354767,0.1155025,0.88778514,0.016819566,0.4541937,0.9247959957979122
0.5032132,0.61381614,0.43976685,0.31329337,1.0642662,0.66547936,0.43792692,0.9732584407499941
0.4699963,0.5347962,0.459487,0.31646666,0.8937569,0.5697318,0.4172122,0.921628484279584
0.48284385,0.70471483,0.39884192,0.364637,0.91528344,0.65359384,0.3965456,0.8664283641255703
0.4072175,0.6443055,0.32714906,0.23302236,0.7669118,0.6055086,0.38961938,0.7516234643348149
0.51351607,0.5739898,0.41217265,0.3763503,1.1473416,0.65797573,0.48579124,0.8721562727482929
-3.5675597,-0.706827,-0.38442305,-3.6076984,-2.4428153,-0.75996256,-0.7919009,1.3585059114902351
0.24790463,0.25180835,0.27119726,0.36893746,0.43511072,-4.0353303,0.33832648,1.0321677713235264
0.44730425,0.6034223,0.46541652,0.27944097,0.9191566,0.56133604,0.34366414,0.9476368513380096
0.45619953,0.4685797,0.36970982,0.29971635,0.82881284,0.6054874,0.3965456,0.8356905714924255
0.45897895,0.4685797,0.37630314,0.32744595,0.8517645,0.65359384,0.386676,0.8847606572847557
0.2546633,0.41245684,0.3542219,0.3092004,0.76858974,0.36210644,0.36271524,0.5570521248408922
0.2826371,0.6288949,-1.1269445,0.34631076,-2.0439773,-2.517147,0.43127054,1.1841233542396712
-0.5840332,0.6825926,0.31946483,0.23487046,0.83775234,-0.75996256,0.43127054,-5.0
-2.411674,-0.100268885,-3.77454,-2.6617107,-5.618672,-2.268108,-2.228559,-5.0
-1.7296444,-0.14599021,0.16199528,-2.776971,-4.1212792,0.374701,-3.8289468,-5.0
0.3746797,-0.15665832,-1.7912214,-1.3332529,-1.5634564,0.6653826,-4.086302,1.0847102091641074
-0.9442294,-0.15665832,-2.2064767,0.15562804,-1.1374403,-0.14216268,0.27353138,1.1092409685882032
-0.026322156,0.33900696,0.01163049,0.18749528,0.60786414,0.43452308,-1.527345,1.123524980942732
-2.8454125,-3.2877524,-4.0868015,-3.0070634,0.27944383,-4.1103754,-3.9153228,0.9571281976768131
0.33848864,-0.090949,0.13701032,0.16793153,1.2209715,-0.6307404,0.29608622,-5.0
0.16235453,0.5067124,0.4678354,0.3457874,0.84904456,0.35027966,-0.8973338,-5.0
0.44825634,0.7026225,0.4207326,-2.104668,1.099587,0.18196358,-1.8638433,-5.0
0.34906226,0.37663525,0.33813202,0.29971635,0.9226481,-0.90070134,0.36319327,0.9907826918031378
0.34906226,0.26576367,0.39884192,0.29806742,0.9248625,0.51887083,0.3845452,0.953153110926557
0.46609172,0.24710628,0.31771818,0.21624367,0.86404663,0.09075697,0.3845452,0.9604898121981704
0.51405895,0.5129609,0.42458117,-0.63066393,0.12825406,-0.81084484,0.29380956,1.0099471219320177
-2.3244245,0.6352284,-3.2544723,-3.2254212,-3.1128707,0.17004983,-3.4638987,0.6693168805661122
0.5032132,0.5979926,0.36102593,0.40562347,0.9424033,0.56133604,0.34366414,0.8414537105221979
0.5032132,0.5979926,0.42005864,0.29515487,0.9424033,0.56133604,0.34366414,0.9242792860618817
0.47961006,0.41976082,0.40512624,0.41689685,0.9191566,0.59309983,0.34366414,0.8604223310713415
0.50443864,0.6034223,0.46541652,0.40562347,0.9191566,0.45590338,0.34963647,0.9527924430440922
0.44730425,0.6034223,0.46541652,0.29515487,0.8817763,0.35366642,0.34963647,1.0425755124401905
0.50443864,0.5979926,0.42005864,0.41689685,0.9424033,0.56133604,0.4028179,0.8315083398886441
0.4991463,0.33586624,0.41277313,0.41689685,1.0642662,0.3592376,0.5039567,0.9767914332023678
0.4486902,0.33586624,0.42005864,0.41689685,1.0642662,0.54756296,0.31952056,1.1499793805064664
0.5032132,0.33586624,0.41277313,0.31329337,1.0582544,0.45590338,0.4028179,1.3506356082589543
0.5081827,0.61381614,0.41042536,0.31329337,0.95783114,0.54756296,0.31952056,1.2748503200166648
0.5032132,0.61631167,0.42005864,0.40562347,1.0582544,0.66547936,0.4387469,1.118595365223762
0.4991463,0.61631167,0.42005864,0.29515487,0.95783114,0.54756296,0.31952056,1.4360035356698966
-2.6352923,-4.094496,-4.1095576,-3.9150205,-4.739056,-3.9707496,-4.1295767,-5.0
-4.143921,-4.4688463,-4.044341,-4.0979323,-4.9750195,-4.3749814,-4.1199446,-5.0
0.39108968,-0.032636844,0.3587303,0.34631076,0.6755551,-0.39352694,-0.23161814,-5.0
0.39108968,-0.032636844,0.3587303,0.34631076,0.752063,-0.8330815,-1.9067606,1.1880843737149382
0.39108968,0.6426259,0.3948819,0.22953127,0.96692014,0.38210446,0.34381834,1.5864747785713966
0.3405687,0.6775387,0.4114654,0.03502243,1.1340016,0.30794895,0.18915017,1.4811558708280352
0.4478783,0.7458922,0.3948819,0.03502243,1.3040043,0.5921495,0.18915017,1.2329961103921538
