6,13,42,69,420,1234567890,473129,multimodal Rh (e-5 place holder)
7.2663484,8.825073,19.715721,8.161813,12.855777,11.25167,5.388207,35.9
81.6191,117.474594,54.59725,104.81762,104.088844,98.70045,88.81585,1e-05
1597.5613,5998.9683,6546.718,3256.2898,3869.0134,6621.1357,4260.3013,1e-05
17.87644,3.5710547,19.980686,7.4726157,9.858234,18.867632,4.7113385,19.8
45.43174,52.09548,45.608425,83.17916,55.78754,241.76369,32.90411,1e-05
6424.024,6004.806,6684.151,3233.8125,4895.618,7641.34,3865.2544,1e-05
15.810718,16.140589,8.597515,13.603143,14.476449,5.613356,23.57295,33.7
54.20838,42.296608,45.620518,26.70731,56.762447,65.13834,34.156227,1e-05
6469.1147,5998.9683,2232.019,1641.2234,4895.618,6541.7866,3969.4539,1e-05
7.4706607,11.068057,7.079202,13.327941,5.045113,7.6184134,14.154939,5.896
137.7743,147.71428,145.07812,42.91604,154.74423,122.29072,109.567795,120.558
6430.3804,2169.122,5999.865,1245.2783,4474.2954,7133.7607,3964.3381,1e-05
7.207636,4.3256483,6.366007,6.6550994,7.6798844,7.1966143,6.979787,7.881
159.38573,119.73302,153.36092,169.771,135.95872,160.69164,108.75301,171.514
6418.376,5013.001,6748.799,2798.384,1949.2821,2716.386,3798.543,1e-05
2.9863222,4.3256483,4.2401786,6.46476,2.511079,5.2253675,4.497761,8.794
155.41005,176.95792,167.0111,188.3833,183.29327,152.74333,185.6594,187.004
1566.7258,5013.001,5999.865,1245.2783,4474.2954,7686.1787,4210.529,1e-05
2.738923,2.3550348,2.6643877,2.583533,2.5185163,3.7910497,3.8510861,1e-05
171.15227,176.95792,167.0111,188.3833,178.1866,152.74333,180.29224,227.238
6452.9985,5013.001,5999.865,1245.2783,4895.618,7686.1787,3964.3381,1e-05
2.5855594,2.3869228,2.6643877,2.1140592,2.2641218,3.167115,1.7817104,1e-05
450.05423,475.16995,442.99155,612.9776,563.1201,420.3222,585.4282,622.9178061998924
6430.3804,5973.7466,5999.865,1245.2783,3762.4988,7133.7607,4210.529,1e-05
2.738923,2.9986205,2.6455898,1.4793034,1.9937127,3.08966,1.7931421,1e-05
379.62292,455.089,435.22855,553.32306,451.7955,398.28046,522.9492,886.6567334392631
6452.9985,2177.999,6748.799,3231.9866,1949.2821,7594.669,4075.821,1e-05
2.4824824,2.425256,2.8845103,1.5086539,1.9937127,3.198619,1.7222413,1e-05
400.7192,507.23096,399.10245,323.81976,449.16748,383.60773,277.09763,838.0
6354.2383,5641.9497,6546.718,3447.996,1949.2821,7686.1787,1973.3491,1e-05
2.8639758,2.425256,3.0860345,1.8304365,1.9937127,3.0888317,1.7998426,1e-05
475.17102,507.23096,471.1569,612.9776,449.16748,455.48102,547.5002,149.529
6418.376,5641.9497,2191.8271,1245.2783,1949.2821,6530.3896,4075.821,1222.712
2.738923,2.4601476,3.0860345,1.8304365,1.946589,3.167115,1.9467163,1e-05
356.82013,393.2341,471.1569,612.9776,350.13437,345.86084,443.8585,781.0
6452.9985,5989.6997,2191.8271,1245.2783,4895.618,7133.7607,3964.3381,1e-05
2.738923,2.3869228,2.6455898,1.8304365,2.1275582,3.0888317,1.7998426,1e-05
356.82013,450.8116,426.04913,612.9776,514.08765,455.48102,547.5002,531.0677018889306
6452.9985,5973.7466,6748.799,1245.2783,3762.4988,6530.3896,4075.821,1e-05
2.8639758,2.425256,2.879749,1.3601412,1.946589,3.08966,1.9342782,1e-05
242.03215,249.95695,254.8892,302.79736,261.1762,220.8932,297.89218,749.438581998361
6418.376,5641.9497,6656.945,3231.9866,4895.618,7594.669,3798.543,1e-05
2.738923,2.784286,2.6455898,1.4425273,1.946589,3.08966,1.7998426,1e-05
237.09155,172.65996,211.13666,270.8768,261.1762,220.8932,242.94014,382.0
6452.9985,2177.999,6748.799,2802.4573,4895.618,7594.669,4075.821,1e-05
2.4824824,4.0991664,3.9822872,1.8304365,2.0508463,3.198619,2.403868,1e-05
172.2098,172.65996,193.66249,230.08012,209.41196,162.90915,203.96259,338.99111921604924
6354.2383,2177.999,6546.718,1245.2783,4474.2954,7686.1787,3964.3381,1e-05
17.311483,2.4601476,2.6643877,21.62633,1.9937127,16.02798,20.034134,1e-05
165.39244,254.22908,228.11401,176.68703,258.21182,162.90915,171.20781,255.0
6452.9985,5989.6997,5999.865,3231.9866,1949.2821,7686.1787,1973.3491,1e-05
4.5629196,3.1804836,3.9822872,1.8304365,3.4206433,3.578052,1.7817104,33.653
200.09167,215.73819,193.66249,230.08012,221.78474,206.60506,224.8215,201.522
6418.376,5013.001,6546.718,1245.2783,4741.153,2716.386,4210.529,1e-05
2.5855594,2.3869228,2.6643877,2.583533,2.3111403,3.7910497,3.8510861,1e-05
170.5468,165.14833,167.0111,188.3833,177.77484,152.74333,180.29224,226.0
6430.3804,5973.7466,5999.865,1245.2783,3762.4988,7686.1787,3964.3381,1e-05
2.9863222,2.784286,2.9865801,1.402428,1.8505683,3.167115,1.7222413,1e-05
171.45465,172.39017,165.6639,187.90593,183.99799,162.47011,184.93396,224.0
1566.7258,2177.999,6546.718,3402.9863,4741.153,7133.7607,1973.3491,1e-05
2.5855594,2.784286,2.879749,1.3601412,2.0050614,3.198619,1.7817104,1e-05
170.5468,158.72696,165.98145,119.38951,178.1866,154.87708,185.6594,216.0
6430.3804,2177.999,6656.945,3231.9866,4895.618,7686.1787,4210.529,1e-05
2.738923,2.784286,2.879749,1.4425273,2.1733494,3.1888947,1.9342782,1e-05
165.29926,158.66644,165.98145,165.154,172.59497,154.34808,172.56113,211.0
6452.9985,2177.999,6656.945,2802.4573,3762.4988,2716.386,3798.543,1e-05
2.9863222,2.4601476,2.9865801,1.3601412,1.9937127,3.08966,1.7817104,1e-05
132.22563,134.92004,133.0449,141.94168,135.2436,130.07837,138.68944,191.0
1566.7258,5989.6997,6546.718,3231.9866,1949.2821,7594.669,4210.529,1e-05
2.738923,2.336258,3.1586497,2.2117357,2.0508463,3.1384058,1.7998426,1e-05
111.577835,110.26376,107.316154,103.29516,105.758965,110.580826,64.42983,154.0
6452.9985,5013.001,2191.8271,1245.2783,4474.2954,6530.3896,4075.821,1e-05
2.4824824,2.4601476,5.6129055,1.5014355,3.6648433,3.08966,1.7998426,1e-05
88.09545,134.92004,69.93677,63.735886,66.1991,130.07837,64.42983,98.0
6354.2383,5989.6997,6546.718,3447.996,3762.4988,7594.669,4075.821,1e-05
2.738923,2.4601476,13.692618,17.74316,3.6498706,3.1384058,1.7817104,1e-05
65.77645,134.92004,69.93677,48.36908,59.583,110.580826,105.61127,50.0
6452.9985,5989.6997,6546.718,1245.2783,4741.153,6530.3896,4210.529,1e-05
2.4824824,2.4601476,2.6643877,1.4425273,1.9937127,3.1384058,1.7817104,24.0
88.09545,134.92004,89.09728,78.326614,81.86353,110.580826,105.61127,1e-05
6354.2383,5989.6997,5999.865,2802.4573,1949.2821,6530.3896,4210.529,1e-05
2.9464757,2.6125607,2.8578193,1.6026276,2.3129911,3.0237436,1.8248137,1e-05
179.15068,166.7157,180.83351,185.62128,179.52971,176.37282,215.52281,78.366
4669.606,5973.7466,8073.416,6632.5674,5942.248,5570.992,6602.311,7088.165
3.192809,2.5735443,2.8578193,1.2144278,2.2346926,3.3117104,1.8248137,1e-05
148.725,174.44214,180.83351,168.29091,182.28984,183.7796,215.52281,57.544
9495.284,8354.232,8073.416,7619.7266,8128.692,8785.565,6602.311,4501.252
2.9032931,2.6125607,2.8126476,1.5362464,2.3732202,3.8243146,1.8774064,1e-05
174.20445,166.7157,149.38976,192.3759,145.06326,98.39798,188.28656,232.4345262918353
7291.4624,5973.7466,7193.4414,5632.7153,5886.4375,7686.1787,5056.7065,13769.583
3.192809,2.6125607,2.8954463,1.6026276,2.3129911,3.8243146,1.9185102,1e-05
148.725,166.7157,156.3284,185.62128,179.52971,98.39798,144.96973,272.627
9495.284,5973.7466,9236.956,6632.5674,5942.248,7686.1787,8038.621,3434.329
2.5225906,2.8615346,2.8126476,1.7229472,2.2346926,3.8243146,1.9952674,1e-05
155.91376,157.80034,149.38976,173.62938,182.28984,98.39798,163.21622,287.654
8587.14,5908.7153,7193.4414,5721.749,8128.692,7686.1787,7722.256,3012.454
3.192809,2.5735443,2.8578193,1.2144278,2.3732202,3.8243146,1.9185102,1e-05
148.725,174.44214,180.83351,168.29091,145.06326,98.39798,144.96973,377.9439976619736
9495.284,8354.232,8073.416,7619.7266,5886.4375,7686.1787,8038.621,1899.367
18.463728,17.904789,17.592375,20.66528,24.835287,15.780509,24.149506,25.05
47.39822,41.395542,51.635822,33.540066,33.819405,62.72814,33.693104,1e-05
7382.1274,7681.8276,8717.179,6979.595,5046.963,10415.789,3404.4006,1e-05
20.789171,16.198519,17.552439,19.354706,19.657938,17.49147,19.864758,32.1
43.85181,46.830025,50.194878,33.85707,38.002716,53.390896,37.820297,1e-05
7489.521,8442.959,7900.714,7756.464,7545.343,7555.9067,7183.3105,1e-05
16.273615,16.198519,16.856926,19.354706,18.365665,15.780509,24.149506,38.17
52.617153,46.830025,55.440224,33.85707,39.951122,62.72814,33.693104,1e-05
8484.789,8442.959,8706.593,7756.464,7746.1934,10415.789,3404.4006,1e-05
18.463728,22.058193,16.785185,20.66528,18.365665,17.92796,19.715605,39.37
47.39822,43.353897,51.819195,33.540066,39.951122,55.646008,38.25399,1e-05
7382.1274,5493.9565,8036.6553,6979.595,7746.1934,2894.8604,6455.1973,1e-05
16.273615,17.904789,21.013195,21.180105,18.969242,17.92796,20.080988,31.789
52.617153,41.395542,49.29594,28.914011,38.782734,55.646008,40.702362,1e-05
8484.789,7681.8276,2290.5874,5068.548,6839.3203,2894.8604,6554.9863,6091.49
20.789171,22.058193,21.013195,26.288252,24.835287,17.92796,24.149506,1e-05
43.85181,43.353897,49.29594,32.216225,33.819405,55.646008,33.693104,53.621
7489.521,5493.9565,2290.5874,2137.4006,5046.963,2894.8604,3404.4006,17356.307
15.02435,22.058193,17.32396,9.376652,16.904541,11.753706,15.2486515,30.17
52.617153,43.353897,51.635822,39.50451,33.819405,62.72814,40.702362,1e-05
8541.009,6895.9746,9125.469,6784.666,5046.963,10415.789,7133.6904,1e-05
18.463728,22.058193,8.583824,16.582306,16.904541,17.023186,19.715605,31.07
47.39822,43.353897,63.026546,34.930782,33.819405,55.646008,38.25399,1e-05
7382.1274,6895.9746,8716.59,7756.464,5046.963,6022.1865,6455.1973,1e-05
18.463728,14.397432,8.583824,9.376652,13.771386,11.753706,14.509196,32.0
47.39822,46.830025,63.026546,39.50451,38.002716,62.72814,41.78404,1e-05
7382.1274,8442.959,8716.59,6784.666,7545.343,10415.789,7131.678,1e-05
18.463728,22.058193,17.32396,20.66528,18.365665,17.023186,19.109674,1e-05
47.39822,43.353897,51.635822,33.540066,39.951122,55.646008,33.693104,44.2
7382.1274,6895.9746,9125.469,7042.568,7746.1934,6022.1865,4750.126,1e-05
18.463728,22.058193,17.552439,21.180105,16.904541,17.49147,19.715605,1e-05
47.39822,43.353897,50.194878,28.914011,33.819405,53.390896,38.25399,67.768
7382.1274,6895.9746,7674.918,4691.1924,5046.963,7555.9067,6455.1973,20349.739
14.402679,15.608891,8.583824,9.376652,13.771386,17.023186,19.109674,28.387
53.847736,41.71491,63.026546,39.50451,38.002716,55.646008,33.693104,1e-05
7873.687,7681.8276,8716.59,6784.666,7545.343,6022.1865,4750.126,10187.132
7.049097,6.943844,7.031089,1.4074284,9.187071,7.155375,8.322795,30.84
62.548347,68.12511,62.299904,61.972546,54.303204,62.867218,52.583168,1e-05
7240.8555,5317.9346,6408.093,3652.3254,2382.3625,7555.9067,4750.9414,1e-05
10.820557,10.800085,10.475802,11.876408,9.187071,11.867047,14.1369505,1e-05
57.822662,56.21135,55.896694,42.158157,54.303204,57.736454,43.882423,44.98
6919.3086,6223.254,7086.165,1780.3484,2382.3625,8392.052,4463.2085,1e-05
12.412624,17.907978,10.591136,11.89277,12.404708,7.2542877,8.322795,1e-05
62.230984,43.564472,57.14445,42.296036,51.40713,70.66389,52.583168,43.59
7033.992,2452.0713,7305.9854,4120.6035,5149.9556,2894.8604,4750.9414,1e-05
7.483019,17.907978,9.052606,12.483795,11.329334,11.867047,7.492635,1e-05
60.919407,43.564472,60.78243,46.679173,50.963898,57.736454,51.514107,44.98
1737.0845,2452.0713,7390.699,3403.493,4321.1445,8392.052,4423.1304,1e-05
12.412624,17.907978,9.052606,11.696841,7.418623,10.192874,14.1369505,1e-05
62.230984,43.564472,60.78243,42.08258,57.481655,66.37166,43.882423,51.35
7033.992,2452.0713,7390.699,4287.3677,5199.443,7036.687,4463.2085,1e-05
7.483019,6.51453,9.052606,1.4074284,7.418623,7.2542877,7.492635,36.169
60.919407,65.67991,60.78243,61.972546,57.481655,70.66389,51.514107,1e-05
1737.0845,6175.1846,7390.699,3652.3254,5199.443,2894.8604,4423.1304,1565.973
3.076394,2.6138656,2.920283,1.4074284,2.6497157,3.5416853,2.2850819,33.34
79.10478,72.519485,79.755615,67.01022,74.099144,85.452774,71.08759,1e-05
7240.8555,6435.5806,7305.9854,3652.3254,2375.7712,2894.8604,4423.1304,1e-05
6.876165,7.5745926,9.052606,6.8431354,2.6497157,3.5416853,6.710569,1e-05
66.788956,69.39652,68.346436,50.69741,74.099144,85.452774,58.284435,48.49
7033.992,5317.9346,7390.699,1596.1769,2375.7712,2894.8604,4750.9414,1e-05
7.955095,7.750597,9.052606,10.240793,6.8378315,3.5416853,7.9792223,1e-05
62.1662,65.081635,68.346436,52.93339,63.2785,85.452774,53.610275,49.89
6919.3086,6223.254,7390.699,4287.3677,4321.1445,2894.8604,4463.2085,1e-05
6.9037004,7.750597,9.052606,10.240793,2.6497157,6.8710966,7.9792223,1e-05
71.71439,65.081635,68.346436,52.93339,74.099144,74.41538,53.610275,51.4
1733.5907,6223.254,7390.699,4287.3677,2375.7712,7555.9067,4463.2085,1e-05
3.076394,7.5745926,7.7023816,10.240793,6.6879616,7.663103,2.2850819,1e-05
79.10478,69.39652,63.5727,52.93339,63.42139,65.045654,71.08759,51.35
7240.8555,5317.9346,7086.165,4287.3677,5046.963,8392.052,4423.1304,1e-05
7.955095,7.028059,7.7023816,6.744676,6.6822777,7.663103,6.7441893,1e-05
62.1662,63.89917,63.5727,54.232952,59.845894,65.045654,55.743847,74.97
6919.3086,2452.0713,7086.165,3891.7712,5199.443,8392.052,4553.009,1e-05
13.87625,15.840139,13.23324,16.517353,13.465045,13.31019,14.905352,24.406
47.39822,45.98784,51.635822,30.364431,33.819405,59.77503,44.36407,1e-05
7382.1274,8025.912,9813.458,4489.2056,5944.3896,10170.149,7603.1606,15157.41
16.10918,17.904789,15.866879,16.517353,16.830559,15.046128,13.691348,14.622
43.85181,41.395542,49.925747,29.026218,35.147842,52.74119,32.468407,1e-05
9696.926,9984.78,9921.747,4489.2056,7536.8447,10820.506,7691.981,7954.722
17.214832,17.51139,12.540304,21.42186,18.211237,15.535711,18.937508,15.95
49.697266,45.98784,51.819195,27.610346,38.782734,62.72814,33.38948,1e-05
9732.237,8266.309,9668.051,9312.636,8962.778,10699.037,8695.637,8057.472151938113
12.1209,12.461135,12.540304,13.1266985,13.2130165,11.689476,13.165667,28.052
51.52426,43.353897,51.819195,27.058601,38.547276,53.390896,32.468407,1e-05
10459.74,9754.752,9668.051,7898.8013,9249.576,9117.775,7052.091,7304.189
17.214832,17.516663,15.69966,20.243412,17.842627,15.562607,18.896215,13.085
49.697266,41.395542,52.458923,29.026218,38.002716,59.77503,40.404247,1e-05
9732.237,9984.78,10459.71,6895.24,9336.719,10170.149,8885.786,6257.259
13.399257,12.558883,15.69966,13.1266985,12.76557,11.689476,13.372818,22.909
47.39822,45.69278,52.458923,27.058601,33.819405,53.390896,30.422161,1e-05
8736.36,9754.725,10459.71,7898.8013,7259.697,9117.775,7993.563,8317.638
13.953973,12.818328,14.95204,15.436079,17.283949,15.562607,18.896215,15.323
47.39822,43.353897,51.819195,28.27345,38.782734,59.77503,40.404247,1e-05
8177.3027,9754.752,9072.224,6726.0674,8445.423,9767.75,8301.447,2432.637
11.960134,12.818328,11.784803,13.698244,13.26538,11.457039,12.941106,22.31
43.85181,43.353897,52.458923,28.686037,38.547276,52.74119,33.38948,1e-05
10453.5205,9754.752,10459.71,8663.773,8669.651,11197.006,8690.161,1e-05
3.4217699,3.3516085,3.2378042,2.0231383,2.6709733,3.7195132,3.540122,1e-05
105.20279,127.57352,104.2608,99.971924,102.0201,102.26345,51.38946,281.407
4926.5522,10195.32,10827.347,8591.268,8277.473,11559.436,9219.84,6641.136
3.5564528,2.855437,3.2717164,2.3875182,2.796871,3.7767234,3.540122,1e-05
103.92337,124.28668,103.23109,131.39925,128.68758,113.97125,51.38946,285.122
10880.027,10576.898,10010.747,7743.934,9767.364,10913.64,9219.84,6520.443
3.3918467,2.855437,4.0587277,2.3875182,2.796871,3.6192899,3.540122,1e-05
150.47571,124.28668,209.14375,131.39925,128.68758,168.13005,51.38946,1e-05
10791.251,10576.898,6011.8105,7743.934,9767.364,5930.6333,9219.84,5522.769
2.998958,3.3516085,4.0587277,1.8854901,2.6915495,3.6832807,2.3526518,1e-05
152.63023,127.57352,209.14375,170.89812,161.1956,150.5558,164.07649,1e-05
10584.407,10195.32,6011.8105,8690.198,9593.48,9907.886,9069.258,4051.791
9.2789955,2.855437,7.5325127,7.2387805,7.1335974,8.883677,9.53655,21.969
270.14407,177.65628,209.14375,238.50201,222.72917,126.81879,307.654,492.619
10880.027,10576.898,5836.176,8591.268,9767.364,10913.64,9113.07,6736.985
10.718509,11.0011425,13.902546,17.491331,11.725321,8.883677,12.283697,1e-05
204.51514,213.32384,263.59497,325.21164,223.36119,126.81879,224.52664,500.366
10584.407,9299.1,10800.491,7743.934,9523.885,10913.64,6402.4556,6670.173
7.2663484,2.855437,7.1413994,7.083382,7.2690506,7.134056,7.122942,22.122
229.1371,177.65628,225.30913,260.86658,248.88846,212.28342,254.64278,370.256
5115.047,10576.898,10734.538,8690.198,8277.473,11559.436,9219.84,6609.168
9.2789955,11.551001,13.902546,17.491331,11.89679,11.447105,9.53655,1e-05
270.14407,303.95117,263.59497,325.21164,327.94617,274.38513,307.654,1e-05
10880.027,6445.7437,10800.491,7743.934,9593.48,9907.886,9113.07,4858.654
3.2585006,3.0720732,4.260003,1.8479353,3.2110717,4.3263683,1.9689087,21.892
52.30027,66.943504,59.44382,59.73453,52.753952,57.803375,60.121204,365.174
13311.335,11524.291,12774.942,10692.389,12278.221,14916.905,11556.646,8123.108
7.2663484,9.447095,7.046772,7.3159523,7.2316756,6.9306755,6.9744363,1e-05
143.52176,162.28908,137.97884,146.54619,158.14574,173.56924,142.76035,1e-05
6583.769,11811.708,10903.673,8028.1357,8126.9097,7369.178,10037.789,12322.904
3.2585006,9.447095,4.260003,7.2498813,3.2110717,4.3263683,7.200479,1e-05
52.30027,162.28908,59.44382,120.1833,52.753952,57.803375,125.05989,119.231
13311.335,11811.708,12774.942,11850.654,12278.221,14916.905,11221.475,6189.658
7.0795064,7.096386,4.260003,7.258,3.2110717,7.1792994,7.2738924,1e-05
157.92992,149.93364,59.44382,147.34314,52.753952,126.81879,142.6215,1e-05
11507.525,11171.6455,12774.942,10330.2,12278.221,11480.946,9948.893,11781.66
5.2314496,6.6939144,9.076849,5.1706123,5.86299,6.6256714,6.582008,1e-05
66.895256,142.43755,215.48961,70.83854,160.51749,116.321014,147.26624,1e-05
7333.3486,2920.4165,7326.5576,2292.9402,5698.643,8554.178,4884.607,1688.558
6.276685,4.9866652,9.076849,4.386363,5.86299,5.923668,6.3419995,8.15
152.4969,118.40628,215.48961,123.915855,160.51749,146.59694,161.3837,114.65
2513.7256,6668.759,7326.5576,4294.676,5698.643,8509.284,5216.8745,1639.534
6.276685,5.408748,9.076849,6.496296,6.5677776,5.923668,6.3419995,1e-05
152.4969,64.15737,215.48961,149.69853,145.1,146.59694,161.3837,1e-05
2513.7256,6657.8975,7326.5576,4289.269,2855.1675,8509.284,5216.8745,1581.602
5.2314496,5.408748,4.7759557,5.1706123,3.9869907,4.4767795,3.8717837,10.57
66.895256,64.15737,55.465786,70.83854,45.295982,67.098595,64.531395,381.814
7333.3486,6657.8975,7532.8887,2292.9402,4427.311,7695.923,4898.736,1739.724
12.598019,12.98534,12.766222,17.491331,13.7993,11.598193,6.8843126,1e-05
70.90204,66.57627,69.75216,36.160942,57.786972,67.098595,64.531395,1e-05
2513.7256,6946.3506,2903.2607,5073.904,2855.1675,8755.814,6208.199,1290.721
3.8462484,4.023735,4.260003,3.5201628,3.530574,5.730628,6.8843126,20.99
62.81915,55.789757,69.93677,50.785187,59.583,74.73666,64.531395,1e-05
7333.3486,6657.8975,7326.5576,4396.3184,5844.9053,8509.284,6208.199,1162.139
7.2663484,11.419792,8.506351,8.001489,8.518663,10.726797,10.505733,11.97
61.493317,64.93681,94.12645,65.602264,137.89279,94.57692,48.454704,1e-05
1597.5613,6515.8506,6196.225,3978.2378,2212.5806,7509.7686,4260.3013,1e-05
7.7939377,7.4693117,7.49809,8.001489,7.8916316,6.572073,8.280137,9.79
65.77645,69.12599,59.66132,47.055553,59.000298,71.48943,34.36832,1e-05
6638.9478,5155.7,6012.184,3977.4849,3961.9832,8021.8794,4138.6797,1e-05
8.165267,8.663707,6.554324,8.36678,7.1957855,6.572073,6.394598,8.66
52.30027,53.27571,56.52342,39.009167,41.040993,71.48943,34.48135,1e-05
7333.3486,6946.3506,7678.8745,4294.676,5698.643,8554.178,2240.999,1e-05
7.402235,7.4693117,8.1213,8.288471,3.8091042,8.01892,8.236023,6.39
65.77645,69.12599,95.58864,36.686337,59.03576,78.69984,44.6216,1e-05
7379.255,5886.0596,2503.4656,1762.2603,2212.5806,7851.4985,4884.607,1e-05
7.1596756,9.798734,8.808263,11.054321,10.230844,9.606949,10.754719,17.42
59.09494,69.12599,114.43238,42.65241,57.881416,61.340446,37.847992,1e-05
6848.346,5386.175,7147.1577,1499.0593,4782.599,7711.622,4115.165,1e-05
6.871484,9.034747,6.572713,7.8768926,11.432301,9.726748,9.600517,13.81
93.0597,45.260925,120.96443,103.736534,41.109417,75.374374,57.28772,1e-05
7390.044,4164.7314,7532.8887,4347.0576,4136.0103,7695.923,2542.7578,1e-05
5.034361,7.7492623,11.345185,8.962653,11.903477,9.072673,6.2275786,4.5
450.05423,295.27435,249.47066,612.9776,397.29398,194.15633,538.09045,1e-05
6429.0244,2180.1807,2289.3513,1564.6881,5124.763,2874.552,4789.1626,1e-05
9.025538,9.511988,9.012249,9.143853,5.00197,8.487117,4.2128997,3.338
159.91687,174.94257,164.19214,179.86244,98.75126,149.78229,99.523994,54.429
8777.908,8586.857,8816.127,7308.183,5413.3267,9333.473,4994.3257,1078.702
5.071264,4.9580154,4.8818784,4.859866,5.00197,5.245529,4.2128997,11.41
77.311035,89.9783,76.854675,79.49633,98.75126,90.635376,99.523994,231.423
7474.388,2213.4812,7284.897,3445.7537,5413.3267,8393.914,4994.3257,5332.687
6.60373,6.662425,6.171514,4.941934,5.0369015,5.7987094,4.1626062,4.941
154.92021,160.3206,158.52258,173.48776,172.21687,162.24574,134.9222,143.268
23368.256,23521.92,16604.02,25315.729,23195.916,19696.191,4316.2124,90419.726
6.165842,5.4318347,5.5315843,4.792682,3.9061708,6.234458,4.1626062,6.286
127.26101,129.26608,131.96765,128.26387,131.6147,122.121155,134.9222,217.305
45492.824,46251.06,44682.625,58171.246,47196.914,42152.66,4316.2124,34883.02084775767
2.7985232,2.6616378,2.714921,1.7995872,1.943438,3.4210784,3.7937577,1e-05
129.4902,118.09451,121.40236,52.288174,128.76192,109.68474,121.04319,150.0
6582.9683,2169.122,6546.718,3738.538,4895.618,2716.386,4347.2617,1e-05
2.843079,2.2893958,2.934056,1.5986358,1.9882873,3.3270571,1.8622066,1e-05
243.96002,182.33711,183.95859,182.0871,166.61266,149.2511,170.6575,250.0
1686.8251,5076.2583,6892.5264,1305.7277,3849.4104,6623.9185,3871.6465,1e-05
3.148358,2.6616378,3.6191204,2.3525407,2.8668883,4.9157248,1.8059007,1e-05
164.19199,61.17048,262.849,117.82402,86.086685,133.35762,220.86314,400.0
7806.0117,5908.7153,4634.774,4202.1934,5452.2905,8452.246,4347.2617,1e-05
2.668215,2.4667203,3.398103,1.4580647,1.9882873,3.2323368,1.8767227,1e-05
130.87424,217.05992,250.12964,34.103745,100.56131,87.858574,82.63402,1e-05
9708.466,9098.373,7680.35,6091.168,8313.509,13963.182,2542.7578,6700.0
2.843079,2.2893958,2.934056,1.5235687,2.1521742,3.2737215,1.8073633,1e-05
113.49196,128.15912,111.79264,110.79784,47.44425,120.17371,132.2105,108.0
1686.8251,5307.2207,6892.5264,4158.1646,18373.148,8298.596,5501.236,1e-05
2.668215,2.5408943,2.7372513,1.5986358,2.1521742,3.2323368,2.3172183,1e-05
126.82556,102.521645,127.24903,121.191345,47.44425,106.639725,129.96509,134.0
6430.3804,8514.006,6740.934,1313.3627,18373.148,8150.8516,4276.9097,1e-05
2.843079,2.5408943,2.934056,1.5756148,2.1521742,3.2737215,1.8767227,1e-05
113.49196,102.521645,134.68777,76.64396,47.44425,84.57281,130.59569,138.0
1686.8251,8514.006,6892.5264,13733.7,20297.078,11560.166,1984.5837,1e-05
2.3833098,2.4667203,2.8353326,1.5986358,1.9882873,3.3270571,1.8767227,1e-05
138.25993,133.59508,134.47197,121.191345,139.83003,136.48257,140.54512,154.0
6622.3267,6127.5913,6084.386,1305.7277,3849.4104,6623.9185,1984.5837,1e-05
2.668215,2.6616378,2.7372513,1.2873954,2.100578,3.2737215,1.8429672,1e-05
132.75142,132.15793,129.49416,168.7947,139.38434,129.95726,167.48935,157.0
6430.3804,2169.122,6739.929,3354.7117,2090.63,7781.826,4010.0276,1e-05
2.843079,2.6616378,3.1195576,1.4580647,2.1521742,3.2245836,1.8767227,1e-05
243.96002,222.00717,186.28397,201.93701,200.38322,195.107,228.41689,189.0
1686.8251,2169.122,2377.5723,3738.538,5000.4165,2716.386,1984.5837,1e-05
2.668215,3.4045043,2.714921,1.5986358,1.943438,3.2404804,1.8767227,1e-05
71.98778,117.96423,70.26059,23.04604,157.55324,106.54569,63.776848,1e-05
6430.3804,2169.122,6546.718,1313.3627,4895.618,2716.386,1984.5837,50000.0
2.843079,2.5408943,2.7372513,1.5986358,4.6791224,3.2245836,1.8767227,1e-05
109.86683,254.41417,223.26503,23.04604,149.3641,221.08562,196.65245,442.0
22072.814,12487.515,17990.035,1305.7277,27733.516,2716.386,2016.5717,1e-05
2.3833098,2.4667203,2.7372513,2.3434396,1.9038876,3.2323368,2.19971,1e-05
145.69005,159.53401,167.74336,201.31139,152.65771,142.68883,151.52237,152.0
6525.1416,6252.04,6826.3594,3793.4336,4930.671,7988.9614,4192.664,1e-05
2.6644475,2.4667203,3.2378042,2.3434396,3.6905353,3.591939,1.9777086,1e-05
112.77089,158.06592,156.29494,204.35097,136.24536,127.27181,160.26738,175.0
6906.5654,6252.04,6997.2793,3793.4336,4603.5195,2789.3572,2090.4814,1e-05
2.6644475,2.2893958,2.9196746,1.6974033,2.5627794,3.2737215,3.7937577,1e-05
129.08969,167.93504,138.66174,159.96681,118.03567,155.57674,136.39938,233.0
6906.5654,5209.1616,6274.8486,3713.3782,3997.606,7908.525,4260.3013,1e-05
6.3264613,2.380483,2.9196746,1.8080695,2.1396887,3.1786616,2.2299824,1e-05
195.10812,190.68544,169.42134,214.23833,173.52144,184.03394,251.96417,316.0
6607.924,6208.9536,6274.8486,3713.3782,2034.1151,7273.89,4192.664,1e-05
2.3833098,2.9254303,3.2915435,1.6974033,2.5627794,3.2323368,1.8696177,1e-05
144.46872,128.9178,124.85123,146.93665,136.29134,140.31566,146.35852,142.0
6525.1416,6252.04,6274.8486,3720.6487,3997.606,7988.9614,2090.4814,1e-05
2.6530893,2.5925355,3.2915435,1.3883268,1.9573517,3.1786616,1.8002554,1e-05
149.742,137.54936,141.95337,123.739624,134.18858,119.46829,125.82439,192.0
6906.5654,2230.459,6274.8486,3793.4336,5138.7725,7273.89,3927.1553,1e-05
4.9046154,2.380483,3.3448493,1.8156039,2.5627794,3.657316,3.973507,1e-05
341.68597,190.68544,78.94022,298.84985,257.50827,101.28489,227.95729,231.0
6607.924,6232.3687,2191.1997,3120.8435,3997.606,6959.282,4260.3013,1e-05
5.9578447,6.319043,6.0359507,5.4237256,7.613036,6.9564767,5.1380553,1.728
159.38573,99.08476,93.771286,86.92483,177.77484,51.3319,76.300095,1e-05
6418.376,5989.6997,5999.865,3447.996,3762.4988,7133.7607,4210.529,1e-05
6.145202,5.43465,6.345277,5.134741,5.3471622,7.006117,6.7769074,3.425
60.468357,41.868755,93.771286,70.75055,31.585152,56.894478,36.88236,1e-05
6354.2383,5973.7466,5999.865,3447.996,4741.153,2716.386,3964.3381,1e-05
8.33095,8.501852,7.961647,7.9717083,8.234391,7.472703,7.9630227,3.425
48.528587,42.871162,52.806137,37.019012,40.11255,54.389854,32.89791,1e-05
2341.779,2169.122,7849.4614,4174.5776,4487.6113,8292.673,1982.3457,1e-05
9.653165,5.2167664,4.963639,6.548662,12.1501255,5.8864565,5.9803195,9.446
49.11775,41.717285,50.16922,36.98207,31.585152,51.3319,36.921867,1e-05
6457.145,5164.093,6546.718,3546.5942,4871.5825,7133.7607,4240.6226,1e-05
6.636268,5.9878755,7.0493855,6.038258,6.121989,6.4248676,5.5398917,4.915
159.38573,103.49853,115.71759,103.663086,160.89294,97.658424,101.59829,75.482
6418.376,2169.122,2216.2493,3231.9866,3762.4988,6541.7866,1967.1033,2051.79
6.3866496,7.647687,6.3337793,5.469715,6.0645556,7.6056805,6.8548784,5.905
95.24518,95.9642,78.84753,83.77848,63.595337,96.70111,93.19339,120.031
6452.9985,5973.7466,5999.865,2848.8096,4895.618,2716.386,3798.543,1e-05
7.088779,5.4614525,5.312583,5.647642,6.2026496,7.6300874,6.1115704,8.716
104.76267,86.33485,78.84753,67.25925,112.20707,105.98077,56.519768,93.303
7056.7627,5652.676,7081.575,4355.6523,5851.1875,8800.824,5428.4673,1e-05
8.606015,8.623292,7.924757,8.870272,12.1501255,7.3354793,8.2836485,5.729
106.42114,103.830345,106.10603,103.52554,112.20707,107.59958,104.77572,51.008
6430.3804,6015.164,6778.582,3452.7603,4871.5825,6541.7866,4001.179,1e-05
8.228008,3.776094,7.792295,7.085441,4.1489143,4.69329,5.4208784,24.99
70.73114,71.79739,102.570335,74.71054,69.75781,88.81276,50.361485,1e-05
6450.073,5020.3013,6677.6265,3485.3708,4939.5977,6623.9185,4042.0427,1e-05
5.7807956,16.45841,14.071646,7.0338197,3.295494,5.025408,5.754209,1e-05
179.3925,70.350464,68.70314,47.87206,174.24512,219.99907,54.11981,48.77
1737.911,2178.2446,2191.8271,3269.8567,4868.655,7686.1787,4054.961,1e-05
5.3218374,8.294005,14.071646,9.626975,7.687301,9.561857,9.934232,1e-05
48.588562,303.24582,53.86394,81.47777,58.29871,240.88908,78.49871,53.85
6354.2383,6013.7515,2191.8271,3390.2976,3840.4329,7167.902,2046.2396,1e-05
5.3218374,5.388363,3.5630705,5.3477497,2.681978,6.7135158,7.459991,16.383
63.32042,60.47763,46.097332,314.3208,250.58801,90.313354,55.0052,548.755
6354.2383,5973.7466,6540.343,2079.385,5366.6973,6623.9185,4054.961,1e-05
5.3218374,3.9324381,11.357504,9.275978,11.269967,8.007491,7.459991,1e-05
63.32042,60.47763,264.7901,357.23584,243.03958,259.90283,55.0052,483.919
6354.2383,5973.7466,2191.8271,3390.2976,1949.2821,2716.386,4054.961,11191.801
7.331281,7.6063676,7.5852346,9.504893,7.1777487,8.790449,8.133499,12.2
54.046284,45.119583,69.93677,49.401592,80.88075,63.178276,54.66152,1e-05
7474.388,7081.6665,7486.311,4228.4375,5795.07,8393.914,5421.0557,1e-05
10.540844,10.4739895,10.116881,12.516589,13.218593,10.340197,12.534763,10.9
162.65738,184.0444,74.662415,156.38097,92.845634,91.24817,190.8164,1e-05
8241.793,7979.796,7808.8516,6993.5083,7492.6543,9072.468,5834.6533,1e-05
4.483159,4.959063,7.924757,5.604131,7.8912916,7.168878,3.4378648,10.5
70.90204,105.18258,70.53757,100.09068,89.37376,143.76044,99.523994,1e-05
1830.4064,6089.8906,7808.8516,4620.2954,2333.8245,7821.839,4994.3257,1e-05
5.8340597,4.959063,6.3242507,5.45218,5.491393,6.294281,6.704951,9.9
65.67607,41.717285,55.164936,151.48117,50.433,92.25648,27.799953,1e-05
7480.2544,6089.8906,2589.5461,4620.2954,5909.054,8675.009,4934.3257,1e-05
8.454126,7.217743,6.655894,6.877708,5.4560738,6.786449,6.480321,8.093
107.47707,109.74204,170.99838,120.88368,182.10368,94.07739,88.08094,296.793
45349.906,69168.945,65556.39,78388.58,74134.22,50295.777,90280.164,133722.391
7.51543,10.097973,10.243609,13.446818,6.87467,6.786449,12.999992,6.08
169.60788,108.9416,188.9457,225.03438,199.31839,134.57906,217.28958,189.9
69081.34,56950.562,55276.87,63235.35,78618.69,50295.777,61037.1,208361.201
5.440565,5.257739,6.1781774,6.2575603,9.300342,5.7065644,4.1623693,6.148
120.72352,93.823074,313.63644,96.599,174.5661,105.51422,133.48465,245.251
45349.906,47231.516,46401.83,59046.523,53389.406,41790.73,55099.086,116127.497
7.429199,4.7599187,6.462071,6.6061945,4.2148604,5.663738,6.177667,6.238
183.80841,148.95628,155.9459,216.92593,199.31839,174.39902,175.02538,290.916
69081.34,93895.695,86895.52,107164.7,78618.69,80352.27,90280.164,76930.347
10.252017,11.868934,10.229384,8.803282,9.356897,9.393942,7.536403,7.139
198.97054,203.47952,134.75044,171.33272,33.058952,190.27505,28.430084,102.848
7322.3896,6540.21,7284.897,3445.7537,5413.3267,8393.914,5890.763,2246.406
5.9219084,8.580221,6.4361496,10.287566,9.865327,8.709503,8.006312,19.542
155.30048,152.76456,155.38354,155.92738,33.991905,112.559296,162.26611,266.845
1957.4761,6903.753,7808.8516,3445.7537,5413.3267,7821.839,4934.3257,4936.797
6.58999,8.690922,5.4586687,6.3816047,8.669408,6.43714,8.0819645,3.162
198.4913,174.94257,195.4731,176.2386,122.11739,158.54854,78.35195,84.495
2141.1233,6903.753,7808.8516,3445.7537,5795.07,7821.839,5890.763,1065.889
6.9645696,6.7420263,5.940793,5.7906756,8.749753,6.6674004,7.6918745,3.849
198.97054,176.22926,195.60779,215.12093,31.585152,169.65674,29.639883,215.78921338164065
7322.3896,3286.6238,7009.7847,5037.4087,5413.3267,3577.111,5890.763,1e-05
5.412523,7.8418913,9.3837385,4.6905966,9.208489,7.4071875,8.931415,10.0
56.971844,57.76928,52.280426,39.235542,47.03588,152.85132,62.655968,1e-05
6418.424,6013.7515,6748.799,2831.1003,1949.2821,7133.7607,2046.2396,1e-05
9.420155,7.8418913,9.200606,7.7282996,9.769383,7.4071875,6.871726,11.5
47.985832,57.76928,60.36663,23.68125,40.148872,152.85132,33.93885,1e-05
6452.9985,6013.7515,5999.865,1264.0956,3792.495,7133.7607,3974.7493,1e-05
10.128028,10.102841,9.200606,10.548121,10.016662,8.092814,9.30946,10.5
61.344196,51.17804,60.36663,39.43418,43.295143,62.815006,29.639883,1e-05
1587.3943,5643.2617,5999.865,2827.027,4937.0513,2716.386,3797.5103,1e-05
3.2882755,7.014131,3.9285512,2.3842857,3.1352093,3.3819714,5.4612174,12.5
78.49458,69.019394,76.32164,64.981766,72.97662,110.54495,68.06242,1e-05
6452.9985,6013.7515,5999.865,3254.2463,1949.2821,7133.7607,3974.7493,1e-05
3.827733,2.7003758,3.2196186,2.310003,2.566878,3.3819714,2.170804,11.8
119.88281,373.54135,346.9901,453.67215,408.589,206.98972,421.098,1e-05
6450.073,5013.001,6748.799,3447.996,4483.924,7133.7607,2046.2396,1e-05
4.432142,4.388251,7.0126634,3.67392,3.1650827,4.7031054,3.9234228,11.9
108.77024,86.18211,232.36429,107.37674,79.04038,117.46116,137.7633,1e-05
1587.3943,2178.2446,2191.8271,2827.027,1949.2821,2716.386,4271.559,1e-05
9.0618305,9.125859,7.0126634,10.312179,9.66485,8.723786,9.436149,1e-05
52.595203,58.493683,232.36429,22.940327,57.54779,113.48981,36.913734,94.539
6450.073,6013.7515,2191.8271,1264.0956,4937.0513,7133.7607,2046.2396,1e-05
3.827733,9.34157,9.232562,9.437483,9.705855,8.436235,9.37573,1e-05
119.88281,62.876225,54.694313,45.464417,57.19558,60.963646,45.308197,725.19
6450.073,2178.2446,6659.8066,3390.2976,1949.2821,7594.669,3797.5103,1e-05
6.711771,7.014131,9.988916,5.9572554,6.5439615,6.7661633,8.642034,1e-05
76.95777,69.019394,66.93354,50.624954,55.474995,132.37132,189.0282,186.161
6418.424,6013.7515,2191.8271,2827.027,3792.495,6544.5693,4130.4663,1e-05
8.879074,7.014131,9.988916,7.8192153,9.807045,8.242886,8.642034,1e-05
53.414238,69.019394,53.71716,31.226849,42.036835,50.422337,36.197113,55.942
6354.2383,6013.7515,2191.8271,1264.0956,4744.1323,7686.1787,4130.4663,1e-05
8.004333,9.640954,8.174792,7.014868,10.016662,8.807598,9.571468,6.884
56.971844,51.17804,47.55225,44.092777,43.295143,50.422337,36.197113,47.836
6418.424,5643.2617,6659.8066,3254.2463,4937.0513,7686.1787,4130.4663,1e-05
8.645527,9.014842,9.043016,9.448812,9.406431,9.561857,9.157447,11.886
53.414238,57.76928,52.77455,28.260605,47.03588,110.54495,36.197113,1e-05
6354.2383,6013.7515,6655.9404,3254.2463,1949.2821,7133.7607,4130.4663,1e-05
4.311072,2.9038408,3.5444603,3.7334018,3.63202,3.7031887,6.1121697,1e-05
105.711266,59.116234,104.48441,35.4426,89.49494,153.72884,190.16531,42.9
1750.9424,5209.1616,2191.1997,1388.7217,5138.7725,7988.9614,44530.496,1e-05
3.0110302,2.838134,3.5482433,2.251655,2.7543805,3.7031887,6.1121697,1e-05
108.64932,78.08041,105.37984,130.12405,97.4908,98.0367,190.16531,89.0
7024.8906,6252.04,7126.2734,5100.516,6622.666,7988.9614,44530.496,1e-05
4.2938824,3.3011036,4.1629577,2.980775,4.5094504,4.8577876,8.554713,1e-05
128.1588,101.60751,103.963234,159.50569,105.56794,109.85091,167.35382,99.0
1750.9424,11273.477,6274.8486,5100.516,12084.722,7908.525,44530.496,1e-05
3.062015,3.4273343,3.7029986,3.9595776,2.3902168,4.5292068,6.705567,1e-05
87.701706,90.24028,84.91772,93.19002,81.354744,98.067986,89.35536,104.405
6354.2383,5989.6997,5999.865,3499.3438,4741.153,7133.7607,3964.3381,1e-05
3.3918467,2.9006531,3.633931,2.1086402,2.6915495,4.5292068,3.3728073,1e-05
88.657234,85.5662,99.59389,95.94637,84.97061,98.067986,96.70616,87.5
6452.9985,5973.7466,6748.799,3231.9866,4487.6113,7133.7607,3798.543,1e-05
3.6956618,2.919979,3.7029986,3.9595776,2.814879,3.7174625,3.3728073,1e-05
104.01607,93.39475,84.91772,93.19002,91.709366,104.832825,96.70616,60.715
6418.376,5641.9497,5999.865,3499.3438,3762.4988,2716.386,3798.543,1e-05
3.6956618,3.4273343,3.633931,3.9595776,2.3163817,3.9348404,6.705567,1e-05
104.01607,90.24028,99.59389,93.19002,94.62154,105.88815,89.35536,49.165
6418.376,5989.6997,6748.799,3499.3438,4895.618,6541.7866,3964.3381,1e-05
11.643143,7.2796454,6.1785088,8.279479,8.039271,4.2114425,9.476284,11.0
72.808914,101.134895,149.24364,43.24062,37.818367,85.7355,40.484684,1e-05
7813.107,14636.108,6012.184,9202.151,6467.228,7739.7153,8378.087,1e-05
8.892164,3.3516085,8.307223,8.723726,8.922151,4.4902244,4.4427567,1e-05
252.00641,203.86444,103.50329,98.72668,98.7168,107.46127,101.73032,92.698
6484.858,5969.313,2408.4006,3483.91,2212.5806,2865.443,4260.3013,3056.991
3.4743261,8.024588,7.827812,14.845896,8.068849,7.4046903,3.6628764,11.069
92.05385,183.27676,105.87534,84.83104,53.752773,101.306526,48.200783,90.34
7740.2246,6517.1626,6852.539,3454.4165,5076.722,8348.613,4699.234,1145.379
6.771577,7.11578,6.8479643,6.9611077,7.1163626,6.921689,6.8217545,6.97101
43.675667,40.454506,45.39703,22.284483,31.193182,53.081203,30.13987,1e-05
6430.3804,6015.164,6978.387,1287.7188,2556.5977,7195.7188,4114.998,1e-05
7.6443267,7.756298,6.868313,7.12325,7.3704224,6.3093944,7.0256634,7.11151
42.93951,41.717285,45.39703,22.02681,30.607172,48.349216,30.880585,1e-05
6427.115,5245.579,6978.387,3496.5996,4895.618,8174.769,3941.8206,1e-05
9.728549,7.008951,7.513522,6.859913,8.057425,6.550044,7.473179,8.37939
45.720196,39.574352,45.917675,23.37817,31.664236,48.349216,29.405272,1e-05
6640.854,5803.727,6837.2676,3375.0508,4861.5645,8174.769,4260.3013,1e-05
9.406654,7.008951,7.6416674,6.859913,9.071007,8.622337,8.428802,8.90616
45.720196,39.574352,45.459908,23.37817,32.60222,53.081203,27.943636,1e-05
6640.854,10238.748,3968.8015,6808.486,8747.712,11875.711,1984.5837,1e-05
9.803116,8.401029,7.6416674,1.708292,9.17901,8.5532875,8.504167,10.17328
51.997353,52.679943,50.271908,23.04604,95.661995,57.41683,33.77436,1e-05
7176.106,6946.3506,2503.4656,4241.145,7831.4775,8509.284,5216.8745,1e-05
8.593823,8.294202,8.378204,1.708292,9.17901,7.218277,8.706778,10.17328
115.18691,46.69951,52.398064,23.04604,134.7278,51.818096,31.254581,1e-05
7390.044,6657.8975,7326.5576,4241.145,7831.4775,8554.178,4884.607,1e-05
3.6924634,3.8451118,3.7214222,2.796143,3.2052968,4.1408296,2.9457333,1.80886
44.329845,40.865864,45.39703,21.979593,32.60222,51.347706,30.075684,1e-05
1612.6444,6138.1704,7227.1333,1331.7172,4064.45,7686.1787,4127.979,1e-05
3.6367698,3.2615764,4.033813,2.8062418,3.229585,3.8803844,3.1214445,1.77312
41.173252,37.286102,45.459908,25.873669,31.664236,53.413643,27.799953,1e-05
6712.934,5973.7466,2252.1099,3591.4995,4836.643,2716.386,4490.2305,1e-05
3.6924634,3.4717326,3.544575,2.8062418,3.4712622,3.8819494,3.1214445,1.84736
44.329845,39.800404,45.02106,25.873669,31.193182,53.504227,27.799953,1e-05
1612.6444,2169.122,6049.1934,3591.4995,2714.48,7672.6187,4490.2305,1e-05
3.6367698,3.2298985,3.7214222,3.1350973,4.6791224,4.1408296,2.3993616,1.86588
41.173252,228.99971,45.39703,166.05807,31.193182,158.37468,29.405272,1e-05
9411.963,6969.3325,11254.533,6199.897,2807.7852,7686.1787,4316.2124,1e-05
7.021979,7.3492355,7.467212,7.3152995,6.8813953,7.05703,7.0256634,6.66909
41.320316,41.717285,45.917675,28.220327,33.274837,61.708637,32.986958,1e-05
6517.18,5035.8623,6785.913,3496.5996,4779.6196,7711.622,3880.1243,1e-05
7.0974317,7.290339,7.453701,7.2661257,7.0533924,7.317877,7.397924,6.82051
47.22137,40.175465,45.917675,25.100664,32.60222,49.16961,29.405272,1e-05
1597.5613,2169.122,6785.913,3550.1301,3869.0134,7678.1943,4260.3013,1e-05
8.275642,6.9657917,7.621287,7.8096647,7.7525473,7.522873,7.8338704,7.53711
46.00816,41.717285,46.859528,22.45507,36.367283,53.413643,29.80738,1e-05
6430.3804,5035.8623,6546.718,2860.364,4536.2275,2716.386,3976.111,1e-05
8.275642,7.294436,7.0668263,7.462085,7.130728,7.1454177,7.3853493,8.23603
46.00816,40.454506,44.642616,24.718637,33.274837,53.491215,32.986958,1e-05
6430.3804,6004.806,5996.551,1287.7188,4779.6196,6609.739,3880.1243,1e-05
9.757323,9.546199,9.322929,10.152732,10.240552,10.083112,10.224855,9.62679
47.22137,40.175465,45.480415,25.100664,31.193182,61.708637,32.986958,1e-05
1597.5613,2169.122,6705.8374,3550.1301,1983.606,7711.622,3880.1243,1e-05
10.593873,9.546199,8.13784,10.152732,9.927771,10.083112,8.2482395,11.75596
45.720196,40.175465,44.642616,25.100664,36.367283,61.708637,29.80738,1e-05
6475.236,2169.122,5996.551,3550.1301,4536.2275,7711.622,3976.111,1e-05
9.634311,9.723636,8.8782215,10.266014,10.065962,8.993522,8.2482395,12.57501
46.00816,40.454506,46.859528,23.684448,33.274837,48.420345,29.80738,1e-05
6430.3804,6004.806,6546.718,3256.2898,4779.6196,7155.785,3976.111,1e-05
3.810096,3.4404657,3.7919347,2.8148973,3.229585,3.8803844,3.2260873,1.75755
45.720196,39.574352,44.935986,22.930292,33.274837,53.413643,29.757286,1e-05
6512.6216,5905.9746,6001.099,3485.3708,4836.643,2716.386,3917.155,1e-05
3.6924634,3.649566,3.6555326,2.640556,3.1119184,3.9668581,3.1288981,1.75755
47.22137,39.48385,45.917675,26.2836,31.193182,53.491215,30.493366,1e-05
1612.6444,2169.122,6756.13,3707.4531,1913.3722,6609.739,1969.3413,1e-05
3.810096,3.8451118,3.8583875,2.640556,3.2052968,3.8150494,3.1214445,1.8362
45.720196,40.865864,45.621685,26.2836,32.60222,49.16961,27.799953,1e-05
6512.6216,6138.1704,2216.271,3707.4531,3831.9778,7631.5234,4490.2305,1e-05
3.810096,3.8451118,3.7716124,2.764243,3.1119184,4.1408296,3.2260873,1.68038
45.720196,40.865864,46.34456,23.684448,31.193182,52.570774,29.757286,1e-05
6512.6216,6138.1704,6575.9727,3490.0364,1913.3722,7686.1787,3917.155,1e-05
3.810096,3.491238,3.7919347,2.796143,3.2052968,3.8803844,3.1214445,1.7754
45.720196,41.717285,44.935986,22.284086,32.60222,53.413643,27.799953,1e-05
6512.6216,5020.3013,6001.099,1331.7172,3831.9778,2716.386,4490.2305,1e-05
7.5343895,7.8058147,8.090328,7.7986417,7.6706114,7.203591,7.1020527,7.97921
41.173252,39.800404,49.245556,22.284483,33.7905,48.420345,28.57309,1e-05
6517.18,2169.122,2211.3115,1295.876,5006.977,7155.785,1987.2185,1e-05
7.4418483,6.862432,8.090328,9.789424,6.895386,7.05703,9.778144,8.14147
46.87765,40.81927,49.245556,24.370113,31.664236,51.347706,30.880585,1e-05
6482.0903,5642.035,2211.3115,3272.8909,4841.0757,7711.622,3872.8394,1e-05
9.634311,9.521655,10.626224,7.731816,10.065962,7.426134,11.157777,12.25983
43.675667,39.800404,44.642616,24.198187,31.664236,56.80048,35.427334,1e-05
6419.8594,2169.122,5996.551,3550.1301,4841.0757,6609.739,4259.644,1e-05
9.639163,10.4739895,11.146836,15.697778,15.260062,9.197177,11.237323,16.25142
42.659004,39.673737,44.814415,22.245768,33.7905,53.106678,28.57309,1e-05
6427.115,5629.029,2211.3115,3483.91,4477.1206,2716.386,1987.2185,1e-05
9.905023,12.553025,7.190244,13.528001,11.187548,7.61598,10.049783,17.61427
115.18691,39.6667,45.072163,31.900702,110.18026,58.321697,50.133755,1e-05
7390.044,2304.8342,7678.8745,3966.2812,5844.9053,2865.443,5216.8745,1e-05
3.901518,3.491238,6.084345,2.8087664,3.1492822,4.1408296,3.4479253,1.97364
49.1861,41.717285,65.238075,24.370113,33.74312,51.347706,35.427334,1e-05
6512.6216,5020.3013,6818.2163,3490.0364,5107.5923,7686.1787,4315.555,1e-05
3.6247091,3.7040215,6.084345,2.9014668,3.1492822,4.1408296,3.247074,1.96044
44.329845,39.800404,65.238075,22.45507,33.74312,51.347706,28.430084,1e-05
1612.6444,2169.122,6818.2163,2860.364,5107.5923,7686.1787,3917.155,1e-05
3.901518,3.7040215,6.084345,3.4416697,3.2350786,3.8590772,3.4479253,1.97364
49.1861,39.800404,65.238075,22.02681,31.510885,48.349216,35.427334,1e-05
6512.6216,2169.122,6818.2163,3707.4531,1913.3722,7631.5234,4315.555,1e-05
3.7071846,3.442623,6.084345,5.3100743,6.3838267,6.0964108,3.1214445,2.13915
45.872612,40.655125,55.275646,24.537922,33.74312,48.349216,27.756369,1e-05
6419.8594,7479.7886,10905.678,3485.3708,4808.6475,7631.5234,4490.2305,1e-05
6.4998474,3.9601805,5.484007,6.0801673,5.187555,5.8593245,5.467184,1e-05
80.3233,176.81058,159.00073,250.385,281.2016,154.18526,165.53488,248.327
9094.686,8110.1685,23852.145,6515.584,6985.0127,8051.7944,6842.3364,1e-05
6.4998474,5.880044,6.6772346,6.0801673,4.1532607,5.8593245,4.0518227,1e-05
178.73885,173.41676,187.93095,188.54599,239.17575,158.0857,237.84679,55.504
9094.686,8780.341,4283.357,6515.584,4732.598,7864.35,4790.407,2395.542
5.588703,5.201081,6.0520077,8.234965,10.540675,4.529308,4.665538,27.177
170.76535,264.4249,188.60243,181.60934,196.1582,198.6187,217.64929,1e-05
6424.024,5028.5625,6546.718,3437.548,3799.5354,2716.386,4240.6226,1143.554
9.476234,10.589871,13.517995,10.257355,15.3671465,13.821285,16.705132,13.908
170.67413,130.77026,52.632744,181.60934,77.07642,68.50297,57.35967,254.612
6424.024,5028.5625,5995.317,3437.548,4895.618,7641.34,1982.3457,1e-05
13.656392,12.637651,13.517995,10.274487,2.814879,13.695412,13.222594,13.681
49.11775,50.343407,52.632744,51.095486,35.184444,93.02111,61.405254,256.293
6457.145,6004.806,5995.317,3379.905,3799.5354,6541.7866,3969.4539,1e-05
13.656392,9.5704,11.554377,18.201569,10.76982,6.5165834,15.028541,12.294
49.11775,187.76422,171.49283,63.12639,166.81383,93.02111,187.21199,1e-05
6457.145,5641.9497,6546.718,3568.6606,4812.575,6541.7866,1982.3457,1e-05
9.476234,9.5704,6.366007,10.274487,10.167622,6.5165834,11.349963,22.953
68.53972,187.76422,54.026787,36.009857,166.81383,93.02111,71.39763,1e-05
6424.024,5641.9497,6778.582,3233.8125,5153.659,7039.1577,4145.999,1e-05
5.2098236,5.201081,5.2693663,4.655392,5.1650395,5.2317877,4.9621077,5.555
104.01791,105.008995,103.665215,100.59459,89.9314,81.748566,90.82097,864.446
7953.8433,6309.6406,7392.8438,5599.6826,6664.5044,9009.418,6132.008,11568.104
4.41008,5.880044,3.7604775,6.0801673,5.1650395,5.2317877,5.467184,2.748
182.60493,173.41676,177.62389,188.54599,89.9314,81.748566,167.65094,175.349
3833.467,8780.341,9228.019,6515.584,6664.5044,9009.418,6842.3364,1e-05
4.41008,3.9601805,3.7604775,3.4550958,4.1532607,4.4597316,4.0518227,18.359
182.60493,176.81058,177.62389,204.9998,239.17575,198.6187,237.84679,1e-05
3833.467,8110.1685,9228.019,4121.0806,4732.598,5202.206,4790.407,1491.723
5.588703,6.9917994,5.484007,4.810298,5.4214067,5.3145933,4.8386035,4.9
169.97545,211.30876,159.00073,177.18265,193.76073,152.78644,171.79042,180.32
8354.077,4694.194,8446.601,4340.242,6568.5103,9259.477,5613.662,7695.8
6.4998474,6.9917994,6.6772346,4.517007,5.4214067,4.4597316,5.216203,2.324
178.73885,211.30876,187.93095,181.60934,193.76073,198.6187,180.52606,88.607
9094.686,4694.194,4283.357,6363.5283,6568.5103,5202.206,6937.7886,1e-05
5.600509,6.9917994,6.0520077,4.655392,4.1532607,4.4597316,4.0518227,1.811
172.11223,211.30876,177.97655,100.59459,239.17575,198.6187,237.84679,50.159
8893.013,4694.194,9183.774,5599.6826,4732.598,5202.206,4790.407,1e-05
5.588703,6.9917994,6.0520077,3.4550958,5.4214067,5.2317877,4.9621077,2.748
169.97545,211.30876,177.97655,204.9998,193.76073,81.748566,90.82097,125.188
8354.077,4694.194,9183.774,4121.0806,6568.5103,9009.418,6132.008,1e-05
6.862835,10.871602,8.3718195,18.358261,13.670459,5.071355,5.580603,1e-05
106.23744,103.687256,105.8404,106.43179,61.06882,102.69197,104.90343,86.134
10912.005,10726.862,11081.027,8178.7397,9325.61,11911.575,9128.159,1e-05
4.68481,3.9428642,3.5696347,3.3292296,2.805295,3.9839852,2.5635655,1.682
84.57994,99.532104,98.696144,90.12089,97.726,99.048775,54.25651,100.274
10219.861,3573.497,10450.723,7493.6855,8738.959,11269.139,7941.0093,2003.775
4.5769916,3.2568426,3.4474876,2.2995946,2.8052773,3.6774528,2.5635655,3.2612418785790105
106.23744,103.14148,86.74944,107.82151,83.6524,106.62381,56.86776,86.37269745771052
10912.005,8322.465,74154.484,8178.7397,91130.26,3919.8813,7941.0093,118901.904
4.41008,3.9428642,4.079753,2.200371,3.3704784,4.157493,3.264093,1e-05
103.042046,99.532104,101.75445,43.10196,59.000298,79.94537,45.255245,65.939
49021.4,53485.34,54630.633,417710.38,256425.28,303058.78,403679.34,167458.034
4.41008,3.9428642,4.079753,2.7776206,2.9734666,3.6774528,2.5459328,1e-05
103.042046,99.532104,101.75445,77.61724,81.95977,89.61109,86.13829,1e-05
49021.4,53485.34,54630.633,97578.29,86590.78,61212.426,93495.76,517947.468
4.41008,3.2163374,4.05735,2.575915,3.3704784,4.282139,2.930797,1e-05
103.042046,70.76747,78.182076,99.19162,59.000298,90.2654,58.933094,1e-05
49021.4,222977.9,197541.73,9923.764,256425.28,10126.309,267746.8,857538.7
4.41008,6.9917994,6.6772346,3.4550958,4.1532607,4.4597316,4.0518227,1e-05
182.60493,211.30876,187.93095,204.9998,239.17575,198.6187,237.84679,1e-05
3833.467,4694.194,4283.357,4121.0806,4732.598,5202.206,4790.407,2930784.852
3.5453095,3.7790494,4.300379,1.7556529,3.838129,3.8836205,2.7381089,1e-05
94.51345,101.35404,102.789345,97.90074,100.31704,94.88058,91.15712,300.0
6565.2876,4999.5273,6734.3237,3662.434,4586.8325,7693.045,4115.7637,1e-05
17.836172,3.4405932,3.408198,2.1384392,2.9009314,4.005614,2.3434217,1e-05
55.552708,71.26264,73.7082,67.43618,67.536156,83.50374,60.48587,85.0
6439.5522,6013.7515,6766.331,3239.665,3819.5095,7686.1787,4014.2498,1e-05
17.836172,20.08501,16.479397,16.741844,7.8734293,16.61376,4.072834,1e-05
55.552708,73.68977,45.4339,83.44736,48.170994,91.31627,81.204735,50.0
6439.5522,4999.5273,6734.3237,3433.6228,4586.8325,7567.3613,2019.1188,1e-05
3.5453095,2.913751,3.408198,1.7556529,2.3838696,3.8836205,2.109598,35.0
73.64695,67.24333,73.7082,74.15498,77.30095,87.33963,77.997086,1e-05
6565.2876,5973.7466,6766.331,3662.434,2034.7623,7693.045,3802.1025,1e-05
7.31381,6.974358,14.840612,7.510303,5.5235987,7.349142,7.540772,17.0
49.77513,177.79114,138.16823,73.27994,45.07146,59.76358,65.43543,1e-05
6430.3804,5013.001,6748.799,2827.027,4895.618,7594.669,3964.3381,1e-05
6.665556,9.657948,7.0656095,6.960404,4.750016,8.434392,6.7659216,8.377
70.095345,65.30318,70.3862,68.15862,159.6796,63.318356,55.633705,1e-05
10128.3,9863.472,10317.16,6209.79,31822.12,7594.669,7348.6436,1e-05
7.436003,5.724337,8.149245,8.912705,9.886175,19.262863,10.053075,12.478
140.77103,151.00648,150.60199,147.19093,159.6796,85.61478,57.81414,1e-05
9999.675,9885.732,10213.366,7481.3843,31822.12,10382.206,7663.7354,1e-05
10.710766,10.928202,10.92941,8.200588,6.5719275,10.599119,7.3248014,4.579
59.242966,68.851776,68.93835,36.686337,44.18914,63.181,37.49112,211.601
7968.5205,5013.001,2694.7285,1854.1594,7006.932,7594.669,5563.4604,58490.82290990921
5.0596147,4.010109,4.1131296,3.7956357,2.2674906,3.9853728,4.7475557,15.254
355.83942,373.4989,352.75653,493.0392,44.18914,331.48224,431.3853,874.847
47969.17,50714.64,46081.86,62816.848,57290.86,37548.496,57117.176,1e-05
10.7696,10.928202,9.896124,12.687779,11.366925,10.599119,10.993028,1e-05
412.26126,436.36334,359.57867,312.0956,246.70221,255.449,277.09763,741.631
10128.3,5013.001,10450.723,7493.6855,8360.726,7594.669,3786.2727,100827.969
7.5482106,12.358116,8.054406,9.3061905,8.039271,7.9836917,4.9873614,21.3
55.126553,93.48396,135.2712,112.629715,154.63344,86.63139,147.96371,1e-05
1597.5613,6051.683,5995.317,1935.158,4962.712,7133.7607,4240.6226,1e-05
6.127832,8.623602,7.44255,8.440137,9.3374,7.199846,7.2731156,19.6
61.390175,90.469574,68.03401,91.0866,76.82715,76.629005,111.5825,1e-05
6469.1147,5164.093,5995.317,3348.0022,4613.614,2716.386,4240.6226,1e-05
5.446789,5.403837,5.7142005,6.104742,6.178538,6.72239,6.791373,8.317638
198.4913,203.47952,195.4731,186.39275,186.67732,161.00743,176.24513,1e-05
1614.4343,5585.8247,6885.1953,2827.027,2032.9948,6544.5693,4333.573,1e-05
5.446789,6.613552,6.349212,5.726752,6.575548,5.725386,5.1522355,10.965
198.4913,164.17575,164.19214,195.38725,137.88661,192.36826,219.52963,1e-05
1614.4343,2169.122,6541.5405,3581.7693,4818.3013,7744.972,1984.9805,1e-05
7.072907,5.403837,5.7142005,6.4418488,6.138705,5.725386,5.1522355,8.912509
132.71034,203.47952,195.4731,180.72961,182.63791,192.36826,219.52963,1e-05
6534.902,5585.8247,6885.1953,3339.1013,4415.1885,7744.972,1984.9805,1e-05
6.193871,5.403837,7.658637,6.758591,6.9460206,6.72239,6.7769074,6.486
136.19687,203.47952,91.40424,146.92896,119.325226,161.00743,145.5437,305.642
6616.9697,5585.8247,2211.2898,3545.0264,4895.618,6544.5693,3994.9333,1e-05
6.882475,6.613552,6.349212,6.4418488,6.9460206,7.6044545,6.791373,2.297
140.22775,164.17575,164.19214,180.72961,119.325226,139.54453,176.24513,287.206
6419.8594,2169.122,6541.5405,3339.1013,4895.618,7725.279,4333.573,1e-05
7.072907,7.2867675,7.658637,7.257198,6.575548,7.1741085,7.186783,1e-05
132.71034,117.36838,91.40424,116.41743,137.88661,118.0775,116.805664,492.344
6534.902,6082.7417,2211.2898,1271.4443,4818.3013,7133.7607,3856.7769,1e-05
7.4688106,2.720068,7.7849016,10.593434,9.271958,7.6374364,5.0079393,1e-05
52.365192,42.101845,46.9711,30.41701,42.93568,49.42447,122.51227,1e-05
1958.9542,6189.7344,6920.9365,2827.027,4483.924,7133.7607,4255.96,1429.0
4.122008,2.7539082,4.290428,3.499438,2.8517115,4.8076725,2.6436436,1e-05
52.6125,46.019085,55.143795,60.547386,35.4648,66.16419,42.063015,1e-05
6753.424,5414.1797,2514.5623,1456.6188,5397.359,7686.1787,5179.1714,1128.0
2.9464757,3.1346126,2.8770282,3.499438,2.5705125,4.3604865,2.6797862,1e-05
52.365192,41.689644,46.9711,60.547386,39.325706,66.16419,59.01793,1e-05
1958.9542,2920.4165,6920.9365,1456.6188,2855.1675,7686.1787,4288.83,2859.0
3.722653,4.3503227,4.9470367,2.0610993,4.255416,3.7417758,3.6312222,1e-05
115.46893,113.62967,80.40867,94.93748,67.316826,79.0768,88.542366,1e-05
8976.191,8635.146,2917.5122,4197.26,5720.7905,3165.3137,6890.6953,4187.0
3.8942041,3.9601805,6.0890474,7.355265,3.922964,4.691132,4.484883,1e-05
157.36388,177.5139,183.5812,68.36628,174.80476,194.14069,74.51797,460.644
8425.242,8110.1685,3593.682,5049.604,7483.425,4032.3752,6650.918,35504.948
2.9863222,6.727245,5.180496,9.757867,8.02833,5.7928596,4.0060616,7.507
59.678356,184.30278,96.96031,92.186424,57.254528,168.96515,42.713608,71.889
1566.7258,5641.9497,6656.945,3402.9863,4895.618,7133.7607,4210.529,1e-05
5.5601726,5.5570593,5.4586687,4.794261,5.488453,6.471739,5.462156,2.9
43.52143,46.485184,45.917675,26.70731,40.321133,53.89277,29.405272,1e-05
7480.2544,7081.6665,7808.8516,1493.7819,5413.3267,8675.009,5421.0557,1e-05
2.9132876,3.4252615,5.2925973,2.8358598,5.208655,4.81088,8.326482,4.4
112.79428,37.286102,46.468357,147.63867,37.633358,74.40427,38.17024,1e-05
7474.388,6903.753,2530.3179,3445.7537,5795.07,7412.1465,4994.3257,1e-05
5.077239,4.36612,4.1005435,4.4630656,3.9296017,8.205934,3.6424518,7.95
55.61196,37.286102,48.51768,31.77398,35.48273,53.413643,34.60436,1e-05
7474.388,6903.753,7009.7847,3445.7537,2109.6504,2780.5593,1996.8131,1e-05
2.9043937,2.4916697,3.1003158,1.377798,1.9967077,3.08966,1.7599347,1e-05
134.53276,90.8233,137.0773,131.58331,86.2152,147.00868,94.41253,70.0787402
1597.5613,6028.857,2191.8489,3483.91,1983.606,7678.1943,4138.6797,1e-05
2.738923,2.3869228,2.6455898,1.377798,1.8538748,3.08966,1.717969,1e-05
85.47006,86.53317,87.937805,131.58331,92.663895,147.00868,118.370285,60.6299213
6517.18,5998.9683,6785.913,3483.91,4782.599,7678.1943,3976.111,1e-05
2.9043937,2.2875252,2.7372513,1.3763697,1.9882873,3.0888317,1.897631,1e-05
87.485504,87.19597,86.439445,84.166084,81.01237,95.385216,95.983826,60.6299213
1597.5613,5035.8623,6704.833,3553.3284,3869.0134,6623.9185,4260.3013,1e-05
2.9507697,2.3869228,2.6455898,1.4579823,1.9882873,3.6020615,1.8002554,1e-05
81.48937,76.806526,87.937805,108.80924,78.164314,92.48373,78.02134,61.4173228
6475.2837,5998.9683,6785.913,2918.444,3869.0134,6623.9185,3879.0916,1e-05
2.843079,4.770913,2.7372513,1.2873954,4.522054,4.5854545,1.8002554,1e-05
65.31765,84.308914,87.63262,80.5119,64.83876,98.674255,99.38841,61.4173228
1597.5613,6039.215,6761.5293,3295.6157,2556.5977,6719.385,3858.1694,1e-05
2.86569,2.6234896,2.69626,1.5408376,3.588879,2.981527,1.8002554,1e-05
160.11931,158.5796,164.42577,105.30896,147.20827,93.96194,78.69604,180.314961
6517.18,6028.857,6546.718,3553.3284,1983.606,3470.3372,3879.0916,1e-05
2.86569,2.2269137,2.6643877,1.2560942,1.9882873,3.133283,1.8002554,1e-05
118.20365,176.95792,167.0111,121.33075,124.48587,112.965416,185.35388,220.866142
6517.18,5035.8623,5996.551,3256.2898,3869.0134,7711.622,3880.1243,1e-05
2.5969176,3.4835098,2.714454,1.5604187,2.4092069,3.133283,1.7278138,1e-05
170.5468,158.64351,163.39024,158.05328,177.37949,122.69357,163.40799,215.748031
6430.3804,5998.9683,6546.718,2856.0923,4536.2275,7711.622,4260.3013,1e-05
2.841874,2.823362,3.131333,7.355265,1.8439102,3.0156245,1.8002554,1e-05
126.90746,85.30296,137.0773,151.5025,89.72778,91.02567,68.21376,230.314961
6475.2837,2279.9568,2191.8489,2889.3396,4782.599,3470.3372,3879.0916,1e-05
10.587565,5.227131,5.4874625,6.1751623,4.84414,12.569069,5.236076,3.563
144.99388,145.30963,76.37134,109.529564,47.08977,106.07799,48.67434,1e-05
6484.81,6012.6704,6546.718,4449.1606,4955.85,7080.0776,4097.5854,1e-05
6.2841215,9.62431,7.303284,7.763809,14.557952,5.464777,8.416204,3.497
47.800865,42.296608,55.046856,27.487179,39.138767,90.88388,40.689034,1e-05
7339.243,6050.5605,6220.126,4449.1606,4895.618,7378.9707,4210.804,1e-05
9.3363495,4.0177913,11.40424,13.186425,6.604286,16.938124,13.625698,8.389
62.438023,46.536766,46.154972,25.509356,39.138767,56.757496,95.431694,1e-05
6430.3804,2178.2446,2232.019,3295.6157,4895.618,2716.386,2061.7817,1e-05
7.103409,4.0177913,6.978591,7.5848227,6.604286,4.472749,5.4443026,18.82
99.28784,110.51859,45.642406,29.644112,39.138767,59.917824,39.504837,541.749
6427.115,2178.2446,6761.5293,3465.0178,4895.618,7739.7153,3997.848,1e-05
7.0914736,3.1477952,3.8701658,13.6958685,9.812973,4.050886,3.2371686,1e-05
341.68597,75.16344,382.97696,51.457108,38.62951,100.310585,96.6861,99.559
6484.858,5155.7,6761.5293,3149.3064,6251.589,7254.062,4686.1943,1e-05
7.0914736,4.0177913,4.154743,3.775563,4.007577,4.4902244,6.2286716,1e-05
51.997353,107.27198,52.398064,50.743267,98.47201,62.68731,69.204865,86.31
7176.106,2304.8342,7326.5576,4124.925,5698.643,2865.443,2376.281,5388.375
4.3501387,4.030365,2.920283,7.8439755,3.7215679,4.711221,7.5982246,17.783
140.67497,145.30963,70.53757,107.85446,59.000298,115.746925,87.27789,1e-05
6517.18,5685.154,6785.913,3496.5996,3997.325,7711.622,2151.2683,1e-05
20.653616,21.566349,15.987405,21.272114,20.325077,19.262863,24.22127,1e-05
46.605316,50.343407,63.57175,91.50024,36.775604,97.009766,29.275091,191.5
1597.5613,6004.806,5996.551,3256.2898,4779.6196,7155.785,3976.111,6000.87
12.86656,21.566349,5.07166,12.310719,2.814879,9.348158,15.458576,36.517
65.77645,50.343407,45.98039,114.0678,32.53788,102.54612,46.021114,1e-05
6517.18,6004.806,6785.913,3592.957,3877.4685,7678.1943,2061.7817,1e-05
13.802943,14.050296,11.531375,12.258565,11.375374,11.359827,10.463092,31.623
66.71178,53.548714,45.764683,58.804775,70.11373,72.22379,349.0179,1e-05
6430.3804,2178.2446,6704.833,1305.7277,4895.618,6623.9185,4138.6797,1154.782
13.802943,8.781749,14.718058,18.863205,17.393223,11.359827,13.883732,6.465
59.98074,57.92947,57.068977,54.53541,38.62951,81.50701,123.41961,634.7921505179139
6430.3804,6028.857,2232.019,3553.3284,2027.3417,6623.9185,4260.3013,1e-05
7.0914736,5.739365,5.484007,4.897569,5.9808383,6.867424,9.7769575,9.531
326.83746,144.01128,389.97162,99.39402,106.9411,105.04995,94.58885,1e-05
8893.013,8780.341,8446.601,5599.6826,6568.5103,9009.418,6132.008,2268.129
8.399709,9.244185,8.665746,9.613386,9.53488,9.796603,7.541855,5.96
61.733536,65.691986,70.53757,58.827766,59.386833,80.97191,55.670395,182.2
8200.396,2178.2446,6785.913,3278.5496,4709.463,8054.694,2061.7817,1e-05
6.4781885,6.6324058,6.5320354,6.6381254,6.349297,6.694936,6.586299,11.568
144.12001,155.53825,142.67302,155.66919,147.31816,136.98671,148.80649,1e-05
6430.3804,6028.857,6546.718,5411.708,4782.599,7155.785,4631.141,1e-05
8.920578,6.6324058,9.897111,10.018405,10.202007,10.033254,6.586299,7.499
67.6477,155.53825,70.0366,61.23582,59.000298,80.97191,148.80649,124.094
1597.5613,6028.857,5996.551,2889.007,3877.4685,7678.1943,3879.0916,1e-05
8.920578,7.6422806,7.5530596,8.071825,7.090375,7.8395104,9.462544,16.973
214.86844,121.2173,114.81758,173.68657,119.338234,118.623604,148.80649,201.434
1597.5613,5035.8623,6704.833,3553.3284,4782.599,7711.622,3879.0916,1e-05
10.223086,10.992854,7.5530596,12.226647,7.090375,11.03765,11.799947,10.0
147.32367,136.99968,114.81758,94.74273,119.338234,137.74901,154.27585,181.161
6427.115,5998.9683,6704.833,1305.7277,4782.599,7155.785,2061.7817,1e-05
10.078987,8.174956,8.594272,11.879304,8.984872,8.241529,12.278018,9.839
114.827736,145.17252,148.1199,164.06473,159.38986,136.0336,165.95102,115.471
6517.18,5035.8623,6546.718,3483.91,4545.856,7711.622,4138.6797,1e-05
6.6423283,6.6835413,7.63642,7.500523,7.623992,7.0488534,7.4058266,20.71
319.78513,356.45966,310.00076,407.98547,361.54153,296.52106,356.65338,1e-05
6427.115,5998.9683,5996.551,2889.007,4545.856,7711.622,3976.111,1447.236
3.3349247,4.832017,4.0542426,5.9438443,2.7212722,4.409017,3.3449178,1e-05
106.91459,46.830025,120.60489,106.25269,106.31407,109.42951,107.46644,63.0
1634.4119,6199.8813,6997.2793,3793.4336,5032.528,7988.9614,4192.664,1e-05
3.214044,3.5446136,4.0542426,1.9771268,2.608708,3.3819714,2.3408048,1e-05
95.19038,46.830025,120.60489,76.98269,121.41671,114.64926,114.58368,98.0
6622.2783,6199.8813,6997.2793,3710.0166,2034.1151,7273.89,4210.529,1e-05
3.2261999,3.5446136,4.491876,3.5131555,2.0948565,4.89817,2.1061323,1e-05
96.45214,46.830025,93.08099,88.68981,96.69549,103.748,100.33046,132.0
6601.6836,6199.8813,6818.784,1388.7217,5138.7725,7908.525,2090.4814,1e-05
9.227023,10.167797,9.902269,11.86071,10.535171,10.924218,11.543481,19.3
51.01402,47.886627,57.674656,45.955864,42.621933,62.502728,35.619915,1e-05
6430.3804,5998.9683,6683.1465,3560.9888,4808.8877,6544.5693,1982.3457,1e-05
13.162979,12.571373,12.23556,13.397415,15.119121,13.633033,13.48533,12.5
53.441044,57.579117,59.343708,31.146463,40.673138,57.34044,37.93547,1e-05
6424.024,5028.5625,6546.718,3402.1648,4895.618,7641.34,3969.4539,1e-05
10.706058,11.956636,10.417984,11.158903,9.7764435,10.807556,11.452638,11.4
52.7422,47.886627,53.255287,47.99992,42.621933,63.12779,39.204826,1e-05
6534.902,6127.5913,6546.718,3723.5906,4947.86,2716.386,4333.573,1e-05
10.170951,8.243054,11.6511545,10.009028,9.94237,8.194839,11.83022,9.8
49.135136,57.579117,102.61794,45.64305,141.96082,59.65794,36.4948,1e-05
1958.9542,5170.0884,6857.647,3725.0503,4895.618,7781.2666,4267.755,1e-05
2.738923,2.3869228,3.0860345,1.3763697,1.8573884,3.133283,1.7222413,1e-05
116.97911,117.08772,122.21249,119.24585,119.24094,114.70188,121.30722,223.69
9525.278,8658.208,6358.335,8053.602,6255.12,10577.443,6819.9004,1e-05
2.738923,2.5925355,3.0860345,1.4425273,1.9882873,3.010601,1.7222413,1e-05
116.97911,119.55292,122.21249,132.6016,124.33432,119.6288,121.30722,150.37
9525.278,4664.3037,6358.335,7156.7104,7389.758,5743.938,6819.9004,1e-05
2.841874,2.5925355,2.7372513,1.4425273,1.8573884,3.0888317,1.7599347,1e-05
122.86893,119.55292,124.45239,132.6016,119.24094,124.47579,124.93724,86.05
8156.289,4664.3037,9117.693,7156.7104,6255.12,8420.005,7449.571,1e-05
2.738923,2.3820384,2.7045243,1.4425273,1.9967077,3.0888317,1.7222413,1e-05
116.97911,125.65734,122.980865,132.6016,123.55038,124.47579,121.30722,65.79
9525.278,8091.972,7637.802,7156.7104,5363.1494,8420.005,6819.9004,1e-05
2.5855594,2.4623466,2.7045243,1.3763697,1.9882873,3.133283,1.6797413,1e-05
123.841095,125.31257,122.980865,119.24585,124.33432,114.70188,123.801994,41.03
7670.6885,8238.904,7637.802,8053.602,7389.758,10577.443,6990.167,1e-05
2.5855594,2.5925355,2.6455898,1.4425273,1.9967077,3.0888317,1.8002554,1e-05
123.841095,119.55292,118.27986,132.6016,123.55038,124.47579,123.31041,184.183
7670.6885,4664.3037,7931.072,7156.7104,5363.1494,8420.005,6772.3574,16886.043
2.841874,2.4623466,2.7045243,1.3507712,1.9882873,3.1110435,1.6797413,1e-05
122.86893,125.31257,122.980865,108.82941,124.33432,113.08545,123.801994,185.724
8156.289,8238.904,7637.802,5370.6577,7389.758,7714.9893,6990.167,14231.352
2.3833098,2.5925355,2.7045243,1.3507712,1.8439102,3.1110435,1.7760255,1e-05
119.92422,119.55292,122.980865,108.82941,121.95503,113.08545,119.18396,201.798
8173.036,4664.3037,7637.802,5370.6577,7220.285,7714.9893,7226.567,9594.83
2.5855594,2.3820384,2.6455898,1.4425273,1.8573884,3.1110435,1.7599347,1e-05
123.841095,125.65734,118.27986,132.6016,119.24094,113.08545,124.93724,139.522
7670.6885,8091.972,7931.072,7156.7104,6255.12,7714.9893,7449.571,8144.264
2.841874,2.5925355,3.0860345,1.3507712,1.8573884,3.010601,1.7222413,1e-05
122.86893,119.55292,122.21249,108.82941,119.24094,119.6288,121.30722,111.392
8156.289,4664.3037,6358.335,5370.6577,6255.12,5743.938,6819.9004,8265.342
2.3833098,2.3869228,3.0860345,1.4619105,1.8439102,3.010601,1.7222413,1e-05
119.92422,117.08772,122.21249,125.47541,121.95503,119.6288,121.30722,86.056
8173.036,8658.208,6358.335,5448.438,7220.285,5743.938,6819.9004,7026.626
2.8500164,2.5925355,3.0860345,1.4425273,2.0174987,3.133283,1.8002554,1e-05
127.11691,119.55292,122.21249,132.6016,128.34584,114.70188,123.31041,61.601
5149.052,4664.3037,6358.335,7156.7104,8085.098,10577.443,6772.3574,1e-05
2.738923,2.380483,2.6643877,1.4579823,1.8573884,3.08966,1.7760255,1e-05
93.54562,90.38912,94.3244,91.258736,91.24981,110.87599,114.64409,72.459
6695.352,5889.176,6120.2847,3840.631,4905.9434,8098.47,4453.994,8497.116963830049
2.841874,2.2269137,2.6455898,1.4619105,2.0174987,3.0888317,1.7599347,1e-05
95.7743,95.68006,89.77046,100.136925,90.45197,109.10671,98.46712,71.0
7898.726,8920.98,8361.913,5153.599,7601.5825,7918.38,8314.684,1e-05
2.9043937,2.3869228,2.6455898,2.4942386,1.9882873,2.981527,1.9075174,1e-05
103.374146,86.819786,89.77046,121.14702,80.035515,105.01563,117.455,152.809
1867.1764,6860.8066,7708.065,4036.3271,4421.684,3482.6875,4453.994,1e-05
2.5855594,2.380483,2.7045243,2.4942386,1.8538748,2.981527,1.9075174,1e-05
129.69485,135.15678,128.18967,121.14702,140.71909,105.01563,117.455,64.777
6815.052,5889.176,6541.5405,4036.3271,5552.9185,3482.6875,4453.994,1e-05
2.5855594,2.4623466,3.1003158,1.4579823,1.8573884,3.08966,1.8243426,1e-05
108.53669,105.54935,107.07038,101.03331,105.74824,288.16107,383.38193,440.764
6815.052,6406.051,2667.4543,3840.631,4905.9434,8098.47,2928.749,1e-05
2.9507697,2.5925355,2.7045243,1.3763697,2.0174987,3.08966,1.8243426,1e-05
341.68597,329.43262,303.82382,383.73248,364.4823,288.16107,383.38193,98.712
7097.708,2336.4082,6541.5405,4268.714,5265.4116,8098.47,2928.749,1e-05
2.9043937,2.3869228,2.6455898,1.4579823,1.9967077,3.1110435,1.7599347,1e-05
144.30939,41.148064,124.79818,84.36675,163.70096,131.04462,257.09384,880.214
1867.1764,6860.8066,7708.065,3840.631,2212.5806,7764.1274,4798.282,1e-05
2.738923,2.3869228,2.7372513,1.4579823,1.8573884,3.0888317,1.7599347,1e-05
395.8083,41.148064,416.7137,84.36675,482.06647,360.90204,257.09384,169.744
6695.352,6860.8066,7377.4976,3840.631,5079.803,6889.6875,4798.282,1e-05
8.032394,8.206365,7.5324717,8.156517,8.064497,7.8176007,7.9630227,8.403
139.75827,122.88002,161.91261,170.23886,163.71861,153.53255,167.64882,172.368
6452.9985,5973.7466,6546.718,3447.996,1949.2821,7133.7607,1967.1033,1e-05
8.099148,8.206365,7.9410996,8.192572,6.498375,7.832058,7.3166523,8.561
142.22813,122.88002,134.85287,155.64838,142.00104,132.55171,149.48401,192.88
6418.376,5973.7466,6656.945,3231.9866,3762.4988,6530.3896,3964.3381,1e-05
7.6900325,7.93129,7.699284,7.674326,6.498375,7.774644,7.6141386,8.894
145.04237,142.64915,131.8044,118.11279,142.00104,136.09192,166.8223,144.597
6354.2383,5989.6997,6546.718,2802.4573,3762.4988,7594.669,3798.543,1e-05
4.837992,9.391046,11.513658,13.207146,9.307773,17.49147,3.4704716,3.5124102063219853
90.179665,292.02545,112.31746,325.71106,211.67184,283.19543,137.9225,302.052
3886.6565,8698.743,2422.1082,4345.295,5024.313,7714.9893,4490.2305,1e-05
15.02435,9.690894,7.064855,3.2541862,4.3238893,17.49147,2.4404268,1e-05
136.46248,157.28746,158.52258,143.8984,157.74207,128.41122,157.18477,189.641
7974.4917,8459.839,2487.8594,3608.9338,4355.3506,7714.9893,4316.2124,1e-05
3.1211355,6.9621434,6.8934484,6.8270206,7.3175917,6.984827,5.8878484,7.5
77.68459,47.36211,69.95723,64.36984,58.261433,75.78252,73.327034,1e-05
1625.6544,5838.6836,2211.2898,3948.3518,5063.158,7567.3613,4035.9307,1e-05
7.9403234,7.6051316,6.016406,5.6092224,5.154041,8.63595,7.9101033,7.5
62.71936,205.9881,52.280426,126.386,164.59601,79.51685,124.486534,1e-05
6446.089,4999.5273,6766.331,3433.6228,1949.2821,2780.5593,4115.7637,1e-05
6.0747037,6.858013,7.8340497,5.6092224,8.564811,6.05196,6.1920815,14.2
97.847565,307.37198,313.63644,348.6993,121.49963,263.12354,391.1235,1e-05
1843.8591,2304.8342,6376.9043,3909.2847,2212.5806,8329.518,3360.324,1e-05
7.119682,6.892457,7.1204925,8.511097,7.054232,7.1487722,8.515089,7.0
59.323624,59.116234,54.120945,68.80764,42.571594,62.79533,48.25572,1e-05
6450.073,5682.5986,6016.7324,3691.3313,4937.0513,7693.045,4316.2124,1e-05
6.6252804,8.325466,7.228526,9.091115,7.044945,6.487998,7.9101033,7.4
55.8921,62.163765,61.28899,68.80764,38.636898,73.74231,78.77398,1e-05
6371.386,6013.7515,6734.3237,3239.665,4808.77,6719.385,4115.7637,1e-05
2.9464757,9.325421,6.8184495,6.227111,5.85026,11.109436,2.1989546,10.5
63.5072,59.116234,69.569176,214.27429,57.49048,254.63924,321.42957,1e-05
1843.8591,5400.706,2408.4006,3909.2847,6763.2607,7764.1274,3360.324,1e-05
3.2718952,2.7021985,3.4412875,1.9645004,2.9507194,3.360351,3.1363235,1e-05
63.72442,117.84237,111.353134,90.26847,86.36721,98.6002,79.1512,54.25
6452.9985,6013.7515,2211.2898,3390.2976,3762.4988,6544.5693,3797.5103,1e-05
2.8591135,2.7943892,2.907664,2.0555766,2.3838696,3.5473876,2.267474,1e-05
72.23817,92.84308,87.62257,84.70912,71.516304,73.73402,81.13015,51.85
6354.2383,5973.7466,6655.9404,1271.4443,1949.2821,7594.669,4054.961,1e-05
2.88934,2.7943892,3.067117,1.6779412,2.252613,3.3396618,2.550345,1e-05
73.56277,92.84308,74.088,84.70912,68.088646,80.70873,53.472534,55.78
1566.7258,5973.7466,6748.799,1271.4443,3762.4988,2780.5593,3797.5103,1e-05
3.2718952,2.7021985,2.907664,2.7519214,2.894824,3.3907924,3.3295257,1e-05
63.72442,86.233284,88.073555,57.52201,63.165306,92.45086,69.89623,52.29
6452.9985,6013.7515,6655.9404,3390.2976,4415.1885,7686.1787,3964.3381,1e-05
3.0462148,2.7021985,2.907664,1.6779412,2.3838696,3.3907924,1.9722905,4.29
82.653114,86.233284,88.073555,84.70912,74.86096,92.45086,76.09959,1e-05
6418.424,6013.7515,6655.9404,1271.4443,1949.2821,7686.1787,1972.4944,1e-05
2.88934,3.0525444,3.3399146,1.7027669,2.498961,3.600544,1.9722905,1e-05
144.634,142.9647,144.83698,152.24818,152.3103,135.13799,149.74059,109.55
1566.7258,5585.8247,5999.865,1271.4443,3762.4988,7686.1787,1972.4944,1e-05
3.0599475,3.1087523,3.3399146,1.9129114,2.498961,3.5426288,2.8058572,1e-05
137.72217,141.39209,144.83698,136.06165,152.3103,133.80867,141.46257,140.3
6419.8594,2162.4434,5999.865,3254.2463,3762.4988,7133.7607,3797.5103,1e-05
3.2718952,2.7943892,3.3399146,1.9344499,2.498961,3.5473876,2.8058572,1e-05
131.4095,135.6759,144.83698,138.21912,152.3103,131.83163,141.46257,167.76
6452.9985,5973.7466,5999.865,2831.1003,3762.4988,7594.669,3797.5103,1e-05
3.2718952,3.0525444,2.907664,1.9129114,2.3838696,3.3396618,2.267474,1e-05
131.4095,142.9647,132.51248,136.06165,135.75429,135.38533,125.58761,171.64
6452.9985,5585.8247,6655.9404,3254.2463,1949.2821,2780.5593,4054.961,1e-05
3.0462148,2.7021985,2.832316,1.9129114,2.25498,3.600544,2.8058572,1e-05
136.42418,134.27823,135.0265,136.06165,140.28946,135.13799,141.46257,177.31
6418.424,6013.7515,6541.5405,3254.2463,4744.1323,7686.1787,3797.5103,1e-05
3.0599475,2.7021985,2.907664,1.9344499,2.3838696,3.600544,2.267474,1e-05
137.72217,134.27823,132.51248,138.21912,135.75429,135.13799,125.58761,175.52
6419.8594,6013.7515,6655.9404,2831.1003,1949.2821,7686.1787,4054.961,1e-05
4.1485524,6.943844,3.9406385,2.6264334,17.599226,5.9578032,10.106834,1e-05
138.07568,137.04076,110.84319,131.11052,112.32377,118.818245,95.972046,158.974
1672.8495,5092.7783,2211.2898,3648.6758,4680.361,2716.386,4503.6113,1e-05
3.0110302,18.024555,2.8760688,21.32757,17.599226,15.603289,19.7129,1e-05
118.08433,138.29474,131.19685,111.77857,112.32377,109.17392,111.929,155.64
6433.4136,6095.212,6124.3286,1377.1198,4774.82,6565.49,4122.325,1e-05
2.8250568,2.8722212,2.8760688,1.8287148,2.5178552,3.473529,2.228143,32.28
135.67368,133.56783,131.19685,139.48376,140.58656,108.658295,137.2899,106.84
6644.913,5640.192,6715.304,2886.3645,5504.0854,7751.1074,4229.485,1e-05
2.9714253,6.943844,3.38371,2.302828,2.5178552,5.3638473,14.580314,1e-05
147.50276,154.22517,147.18463,158.69109,156.23048,149.73648,125.55853,209.752
6662.061,5100.078,6788.337,3615.9456,2032.9948,2716.386,4503.6113,1e-05
4.8634133,2.8722212,3.9406385,8.691676,2.0650463,4.0609674,9.999062,1e-05
127.80359,143.013,140.1398,149.71161,145.41463,139.68489,129.04836,208.844
6556.529,5852.13,2211.2898,3920.8132,4890.7183,6644.8394,4503.6113,1e-05
17.379333,18.148983,17.046642,19.533897,16.048912,16.257994,21.473148,1e-05
127.80359,122.774666,125.18305,133.2127,128.91296,131.57088,129.04836,158.491
6900.759,6994.978,7170.2744,4263.8545,3925.5522,7167.902,4637.34,1e-05
5.619547,2.8722212,4.8367643,2.5288873,3.4187076,3.932515,2.5279174,24.825
144.126,143.013,137.30087,114.50304,142.22784,118.59346,143.2194,143.346
8508.637,5852.13,6329.5913,3380.4158,5531.758,7905.647,4180.6294,1e-05
2.3833098,2.2893958,3.1195576,1.5604187,1.9882873,3.2048178,1.811067,1e-05
111.8056,112.10488,104.28108,110.73831,102.45234,119.15376,117.37714,93.75
6427.115,5035.8623,2191.8489,2856.0923,3869.0134,6609.739,4159.54,1e-05
2.3833098,2.4667203,2.7326343,1.5986358,1.8962401,3.2737215,1.8073633,1e-05
111.8056,114.97689,111.18764,107.857414,111.153534,118.918755,118.814095,89.4231
6427.115,5998.9683,5996.551,1287.7188,4895.618,7678.1943,4260.3013,1e-05
2.965218,2.527212,2.725369,1.3924713,2.0772076,3.1786616,1.8787506,1e-05
111.49635,119.06485,110.77657,114.77035,110.21778,109.28744,163.76433,111.0577
6475.236,5685.154,6546.718,3550.1301,1983.606,7155.785,3976.111,1e-05
2.3833098,2.4667203,3.1195576,1.5986358,1.9038876,3.2323368,1.8787506,1e-05
206.86166,170.77661,144.06737,112.91332,215.6011,106.944855,163.76433,109.6154
6427.115,5998.9683,2191.8489,1287.7188,4779.6196,7711.622,3976.111,1e-05
2.965218,2.6234896,2.8829846,1.4533781,1.9882873,4.0058193,1.8787506,1e-05
161.55269,136.49738,194.42928,134.48378,227.15874,124.78,169.71342,250.96155
6475.236,6004.806,6785.913,3496.5996,3869.0134,6609.739,3976.111,1e-05
2.7985232,2.6234896,2.7372513,1.5986358,2.1491625,3.2323368,1.864923,1e-05
174.43063,132.72452,180.95245,211.53355,200.3322,169.04764,192.76039,341.8269
6517.18,6004.806,6705.8374,1287.7188,4536.2275,7711.622,3976.111,1e-05
2.7985232,2.6234896,2.8829846,1.9797176,1.9038876,3.2737215,1.811067,1e-05
174.43063,132.72452,165.62892,215.31354,242.1398,162.05934,167.36739,275.48075
6517.18,6004.806,6785.913,5499.6685,4779.6196,7678.1943,4159.54,1e-05
2.843079,2.527212,2.7372513,1.5986358,2.1491625,3.1786616,1.8264979,1e-05
104.49796,101.40055,103.26871,107.857414,101.129715,103.296974,116.70969,108.01
1597.5613,5685.154,6705.8374,1287.7188,4536.2275,7155.785,1984.5837,1e-05
3.2816558,2.6234896,2.7326343,7.5002923,2.1491625,3.1786616,1.8073633,1e-05
113.70056,68.592705,112.69055,107.76319,113.277466,110.76518,114.74399,114.065
6430.3804,6004.806,5996.551,3550.1301,4536.2275,7155.785,4260.3013,1e-05
2.843079,2.6234896,7.902423,7.5002923,1.9038876,11.098621,2.3192277,1e-05
115.51461,68.592705,110.7636,107.76319,416.70203,84.80146,107.5189,111.915
1597.5613,6004.806,2191.8489,3550.1301,4779.6196,7678.1943,1984.5837,1e-05
3.8427453,2.2893958,2.7326343,2.2866943,1.9038876,3.1786616,2.1004753,20.9
179.95724,193.34067,173.62363,108.604805,416.70203,158.99185,176.49428,1e-05
6531.5894,5453.2236,5996.551,5411.708,4782.599,7155.785,4631.141,1e-05
5.54913,3.4251118,6.730833,6.2485104,6.477196,5.740763,6.8954296,4.653
111.521034,45.899334,55.41502,165.225,43.233944,66.16419,30.61281,1e-05
6955.2354,5834.3237,2408.4006,2827.027,5054.2666,7686.1787,5147.2837,1e-05
6.282148,5.1419587,7.116906,6.8811574,4.878517,6.0964108,5.415955,5.933
62.203377,37.286102,90.5391,66.70621,30.607172,75.29144,100.3346,1e-05
8569.991,5973.7466,7865.7866,5927.7593,7011.7915,8890.215,5938.2607,1e-05
7.865823,7.3274813,4.4001307,7.781287,6.9626913,8.767204,5.1604533,5.554
106.166145,108.25386,103.63784,46.511806,97.23018,101.95426,99.53708,45.803
6955.2354,6103.9077,6360.037,4098.825,5478.313,8231.142,5147.2837,1e-05
6.6212745,7.6165686,7.8948956,6.9072227,7.5731525,6.556264,6.1037755,6.28
78.81948,108.25386,106.66047,104.18155,103.36638,88.8813,62.391125,65.793
6753.424,5867.5986,6360.037,3725.0503,5416.858,7156.4795,4362.2593,1e-05
6.6212745,7.9307575,7.2631826,7.8068933,7.2472014,6.556264,6.1037755,8.41
65.254845,62.02242,73.749626,45.709255,77.686806,58.0267,31.254581,100.63
6753.424,6189.7344,2408.4006,3554.5103,2212.5806,7156.4795,4362.2593,1e-05
7.369812,6.974358,7.2021775,7.3588386,7.0709314,8.5488205,7.3484616,8.082
102.465195,104.05854,105.68766,98.11821,101.66446,105.23048,100.812126,135.324
1634.4119,5209.1616,6819.79,3793.4336,5138.7725,6956.4995,4075.821,1e-05
7.4997454,7.780853,7.3713636,7.9749827,7.0709314,7.349142,7.5242267,7.612
117.927315,123.21534,122.120316,124.03149,101.66446,121.2146,124.29567,93.886
6622.2783,2230.459,6997.2793,1388.7217,5138.7725,7908.525,2090.4814,1e-05
7.440464,6.212427,5.0353355,4.7712655,6.6236925,3.0888317,4.623553,9.62
114.23316,95.60218,53.607994,284.5579,119.23819,114.46926,95.312965,116.772
6354.2383,7060.1772,5999.865,4295.2764,4872.2144,6565.49,4210.529,1e-05
17.809439,10.910458,10.049589,25.134699,24.103136,6.903988,13.619253,7.996
215.40494,140.03004,139.52133,171.19427,166.38591,170.97466,140.6634,94.846
6354.2383,5989.6997,6546.718,3231.9866,3762.4988,6541.7866,1967.1033,1e-05
10.27231,11.451034,7.348564,11.854949,10.263164,8.648004,10.224523,16.125
126.05374,121.867035,70.105064,64.83412,128.62714,109.319496,107.40003,157.602
6418.376,2149.8103,6656.945,3231.9866,4741.153,2716.386,1967.1033,1e-05
9.069534,10.910458,8.7462635,8.590418,8.721981,7.8980303,4.623553,5.214
126.20148,83.67968,78.06211,46.958794,121.91499,114.42324,81.54904,90.116
1566.7258,5989.6997,6656.945,3432.7715,4487.6113,7133.7607,4210.529,1e-05
10.942208,11.5971775,7.348564,9.5268545,12.0753145,11.182352,11.491942,12.88
135.44072,131.08015,70.105064,119.71052,133.67738,130.42732,146.70131,138.741
1566.7258,5641.9497,6656.945,1315.4556,1949.2821,7686.1787,4075.821,1e-05
11.4333315,14.199917,8.574014,9.337635,15.240018,12.943261,12.720606,24.171
138.46674,120.39633,121.749306,125.68618,416.70203,109.319496,60.409092,1e-05
6452.9985,5013.001,6546.718,2840.4646,4741.153,2716.386,4075.821,1e-05
6.569713,6.2061834,3.7047603,6.248638,4.659299,15.027697,8.596408,2.432
47.19878,91.36324,45.98039,32.52062,97.688286,76.46918,30.591738,1e-05
6452.9985,2178.2446,6748.799,3447.996,4937.0513,7686.1787,4398.2563,1e-05
4.3018246,4.022088,4.015696,10.503061,4.659299,7.683774,5.5877953,8.664
47.426003,39.574352,45.472317,22.940327,30.772425,73.416565,35.07928,52.306
6450.073,5643.2617,6894.74,1264.0956,4937.0513,7686.1787,3974.7493,1e-05
13.584556,6.469577,11.082746,8.563698,12.01037,5.07397,6.9547653,2.432
55.950832,159.28822,145.69402,45.968338,80.876045,90.67904,76.39352,1e-05
6782.9897,2178.2446,6084.386,3630.5012,5441.5854,6623.9185,4567.594,1e-05
11.729332,4.022088,9.197347,3.7181249,8.789066,15.027697,4.7860236,5.675
55.950832,50.473858,145.69402,119.05559,69.52929,55.62338,35.07928,1e-05
6467.3594,5895.2485,6001.099,4116.562,4907.6475,7686.1787,4027.94,1e-05
3.0599475,2.7021985,2.832316,2.1680224,2.7917445,3.599689,2.9560914,3.288
96.490875,117.84237,94.01204,83.295296,83.35393,135.38533,132.9006,103.966
6419.8594,6013.7515,6541.5405,2831.1003,4415.1885,2780.5593,4054.961,1e-05
3.2718952,2.7943892,2.8616645,1.7649006,2.0631108,3.360351,2.550345,3.811
101.73524,92.84308,94.01204,98.54113,80.01854,100.84974,62.943417,82.97
6452.9985,5973.7466,6541.5405,3447.996,4905.9434,6544.5693,3797.5103,1e-05
4.027958,2.7943892,4.0736,2.2731245,2.0631108,3.4017115,2.550345,1e-05
98.71963,69.03482,97.80523,81.153595,80.01854,80.70873,62.943417,96.936
1566.7258,5973.7466,2211.2898,2831.1003,4905.9434,2780.5593,3797.5103,1e-05
4.122181,2.7021985,3.9098384,2.4069266,2.5424051,6.015283,2.550345,1e-05
98.71963,98.420746,97.80523,84.90408,96.54901,91.6495,93.36468,87.0
1566.7258,6013.7515,2211.2898,3390.2976,3762.4988,6544.5693,3797.5103,1e-05
3.3334157,3.013816,3.2783322,1.9247351,2.787054,6.015283,2.474331,1e-05
103.72218,113.9658,103.102394,94.667915,101.781364,91.6495,88.90526,80.428
6419.8594,5013.001,6541.5405,3447.996,4744.1323,6544.5693,1972.4944,1e-05
7.05028,8.745526,8.075016,8.958393,8.946053,6.8506174,8.6372175,5.578
54.358162,40.988575,54.919754,137.17818,39.925014,101.297485,33.931446,87.485
6452.9985,5973.7466,6748.799,3231.9866,4487.6113,6541.7866,4075.821,1e-05
4.4986544,4.7330456,4.2169833,8.644463,6.0483313,6.8760505,5.520863,5.049
71.2585,140.10846,102.10625,130.15567,76.127266,74.712296,75.36311,111.454
6418.376,2149.8103,5999.865,3231.9866,4487.6113,7686.1787,3798.543,1e-05
7.8478475,8.603259,8.126088,8.980935,8.538325,5.9850383,5.5273466,15.465
105.5074,103.91876,104.795006,108.48311,102.892654,105.75534,120.23649,261.274
6430.3804,5641.9497,6748.799,3499.3438,4895.618,2716.386,4210.529,1e-05
9.611247,6.974358,19.980686,14.8334465,9.3809185,6.075006,6.9070497,7.485
90.543396,70.46659,72.084984,124.3065,109.05161,121.2146,97.85678,126.08
6354.2383,5013.001,6656.945,3499.3438,2044.1378,7594.669,4210.529,1e-05
10.549661,10.340817,10.092249,8.980935,11.122587,5.9850383,5.5273466,10.593
175.31609,177.51994,167.48032,108.48311,217.69852,105.75534,120.23649,98.571
6452.9985,5013.001,5999.865,3499.3438,2044.1378,2716.386,4210.529,1e-05
3.5990844,5.02213,7.494312,1.5215373,3.433433,4.1066375,3.287065,6.971
52.6125,98.504036,46.9711,25.976606,67.55249,49.42447,31.254581,166.08
20841.193,4164.7314,21199.08,20766.666,4136.0103,20974.174,8557.092,1e-05
8.058146,7.923411,7.330301,8.759328,7.7999187,7.5317526,8.307376,9.16
87.701706,89.57504,98.09203,95.934944,90.31107,105.84997,96.863495,80.33
6354.2383,5973.7466,6748.799,3447.996,4483.924,7133.7607,4210.529,1e-05
11.914671,11.678318,12.125155,12.407418,13.2717495,8.582686,14.515314,9.715232493856925
133.96407,107.136246,119.11434,131.79922,110.40818,105.09191,143.69012,1e-05
6452.9985,5973.7466,6655.9404,3390.2976,1949.2821,7686.1787,3797.5103,1e-05
7.95215,9.312336,7.394001,11.219377,8.500358,9.063719,8.241723,9.00686557196828
45.33149,46.512913,48.17185,29.86278,32.53788,53.779705,47.580887,1e-05
6354.2383,2169.122,5999.865,3390.2976,3762.4988,2716.386,3964.3381,1e-05
7.0628324,7.261921,7.930227,7.0362225,7.1034613,4.5292068,7.4101357,7.861845087452976
45.33149,43.69767,47.01759,23.626678,33.682133,63.88449,31.992409,1e-05
6354.2383,6013.7515,2191.8271,3254.2463,4895.618,7133.7607,1967.1033,1e-05
6.179644,6.318995,6.1876245,6.310728,6.1181955,6.4135118,6.2317557,5.633378168246678
47.19878,43.69767,48.1661,29.86278,35.725605,54.786545,31.73764,1e-05
6452.9985,6013.7515,6546.718,3390.2976,4895.618,6544.5693,3797.5103,1e-05
8.765217,7.6458845,8.688578,7.4657063,8.858111,3.7768273,8.496255,10.388519834519583
93.173645,90.82728,93.22537,85.70905,87.97961,66.62961,76.79964,82.75
6452.9985,2149.8103,6748.799,3447.996,4483.924,6544.5693,4210.529,1e-05
7.7606153,7.8586135,7.92998,7.8140655,8.414599,7.021382,7.9886775,9.626465882025757
48.876892,41.138786,50.1378,23.66753,36.455494,53.771282,34.829815,1e-05
6430.3804,6013.7515,6546.718,1263.2871,4895.618,6544.5693,1967.1033,1e-05
7.220137,7.445146,7.3597093,6.739048,7.8800616,7.021382,7.278713,7.13
44.74325,46.019085,44.961197,23.394417,33.143833,53.771282,29.763582,1e-05
6418.424,5013.001,2191.8271,3254.2463,4895.618,6544.5693,4210.529,1e-05
7.1466446,7.6076484,7.244721,6.830701,7.304347,6.1673317,7.1208906,7.7863571041846145
45.74881,41.67294,46.453976,77.28169,33.143833,50.8222,32.077274,1e-05
6430.3804,2169.122,5999.865,2827.027,4895.618,7594.669,3964.3381,1e-05
5.5419507,6.0613933,5.679155,7.4425216,5.2123923,6.4135118,5.7983904,3.6973862652661107
45.74881,46.019085,45.871555,23.394417,38.689724,53.771282,30.569643,1e-05
6430.3804,5013.001,6546.718,3254.2463,4744.1323,6544.5693,3797.5103,1e-05
7.929195,7.6241674,7.792295,10.784214,7.890198,8.705379,10.053952,8.41
94.76457,102.846344,101.221214,103.538345,88.22089,105.88815,97.3092,71.5
6452.9985,5013.001,6655.9404,3254.2463,4744.1323,6544.5693,3797.5103,1e-05
12.828482,12.322894,12.213575,12.407418,14.743584,12.148358,14.515314,9.402826892425757
112.75802,120.272385,125.34533,131.79922,141.1097,105.84997,143.69012,1e-05
1566.7258,6013.7515,6748.799,3390.2976,3762.4988,7133.7607,3797.5103,1e-05
8.058953,7.819675,10.577127,11.219377,7.9803514,7.478652,9.640003,8.348885101593833
47.19878,40.242065,45.459595,29.86278,33.682133,52.62371,31.992409,1e-05
6452.9985,5973.7466,2191.8271,3390.2976,4895.618,7594.669,1967.1033,1e-05
7.5994415,9.031144,7.4581537,7.2134466,7.93475,4.5292068,7.717869,7.3523870954117845
47.19878,46.512913,45.98039,24.892933,32.53788,63.88449,49.662304,1e-05
6452.9985,2169.122,6748.799,2827.027,3762.4988,7133.7607,3964.3381,1e-05
6.151223,6.0632267,6.336931,5.7761245,6.041729,6.441403,6.095398,5.644473836687906
47.426003,46.512913,47.01759,24.892933,37.527035,53.779705,31.992409,1e-05
6430.3804,2169.122,2191.8489,2827.027,4744.1323,2716.386,1967.1033,1e-05
11.600016,12.474332,8.238729,9.136464,10.528538,9.440459,8.897463,7.45
130.88391,138.80644,90.51614,100.62713,145.16005,132.12988,119.45656,344.8656397216814
6926.258,6273.7617,6919.209,1357.3689,4537.9,8226.123,4024.3127,1e-05
5.6000576,10.781209,9.917587,5.131264,3.2051618,8.442615,6.247032,22.83
122.46519,146.14583,98.23433,189.43446,120.44772,103.748,106.92853,213.12
1566.7258,6013.7515,6919.209,3663.1772,5046.963,8226.123,2140.306,1e-05
8.205978,8.096775,8.170317,6.7786193,8.661261,3.7768273,7.705731,10.768811408157159
99.08996,94.01966,99.84089,87.03174,86.79179,66.62961,76.08808,71.62
6430.3804,6013.7515,5999.865,1263.2871,1949.2821,6544.5693,3964.3381,1e-05
7.282026,7.284917,7.757944,8.0699005,8.1208,8.120292,7.9886775,8.864144993691689
44.874134,46.019085,45.03639,25.230476,32.72127,59.897537,34.829815,1e-05
6354.2383,5013.001,2191.8271,3254.2463,3762.4988,2716.386,1967.1033,1e-05
7.220137,7.445146,6.9148345,7.17658,7.8800616,7.6374364,7.134256,6.85
44.74325,46.019085,46.453976,22.891008,33.143833,49.42447,32.077274,1e-05
6418.424,5013.001,5999.865,3390.2976,4895.618,7133.7607,3964.3381,1e-05
7.4338737,7.3230276,7.2686415,6.830701,7.312479,7.6374364,7.158544,7.6693870760755996
45.093674,46.019085,45.29624,77.28169,36.949135,49.42447,27.756369,1e-05
1566.7258,5013.001,6655.9404,2827.027,4744.1323,7133.7607,4054.961,1e-05
5.29235,6.0613933,5.786093,7.4425216,5.583885,6.441403,5.4929247,3.6062192294606437
44.874134,46.019085,45.29624,23.394417,32.72127,54.359318,29.763582,1e-05
6354.2383,5013.001,6655.9404,3254.2463,3762.4988,2716.386,4210.529,1e-05
11.8198395,9.788406,4.0302944,8.010314,5.032535,8.051968,8.210487,15.28
92.20306,54.375378,78.67516,80.766975,69.07359,66.109695,54.968517,187.83417690520824
6366.3105,6273.7617,7177.0337,3933.161,2079.3762,6959.282,4537.409,1e-05
7.678235,7.332446,12.142945,13.700644,12.927381,7.775276,7.4522347,1e-05
103.79309,102.91073,88.61636,47.200874,84.941376,103.748,79.449425,103.51
6935.849,6273.7617,6842.6587,3933.161,4537.9,8226.123,4537.409,1e-05
2.7854283,7.153621,4.5866337,3.3114567,4.1243815,3.1209111,4.2675095,1e-05
340.46936,98.61322,105.88983,100.136925,96.8853,216.53018,220.25365,477.8767232807711
6452.9985,5619.0996,2673.9038,1606.6936,4704.807,2780.5593,3797.5103,1e-05
3.0223246,11.565014,6.160819,7.834976,4.6794615,9.398742,8.379975,1e-05
94.547226,101.21227,114.63135,101.01138,46.989967,92.97229,45.60166,502.01
1566.7258,5585.8247,5999.865,2831.1003,4905.9434,6544.5693,1972.4944,1e-05
6.884052,9.175642,5.690058,8.658802,6.033132,9.398742,2.860128,12.153747492657294
73.73147,39.22055,192.30199,107.94282,32.53788,49.571404,127.355644,1e-05
6452.9985,5585.8247,6541.5405,3447.996,3762.4988,6544.5693,3964.3381,1e-05
7.435223,9.446865,6.52115,9.227716,8.130335,6.4226904,3.8899186,12.86
47.12702,39.22055,48.44158,24.139551,31.82753,53.744972,30.359066,1e-05
6354.2383,5585.8247,2211.2898,3254.2463,4905.9434,7594.669,4054.961,1e-05
7.5403905,9.594731,7.8548503,10.486864,9.665753,9.23376,5.190054,13.29
47.12702,50.85902,46.75268,26.70731,62.24091,53.779705,48.59557,1e-05
6354.2383,5013.001,2204.8403,1271.4443,4415.1885,3482.6875,3964.3381,1e-05
8.025135,8.067691,6.3768907,8.539539,7.6084743,3.0888317,5.0464873,9.06
153.72786,54.375378,103.963234,132.68378,74.989136,175.59653,83.65942,40.56
6935.849,6273.7617,6262.323,3125.6697,5046.963,6959.282,4210.529,1e-05
5.3758636,3.9731314,5.207015,6.756927,4.4420543,6.984827,6.269218,1e-05
71.07646,108.711426,101.29361,93.50675,122.579636,118.101395,205.74988,98.37
7310.928,2366.3953,7177.0337,3933.161,2616.6387,7555.9067,4054.961,1e-05
3.7804778,6.348981,5.2310586,6.216814,7.574118,7.574842,6.974202,1e-05
88.44134,98.61322,62.103275,138.18115,71.91211,84.84419,83.03586,100.52
1566.7258,5641.9497,2191.8271,3390.2976,3762.4988,7686.1787,3797.5103,1e-05
7.2169576,11.59046,5.81727,7.2441707,8.204504,7.6768727,9.44134,1e-05
54.670647,101.21227,52.748325,23.66753,77.25405,50.422337,37.924,120.05
6354.2383,5641.9497,6546.718,1263.2871,3762.4988,7686.1787,1967.1033,1e-05
6.187447,3.4405932,7.021292,7.456808,6.819795,7.398421,7.1370015,9.79
45.3313,43.69767,45.871555,22.891008,33.143833,63.0179,37.70976,1e-05
6418.424,6013.7515,6546.718,3390.2976,4895.618,7133.7607,3797.5103,1e-05
6.706719,10.216129,10.143889,9.428907,7.858821,7.363014,6.4201775,8.977452396414362
45.3313,41.67294,45.98039,23.033943,35.475334,53.779705,27.587057,1e-05
6418.424,2169.122,6748.799,3447.996,4744.1323,2716.386,4054.961,1e-05
5.8440814,6.412902,9.3837385,4.6516643,9.296414,8.2217045,5.7810345,9.130400166930233
45.74881,41.67294,45.98039,23.033943,30.339912,50.8222,29.003778,1e-05
6430.3804,2169.122,6748.799,3447.996,2268.631,7594.669,4054.961,1e-05
6.389408,8.188131,7.1518307,6.070107,6.2080975,7.411223,8.710515,10.231684075468943
100.82385,124.66212,101.946434,115.36448,92.466934,145.35606,195.41986,1e-05
6935.849,6199.8813,2191.1997,3125.6697,2079.3762,2966.695,4054.961,1e-05
5.697005,6.6467795,4.6285825,6.1739397,2.1132398,7.4071875,6.976143,4.67
79.77589,102.91073,78.882,83.06008,82.70232,107.49362,79.33599,90.56
6726.317,6273.7617,2191.1997,1357.3689,4999.9233,7555.9067,4210.529,1e-05
8.147922,8.350409,7.9807167,8.750967,8.414599,8.120292,7.9886775,6.941506114077418
49.42767,40.988575,47.27199,25.091997,36.455494,59.897537,34.829815,1e-05
1566.7258,5973.7466,5999.865,2827.027,4895.618,2716.386,1967.1033,1e-05
8.147922,8.350409,7.92998,8.673516,8.414599,8.120292,7.9886775,8.4
49.42767,40.988575,50.1378,24.537922,36.455494,59.897537,34.829815,1e-05
1566.7258,5973.7466,6546.718,3447.996,4895.618,2716.386,1967.1033,1e-05
8.177759,8.238183,7.9800663,7.8140655,8.1208,7.960654,7.9886775,7.251407828117277
44.74325,41.82335,45.29624,23.66753,32.72127,49.42447,34.829815,1e-05
6418.424,2149.8103,6655.9404,1263.2871,3762.4988,7133.7607,1967.1033,1e-05
7.7606153,7.284917,7.757944,8.750967,8.1208,7.9401245,7.842653,8.97
48.876892,46.019085,45.03639,25.091997,32.72127,50.073734,30.61281,1e-05
6430.3804,5013.001,2191.8271,2827.027,3762.4988,7594.669,4210.529,1e-05
7.282026,7.284917,7.757944,8.673516,7.8143396,7.021382,7.842653,11.03
44.874134,46.019085,45.03639,24.537922,32.376305,53.771282,30.61281,1e-05
6354.2383,5013.001,2191.8271,3447.996,1949.2821,6544.5693,4210.529,1e-05
7.7606153,8.350409,7.92998,7.8140655,8.414599,8.120292,7.9523687,6.784351485690753
48.876892,40.988575,50.1378,23.66753,36.455494,59.897537,35.92017,1e-05
6430.3804,5973.7466,6546.718,1263.2871,4895.618,2716.386,3964.3381,1e-05
11.914671,11.972977,11.9166975,13.728261,14.743584,11.192764,13.86561,9.479631015142045
133.96407,119.6295,121.47498,124.59498,141.1097,124.08412,125.48296,1e-05
6452.9985,5013.001,5999.865,1263.2871,3762.4988,6544.5693,1967.1033,1e-05
11.982362,11.972977,10.955912,13.728261,14.743584,8.582686,11.06058,14.124704815616926
111.429634,119.6295,91.7168,124.59498,141.1097,105.09191,93.773796,163.41
6354.2383,5013.001,6546.718,1263.2871,3762.4988,7686.1787,4210.529,1e-05
12.828482,11.972977,11.9166975,12.407418,13.2717495,10.635131,10.686046,22.42
112.75802,119.6295,121.47498,131.79922,110.40818,109.38275,110.34435,174.46
1566.7258,5013.001,5999.865,3390.2976,1949.2821,7594.669,3964.3381,1203.84
11.922643,12.322894,12.125155,12.407418,11.111319,8.582686,11.06058,18.83
109.14065,120.272385,119.11434,131.79922,97.73515,105.09191,93.773796,197.70246266997796
6418.424,6013.7515,6655.9404,3390.2976,4895.618,7686.1787,4210.529,1e-05
12.828482,11.678318,10.955912,13.037707,13.2717495,12.148358,12.901105,13.14
112.75802,107.136246,91.7168,105.76663,110.40818,105.84997,109.24947,213.7955268102782
1566.7258,5973.7466,6546.718,2827.027,1949.2821,7133.7607,4054.961,1e-05
11.914671,11.678318,10.955912,10.941529,11.111319,8.582686,11.06058,27.29
133.96407,107.136246,91.7168,109.35152,97.73515,105.09191,93.773796,188.31
6452.9985,5973.7466,6546.718,3447.996,4895.618,7686.1787,4210.529,1e-05
2.9317923,2.7021985,2.900427,1.6060224,2.5385733,3.8243146,1.9694319,1e-05
162.7144,71.066635,102.79994,50.976147,107.04848,98.39798,61.832924,159.85502602062513
9080.979,10610.78,11604.924,6563.455,7993.414,14476.887,9853.104,8706.62
2.9032931,2.5735443,3.2493606,1.5362464,2.0431516,3.3117104,1.8774064,1e-05
174.20445,174.44214,174.1916,192.3759,184.52733,183.7796,188.28656,107.17
7291.4624,8354.232,5583.1763,5632.7153,7711.6416,8785.565,5056.7065,3792.69
15.719466,19.429743,10.833137,22.669004,20.795824,9.217292,9.1824,1e-05
170.78253,57.17994,59.12607,192.18352,120.25983,113.48638,120.717316,143.84
2563.931,2149.8103,6575.9727,3485.3708,4944.997,7686.1787,3917.155,2376.51
15.719466,19.429743,10.833137,24.86956,20.795824,3.3495302,1.9952674,15.42
150.85333,57.17994,59.12607,192.18352,109.74404,132.19624,102.9356,116.86
2563.931,2149.8103,6575.9727,3485.3708,4944.997,7167.902,5510.3184,1770.6
15.719466,12.211964,16.370253,12.149655,20.795824,6.16543,11.100803,38.59
123.05507,123.78564,118.02582,118.034225,123.12497,118.05588,119.965576,254.69
2563.931,6319.9233,6876.8755,3737.2383,4650.1587,6621.1357,4043.6165,1e-05
16.926008,18.070263,10.637126,25.737083,14.685253,16.59494,22.451323,30.28
190.39757,210.60925,167.62897,177.21262,193.54143,197.31738,202.52005,131.92
6543.2505,2149.8103,6756.13,3490.0364,3882.4517,2716.386,3917.155,1e-05
19.766489,16.73446,16.370253,16.078922,16.130125,18.603058,22.451323,17.1
120.13566,120.29954,121.30928,144.98354,123.10672,118.817474,111.217995,100.0
6371.386,5905.9746,6876.8755,3490.0364,4836.643,7631.5234,3917.155,1e-05
